Venue Name,Purchase ID,Dynamic Time Delivered,Order Number,Rating of Goods,Goods Items Full Amount,Customer Feedback
METRO Express Agias Fylaxeos,69f57fd1087ad842395be24c,2026-05-02,618,5,66.41,
METRO Express Aglantzia,69f4d763799c338e931cf295,2026-05-02,928,5,161.82,
METRO Express Platy,69f56dfd2f462347632ab8ab,2026-05-02,384,5,35.3,
METRO Express Strovolos,69f5847d2f462347632ad0f4,2026-05-02,014,5,20.09,
METRO Express Larnaca,69f45cb3f8bba5d97c6a0cdb,2026-05-02,769,5,159.93,
METRO Express Aglantzia,69f58f57af8d37cf75359f76,2026-05-02,941,4,49.95,
METRO Express Paralimni,69f58ba75224bd632f1a9682,2026-05-02,695,5,49.09,
METRO Express Larnaca,69f544d5cb259cd8e5862ed5,2026-05-02,793,4,36.69,
METRO Express Agias Fylaxeos,69f58bf6beb4fb22fd9aa3a3,2026-05-02,627,4,78.53,
METRO Express Agias Fylaxeos,69f586b413cc08d99ff1de73,2026-05-02,620,5,61.63,
METRO Express Paralimni,69f5965585cb22f849ed72bf,2026-05-02,704,5,36.48,
METRO Express Agias Fylaxeos,69f59375653b93582503c5a9,2026-05-02,645,1,28.88,
METRO Express Aglantzia,69f5a8fb0f4d575e3f400255,2026-05-02,970,1,93.62,
METRO Express Paralimni,69f59c85fbdf2f0aecd31c7a,2026-05-02,710,4,57.51,
METRO Express Strovolos,69f5b584ef1f33352dcc5760,2026-05-02,072,5,35.99,
METRO Express Agias Fylaxeos,69f4776d259430c215edab2e,2026-05-02,603,3,80.08,
METRO Express Mouttagiaka,69f53a8a7e771a6d38bc100c,2026-05-02,935,5,25.09,
METRO Express Agias Fylaxeos,69f598d9715a67abc716bb41,2026-05-02,656,1,18.25,
METRO Express Aglantzia,69f5c121f3c4f2fd42ecb847,2026-05-02,990,5,42.02,
METRO Express Strovolos,69f5b311be000fd808dff845,2026-05-02,065,5,122.77,
METRO Express Mouttagiaka,69f57288d247e0698560e018,2026-05-02,937,5,39.03,
METRO Express Paralimni,69f5c58a6e9e8ccfced62e13,2026-05-02,730,5,79.68,
METRO Express Platy,69f5bd62a9464917ffcc5ce9,2026-05-02,419,1,112.03,
METRO Express Aglantzia,69f5d2f4fceef325d6fdc8af,2026-05-02,010,5,18.33,
METRO Express Aglantzia,69f5bedb8aeb8c0846b9c937,2026-05-02,988,5,23.62,
METRO Express Agias Fylaxeos,69f5bf4bf6945a53ca56d0a4,2026-05-02,689,5,36.81,
METRO Express Strovolos,69f5d31a0802eafffdffbbd1,2026-05-02,132,5,29.3,
METRO Express Larnaca,69f5c463ae17f79be3ad312e,2026-05-02,852,5,59.04,
METRO Express Strovolos,69f5d3fde6011b5eea57f21a,2026-05-02,134,5,39.75,
METRO Express Aglantzia,69f5d73fde8722febfd5aae8,2026-05-02,016,5,27.85,
METRO Express Agias Fylaxeos,69f5be93ab51bba78ed2afaa,2026-05-02,687,5,121.7,
METRO Express Aglantzia,69f5d2edd69ad0b2c3d80300,2026-05-02,009,5,127.11,
METRO Express Mouttagiaka,69f5d3c3d7c95da266cd4183,2026-05-02,001,5,64.84,
METRO Express Paralimni,69f5c75886a8eadd0417e1b2,2026-05-02,735,1,34.22,
METRO Express Mouttagiaka,69f5dc8fd2b6e5568d5f2e69,2026-05-02,011,4,23.25,
METRO Express Larnaca,69f5c62fe498cf55ff603e63,2026-05-02,862,5,84.47,
METRO Express Larnaca,69f5d11aba7685e66e049be9,2026-05-02,869,3,37.41,
METRO Express Agias Fylaxeos,69f5d41e823bf939bb51e522,2026-05-02,708,5,84.34,
METRO Express Paralimni,69f5d748afe3284d1abef196,2026-05-02,765,5,46.81,
METRO Express Strovolos,69f5e4ddce3633103202643c,2026-05-02,161,5,101.01,
METRO Express Agias Fylaxeos,69f5d5543166f756be246c8a,2026-05-02,710,5,58.94,
METRO Express Larnaca,69f5ddb06f1510d4e0d7a20e,2026-05-02,878,5,91.44,
METRO Express Strovolos,69f5eab457bfb9553637d8f9,2026-05-02,168,5,26.53,
METRO Express Mouttagiaka,69f5e6872c6de363e0c1a92b,2026-05-02,027,5,74.26,
METRO Express Larnaca,69f5de4c9df3d3bc714e1079,2026-05-02,881,4,51.39,
METRO Express Paralimni,69f5eec52686b6abb7ff371f,2026-05-02,784,5,15.35,
METRO Express Aglantzia,69f5e8930ae504f1e0e8390d,2026-05-02,031,5,217.47,
METRO Express Mouttagiaka,69f5ecd82686b6abb7ff3412,2026-05-02,045,5,28.68,
METRO Express Aglantzia,69f5f52cf4a255b71436fbdc,2026-05-02,040,5,47.49,
METRO Express Larnaca,69f5e6fefceef325d6fdea43,2026-05-02,895,5,69.13,
METRO Express Paralimni,69f5f3066ebd7ab7ceeb734c,2026-05-02,792,4,28.48,
METRO Express Agias Fylaxeos,69f5ec14e2a15fe4e4b62c3d,2026-05-02,724,4,74.13,
METRO Express Aglantzia,69f601829bd6e468fe006d50,2026-05-02,056,5,30.72,
METRO Express Larnaca,69f5f536f77525beb002e536,2026-05-02,904,2,49.57,
METRO Express Mouttagiaka,69f5e9a1ffeb34653d1fb3dd,2026-05-02,032,4,18.98,
METRO Express Larnaca,69f5f785e846f62a56594180,2026-05-02,907,5,94.61,
METRO Express Platy,69f5f6b61886df342f38dea8,2026-05-02,450,5,117.19,
METRO Express Aglantzia,69f605082df40702fb0d8226,2026-05-02,061,4,23.83,
METRO Express Aglantzia,69f60a43dc63eaf9ecc2275f,2026-05-02,070,5,21.53,
METRO Express Strovolos,69f6007aba32ad5b54169bb4,2026-05-02,197,5,93.45,
METRO Express Mouttagiaka,69f60dc42c18185e77f234b2,2026-05-02,080,5,34.46,
METRO Express Platy,69f60d5ed987c6d6345ace92,2026-05-02,464,5,23.03,
METRO Express Larnaca,69f5a9a2f7c95d14dddfe9df,2026-05-02,836,5,30.27,
METRO Express Larnaca,69f5fd6371f9fd81040fca4f,2026-05-02,914,3,42.97,
METRO Express Strovolos,69f61e1278922def7dd4059b,2026-05-02,216,5,21.9,
METRO Express Aglantzia,69f60f87252457232b2e6d3b,2026-05-02,080,4,62.83,
METRO Express Strovolos,69f61e761448a43c50d26619,2026-05-02,217,5,45.84,
METRO Express Paralimni,69f61c022baba6040ac1c4ac,2026-05-02,820,4,28.76,
METRO Express Strovolos,69f620901fa5fe83bca8af3f,2026-05-02,220,5,45.9,
METRO Express Mouttagiaka,69f613780d7844c27dd1ecb1,2026-05-02,090,4,29.1,
METRO Express Mouttagiaka,69f6273ba2bd79d9ae6c8571,2026-05-02,096,4,45.52,
METRO Express Aglantzia,69f6192eb73ec52ea8d124da,2026-05-02,096,5,37.35,
METRO Express Mouttagiaka,69f6187d087379907a4b1f1f,2026-05-02,093,5,69.17,
METRO Express Aglantzia,69f6151a8fd315a219a112a3,2026-05-02,086,5,67.42,
METRO Express Strovolos,69f61c9e1890d21b00c412f5,2026-05-02,214,4,150.51,
METRO Express Aglantzia,69f61eb87b055f053d319ac6,2026-05-02,100,5,92.47,
METRO Express Mouttagiaka,69f627c027e2e672e0e5ddf3,2026-05-02,098,5,11.44,
METRO Express Strovolos,69f6ed64cef0eae14611ce77,2026-05-03,246,5,98.38,
METRO Express Aglantzia,69f6eaf1ffcc1239a464f071,2026-05-03,119,5,54.57,
METRO Express Larnaca,69f5bc2761d40064c9fb538a,2026-05-03,840,5,89.15,
METRO Express Agias Fylaxeos,69f6cd71a7c250def8c6432f,2026-05-03,751,4,129.59,
METRO Express Larnaca,69f6dd134c78b1995d0a818b,2026-05-03,948,5,69.26,
METRO Express Agias Fylaxeos,69f62a17943b98d624f7f712,2026-05-03,748,3,55.59,
METRO Express Agias Fylaxeos,69f6eba867f128f76a72a534,2026-05-03,758,5,102.5,
METRO Express Paralimni,69f6f550be24ac9d4709d445,2026-05-03,848,5,31.36,
METRO Express Strovolos,69f6f4df78effb6968632977,2026-05-03,256,5,71.31,
METRO Express Agias Fylaxeos,69f6ef5986c849c1ed29b32f,2026-05-03,762,5,47.24,
METRO Express Aglantzia,69f704a16ba2ec5f3084c1e1,2026-05-03,139,5,34.06,
METRO Express Platy,69f6f81a4c003b37a3345485,2026-05-03,499,5,64.35,
METRO Express Strovolos,69f6f373c51f9dbbb044d1cc,2026-05-03,254,4,66.51,
METRO Express Larnaca,69f6d9914e3afbe601c19eac,2026-05-03,946,5,32.79,
METRO Express Larnaca,69f64e4ffc3e0bcba29e7123,2026-05-03,935,4,57.74,
METRO Express Larnaca,69f7044379bd7bd960aea5e2,2026-05-03,978,5,18.25,
METRO Express Strovolos,69f6f9f23e31f90ab4d35227,2026-05-03,263,5,36.3,
METRO Express Larnaca,69f7006d571765fceff07051,2026-05-03,965,5,42.66,
METRO Express Agias Fylaxeos,69f6f57363c7148ee77c8882,2026-05-03,771,5,48.26,
METRO Express Strovolos,69f710934a6a2b8b89f4beba,2026-05-03,277,5,25.03,
METRO Express Paralimni,69f6fe6fb789532d6aedc316,2026-05-03,861,3,35.25,
METRO Express Mouttagiaka,69f709ca6664123fcbafd22b,2026-05-03,120,5,55.34,
METRO Express Mouttagiaka,69f71341ee3851f9bcbc1e42,2026-05-03,130,5,53.03,
METRO Express Aglantzia,69f70ed74ef0d0197fe7b05a,2026-05-03,152,5,48.38,
METRO Express Agias Fylaxeos,69f702d405dab87b54883f0e,2026-05-03,792,3,29.49,
METRO Express Agias Fylaxeos,69f702bbac3cd9699b8f687f,2026-05-03,791,4,33.45,
METRO Express Larnaca,69f70d0345ad89976e9c997e,2026-05-03,987,5,44.68,
METRO Express Strovolos,69f7188808822985ab446c2d,2026-05-03,288,5,44.29,
METRO Express Paralimni,69f70099bbbc0111ad802646,2026-05-03,866,5,122.24,
METRO Express Paralimni,69f70e0ef060b725c17cf285,2026-05-03,877,3,100.58,
METRO Express Paralimni,69f713b26cd51e2472948b00,2026-05-03,880,2,69.48,
METRO Express Larnaca,69f71d9f12cd557d4ac9e4ad,2026-05-03,003,5,41.56,
METRO Express Platy,69f705611e49d802786cffcb,2026-05-03,515,5,73.12,
METRO Express Mouttagiaka,69f71a6859f903f985190197,2026-05-03,152,4,18.43,
METRO Express Agias Fylaxeos,69f70767aa20be483ea257da,2026-05-03,799,4,85.31,
METRO Express Larnaca,69f71c840bb1d0010c650bb0,2026-05-03,002,5,41.63,
METRO Express Larnaca,69f71e20e7b82e2e4981c235,2026-05-03,006,5,32.49,
METRO Express Strovolos,69f7298220c7bbd76e3f03db,2026-05-03,312,5,45.8,
METRO Express Mouttagiaka,69f717de4dcd897201742292,2026-05-03,146,5,20.81,
METRO Express Paralimni,69f71fd5802c8fd615f78655,2026-05-03,893,4,67.57,
METRO Express Paralimni,69f618df824ed9324d218167,2026-05-03,819,5,232.76,
METRO Express Strovolos,69f730f786c77e61ffb766e8,2026-05-03,326,5,65.24,
METRO Express Strovolos,69f72ed5dbb85793e2bd795c,2026-05-03,318,5,35.82,
METRO Express Agias Fylaxeos,69f70008887938dd274b3312,2026-05-03,783,4,404.52,
METRO Express Larnaca,69f7258b24a9bc8897a81bb1,2026-05-03,015,5,64.97,
METRO Express Larnaca,69f7200242e132b3f4a7cadb,2026-05-03,009,5,70.96,
METRO Express Larnaca,69f71e333f384bf26f2abb54,2026-05-03,007,5,92.49,
METRO Express Agias Fylaxeos,69f733df9b95d70e2d6c6eb0,2026-05-03,822,5,21.32,
METRO Express Paralimni,69f72b030acc0a26a0e36bac,2026-05-03,903,5,45.86,
METRO Express Aglantzia,69f74052765179756b498ec4,2026-05-03,186,5,20.17,
METRO Express Paralimni,69f72ebf76a92ba64f76257f,2026-05-03,904,5,61.66,
METRO Express Agias Fylaxeos,69f73dc5b00f1164478f89f0,2026-05-03,838,4,33.35,
METRO Express Mouttagiaka,69f7434c8c4e85b9cecebc37,2026-05-03,212,5,32.52,
METRO Express Mouttagiaka,69f74681cd83407cfa7c72e1,2026-05-03,213,5,20.83,
METRO Express Agias Fylaxeos,69f73d44fbb5fe5d735ba960,2026-05-03,834,3,114.63,
METRO Express Mouttagiaka,69f74768c9b1714954c483dd,2026-05-03,214,5,17.92,
METRO Express Larnaca,69f7321b9204fa0b47bc4091,2026-05-03,036,4,120.31,
METRO Express Strovolos,69f746a7fd6d8df6928e508e,2026-05-03,363,5,63.54,
METRO Express Aglantzia,69f735a74efc3b5f2d78d60d,2026-05-03,180,3,86.64,
METRO Express Mouttagiaka,69f73eb20d99574a5c5e58d8,2026-05-03,203,2,77.88,
METRO Express Mouttagiaka,69f7528fb9049c765d0ddf6e,2026-05-03,230,4,53.17,
METRO Express Larnaca,69f74e08d6aaf80a5e90b0ec,2026-05-03,054,5,39.56,
METRO Express Platy,69f748cec9b1714954c4860c,2026-05-03,545,5,42.47,
METRO Express Mouttagiaka,69f7493db9475c7bc6ab2345,2026-05-03,217,4,20.97,
METRO Express Aglantzia,69f756e4de6ca053873e8c34,2026-05-03,210,5,20.01,
METRO Express Agias Fylaxeos,69f74fdeb2f4795a4cbf4b96,2026-05-03,877,4,30.66,
METRO Express Aglantzia,69f75fc697b657ae61454597,2026-05-03,227,3,55.34,
METRO Express Agias Fylaxeos,69f74aaf86bc6a25140d723f,2026-05-03,862,4,48.56,
METRO Express Mouttagiaka,69f76535c09a32b88846ef36,2026-05-03,268,5,48.1,
METRO Express Aglantzia,69f76002766092d8656ab58a,2026-05-03,229,3,31.98,
METRO Express Platy,69f76a00abbe70757540c35e,2026-05-03,557,2,40.2,
METRO Express Platy,69f768aa35fe358b4ccbc1b7,2026-05-03,556,5,93.32,
METRO Express Platy,69f77b760e3ad1b1796d2e54,2026-05-03,565,5,44.31,
METRO Express Mouttagiaka,69f7798fa1ff3955702cc59a,2026-05-03,281,5,219.83,
METRO Express Larnaca,69f82baf607da663462dc3d5,2026-05-04,106,5,36.84,
METRO Express Larnaca,69f82a66b6734dcab822656e,2026-05-04,103,5,23.19,
METRO Express Larnaca,69f8271d607da663462dbc38,2026-05-04,102,5,57.9,
METRO Express Strovolos,69f78f21405f27c6ea530e91,2026-05-04,403,5,23.65,
METRO Express Larnaca,69f832890aeefa1841f8532c,2026-05-04,111,5,91.7,
METRO Express Larnaca,69f833aa7d6c5f208e395ae8,2026-05-04,113,4,27.3,
METRO Express Platy,69f83ba70040ac9cc49b6963,2026-05-04,574,4,31.67,
METRO Express Paralimni,69f8231349f199f3cf427604,2026-05-04,961,1,123.07,
METRO Express Mouttagiaka,69f71fa23187c42299eac3d9,2026-05-04,153,4,38.3,
METRO Express Paralimni,69f83162e019107813b8590b,2026-05-04,963,5,118.46,
METRO Express Strovolos,69f83b9d2e3d937ba17a99e0,2026-05-04,426,5,91.77,
METRO Express Aglantzia,69f83c2f49f199f3cf42a0f3,2026-05-04,269,3,64.06,
METRO Express Larnaca,69f83c6e2789761c2a87b974,2026-05-04,130,5,43.06,
METRO Express Aglantzia,69f844d66f4c35db727e52d1,2026-05-04,275,5,54.83,
METRO Express Strovolos,69f84534ba824e9780636fc1,2026-05-04,441,5,93.79,
METRO Express Mouttagiaka,69f8467013c69cc2d7728cc4,2026-05-04,299,5,34.13,
METRO Express Mouttagiaka,69f7d41c89db2bf0e9300957,2026-05-04,287,5,32.13,
METRO Express Platy,69f8511a52971f14ebef3065,2026-05-04,585,5,29.69,
METRO Express Paralimni,69f846e56d983222c49d8f91,2026-05-04,975,5,43.66,
METRO Express Larnaca,69f845b2bf5693677d89dce0,2026-05-04,144,5,52.36,
METRO Express Agias Fylaxeos,69f844711bd4918d75d54efa,2026-05-04,956,5,76.69,
METRO Express Mouttagiaka,69f84ead79e6a5d56e2a754a,2026-05-04,320,5,76.73,
METRO Express Mouttagiaka,69f84d856c71341a741059b3,2026-05-04,317,5,49.92,
METRO Express Agias Fylaxeos,69f84004c8a292c60ae1c6b1,2026-05-04,950,4,185.75,
METRO Express Agias Fylaxeos,69f8522a9cc68baedf5cec91,2026-05-04,974,5,10.02,
METRO Express Larnaca,69f859c22539a40c968d4d96,2026-05-04,168,5,50.39,
METRO Express Larnaca,69f85da6c5a9d3e13035a84e,2026-05-04,178,5,48.03,
METRO Express Aglantzia,69f862ac9306854ddb52cb0a,2026-05-04,303,5,54.93,
METRO Express Larnaca,69f85cf5c248258ec8fe64dd,2026-05-04,175,5,37.97,
METRO Express Strovolos,69f868723da867e9a11e16ea,2026-05-04,486,5,40.47,
METRO Express Aglantzia,69f864effff5fc01a17e5e2e,2026-05-04,304,5,55.13,
METRO Express Strovolos,69f865e5be9e8ccd1bb20be1,2026-05-04,484,5,42.14,
METRO Express Aglantzia,69f86c17fe972b046c0b21c1,2026-05-04,305,5,47.51,
METRO Express Larnaca,69f86b2782f24e0c9a7ad6e4,2026-05-04,194,5,26.39,
METRO Express Mouttagiaka,69f86c8a5e25c17d59598ea4,2026-05-04,350,5,53.93,
METRO Express Strovolos,69f871f478fb74ccacf4bf57,2026-05-04,495,5,30.82,
METRO Express Strovolos,69f870d34f694bbaf27c7adb,2026-05-04,494,4,74.47,
METRO Express Paralimni,69f8718fd54724f2300c55ac,2026-05-04,007,5,30.58,
METRO Express Paralimni,69f8709b2fd59f6db1061502,2026-05-04,006,4,40,
METRO Express Larnaca,69f8732320d52eeb647bb888,2026-05-04,207,4,77.67,
METRO Express Mouttagiaka,69f874cc5622c7f06dc66137,2026-05-04,365,5,25.44,
METRO Express Aglantzia,69f87683d85c53c823e8c7d2,2026-05-04,315,5,33.48,
METRO Express Agias Fylaxeos,69f86df23da867e9a11e1fbd,2026-05-04,002,5,49.19,
METRO Express Agias Fylaxeos,69f86c3a5176cc6bafe2e906,2026-05-04,000,3,43.82,
METRO Express Agias Fylaxeos,69f876d0094e51ef8f9fb896,2026-05-04,008,5,46.77,
METRO Express Mouttagiaka,69f876d2328c6e4240935da2,2026-05-04,374,4,48.12,
METRO Express Paralimni,69f872f63d3e9817757c9f0d,2026-05-04,008,5,168.51,
METRO Express Larnaca,69f87a49a8092e4c7de3987c,2026-05-04,221,5,47.87,
METRO Express Strovolos,69f88193df02072909ede689,2026-05-04,511,5,19.88,
METRO Express Mouttagiaka,69f8762018b5027042dcd890,2026-05-04,371,5,65.87,
METRO Express Paralimni,69f88353e327fe2d20426015,2026-05-04,020,5,50.21,
METRO Express Strovolos,69f85f5b563d115b6ad35be4,2026-05-04,481,5,44.88,
METRO Express Larnaca,69f878d60b3d6e5ab41cb63e,2026-05-04,218,2,85.82,
METRO Express Platy,69f872fb5459501ceafec970,2026-05-04,593,5,33.66,
METRO Express Paralimni,69f8780a5beccb26e0b9aef8,2026-05-04,011,5,39.85,
METRO Express Agias Fylaxeos,69f884940f56e69a6e0fd3e3,2026-05-04,031,5,65.6,
METRO Express Agias Fylaxeos,69f885c7f74b5c94d58520c0,2026-05-04,032,5,48.89,
METRO Express Larnaca,69f889607bb76db448c59978,2026-05-04,245,5,9.82,
METRO Express Mouttagiaka,69f88899301c315f6890edef,2026-05-04,390,5,50.52,
METRO Express Agias Fylaxeos,69f882628ec0d09722131f75,2026-05-04,028,5,12.62,
METRO Express Paralimni,69f88eef73d820978e1650a7,2026-05-04,027,5,31.25,
METRO Express Larnaca,69f88c0676bdd24fedd4d19a,2026-05-04,248,5,60.55,
METRO Express Strovolos,69f8948c836514f6605729b8,2026-05-04,528,5,46.43,
METRO Express Aglantzia,69f85feb399b1e49d8d405df,2026-05-04,300,5,131.04,
METRO Express Mouttagiaka,69f887cf31af51f8ce2a95f4,2026-05-04,389,5,233.45,
METRO Express Agias Fylaxeos,69f892d7943a5072297174c8,2026-05-04,056,5,128.64,
METRO Express Larnaca,69f895d5405ed29ac796bff5,2026-05-04,261,5,50.12,
METRO Express Platy,69f88e0ec2b424cdbcc21265,2026-05-04,612,3,42.52,
METRO Express Platy,69f890e1073bc9bdc9485b8f,2026-05-04,616,5,37.81,
METRO Express Platy,69f8966e7c100a43fb14f623,2026-05-04,621,5,34.81,
METRO Express Paralimni,69f89cc9041ad094475412fa,2026-05-04,033,3,52.48,
METRO Express Mouttagiaka,69f89d7c2f88f2f0c2bb6754,2026-05-04,408,5,14.07,
METRO Express Mouttagiaka,69f89f1dffe8ca2f62d2a871,2026-05-04,410,5,23.5,
METRO Express Mouttagiaka,69f89fc21b7284253768d592,2026-05-04,411,5,66.63,
METRO Express Aglantzia,69f8a43f0ba8eb9188fa67ba,2026-05-04,357,5,10.42,
METRO Express Paralimni,69f8a4b8c620ff5f86263831,2026-05-04,047,4,93.42,
METRO Express Paralimni,69f8a252e31b96ca92310060,2026-05-04,046,1,37.3,
METRO Express Strovolos,69f8b2d872b8c7a63f23b444,2026-05-04,569,5,42.29,
METRO Express Agias Fylaxeos,69f8a1919379af421170e714,2026-05-04,077,4,71.97,
METRO Express Strovolos,69f7c461fc735da3ba53747b,2026-05-04,406,4,72.83,
METRO Express Mouttagiaka,69f86e785d3023d4b6d04b77,2026-05-04,356,3,60.83,
METRO Express Larnaca,69f8c17191dc44a13ad03a57,2026-05-04,323,5,18.99,
METRO Express Agias Fylaxeos,69f8c463ecc40b70911f6cce,2026-05-04,107,5,37.2,
METRO Express Paralimni,69f8cb897bfc8aa641f08f4c,2026-05-04,075,4,20.4,
METRO Express Platy,69f8c5f5080c30a42df99588,2026-05-04,642,5,36.88,
METRO Express Paralimni,69f8d086545e6d34e195a784,2026-05-04,076,1,21.64,
METRO Express Agias Fylaxeos,69f8cef38adc7982c8e743ab,2026-05-05,112,5,82.95,
METRO Express Strovolos,69f9679e6ebade180a38ba57,2026-05-05,608,2,25.42,
METRO Express Larnaca,69f95a3f5523f5f3a9ad4195,2026-05-05,338,5,42.24,
METRO Express Platy,69f97f94afaf5b2d4023df08,2026-05-05,650,5,49.24,
METRO Express Agias Fylaxeos,69f97d7e8e958ef5047342b2,2026-05-05,117,5,33.97,
METRO Express Agias Fylaxeos,69f97c0e30d6a190ecbba6e4,2026-05-05,116,5,42.07,
METRO Express Mouttagiaka,69f9769b2de01320a1d3fa3c,2026-05-05,457,5,32.05,
METRO Express Paralimni,69f9868e209e3c1f28578a15,2026-05-05,089,4,87.48,
METRO Express Mouttagiaka,69f90c5e911e9ae8bf4ef436,2026-05-05,456,5,40.16,
METRO Express Mouttagiaka,69f97eb557c8d69204bd63ff,2026-05-05,460,4,79.94,
METRO Express Agias Fylaxeos,69f98cf48676a879d836bdee,2026-05-05,128,5,43.38,
METRO Express Aglantzia,69f9868f30d6a190ecbbba62,2026-05-05,431,5,92.13,
METRO Express Mouttagiaka,69f991386ee33b6a8d0fb6c0,2026-05-05,470,4,66.37,
METRO Express Aglantzia,69f997a67492f617dd46c628,2026-05-05,448,5,28.26,
METRO Express Larnaca,69f9807ae4e2c6e58f0ba548,2026-05-05,354,5,95.49,
METRO Express Larnaca,69f99282681b4ff7fab4d4f9,2026-05-05,366,5,28.29,
METRO Express Strovolos,69f98fe5d74c10ff59244db1,2026-05-05,629,5,88.85,
METRO Express Agias Fylaxeos,69f994909ee87839042e2df0,2026-05-05,141,4,44.92,
METRO Express Agias Fylaxeos,69f9975f0ad1a12cceaf1fb3,2026-05-05,145,5,38.13,
METRO Express Strovolos,69f9a197b6819acaf020c073,2026-05-05,647,5,41.23,
METRO Express Larnaca,69f994f569286925958d053f,2026-05-05,371,5,38.77,
METRO Express Agias Fylaxeos,69f9a7231de28968d4935146,2026-05-05,160,5,48.06,
METRO Express Aglantzia,69f9aad69ceec244cd3bb16d,2026-05-05,464,5,50.66,
METRO Express Larnaca,69f99b6d35454deda513be20,2026-05-05,382,5,39.55,
METRO Express Mouttagiaka,69f9ab547592e970f6c74638,2026-05-05,501,5,25.16,
METRO Express Agias Fylaxeos,69f9a7b6a88aee06e9b6af0e,2026-05-05,161,1,48.11,
METRO Express Agias Fylaxeos,69f9af211058c6584db02817,2026-05-05,172,4,36.85,
METRO Express Mouttagiaka,69f9b2b973cf7c68635b2b2b,2026-05-05,512,5,39.7,
METRO Express Agias Fylaxeos,69f9af280d9cbfa02ec6c4bd,2026-05-05,173,5,71.99,
METRO Express Agias Fylaxeos,69f9ba37bd8fd0ae729f2acc,2026-05-05,186,5,38.15,
METRO Express Mouttagiaka,69f9c145279be05ab491e6b3,2026-05-05,519,5,67.44,
METRO Express Larnaca,69f9c01d797e96c7b934eca7,2026-05-05,399,5,56.8,
METRO Express Aglantzia,69f9ca821902dd51b21279dc,2026-05-05,482,5,20.25,
METRO Express Agias Fylaxeos,69f9b96732dc69ba27df5bfb,2026-05-05,185,5,116.71,
METRO Express Mouttagiaka,69f9c4d33d8979434de417dc,2026-05-05,528,5,48.44,
METRO Express Agias Fylaxeos,69f9ca0be989f09e00037910,2026-05-05,203,5,17.29,
METRO Express Larnaca,69f9caf112c2a219c2c4a924,2026-05-05,412,5,68.44,
METRO Express Mouttagiaka,69f9c7f4d646bf9c1919ab8c,2026-05-05,537,5,50.04,
METRO Express Strovolos,69f9d2ce255af9c4a6d6a19e,2026-05-05,692,3,11.93,
METRO Express Agias Fylaxeos,69f9cc330e8f6f5d899126c3,2026-05-05,205,5,151.01,
METRO Express Mouttagiaka,69f9d571dcd362c2db208b78,2026-05-05,546,5,64.13,
METRO Express Platy,69f9dda59b5ca66adf45d909,2026-05-05,676,5,22.37,
METRO Express Agias Fylaxeos,69f9c959141d0074384e9e75,2026-05-05,202,2,43.65,
METRO Express Strovolos,69f9e2370c65d2bfbfe7a161,2026-05-05,712,5,75.02,
METRO Express Paralimni,69f9e057e8d6dd4b9dd92c22,2026-05-05,134,5,34.74,
METRO Express Agias Fylaxeos,69f9e5c684642dd2acbadf90,2026-05-05,231,4,85.43,
METRO Express Strovolos,69f9e81c24daa86d3aa394b5,2026-05-05,716,5,43.45,
METRO Express Larnaca,69f9e734a98efd43f23e6704,2026-05-05,447,5,91.3,
METRO Express Agias Fylaxeos,69f9ed09bb8ccc1d0ef980a6,2026-05-05,242,4,18.62,
METRO Express Agias Fylaxeos,69f9f28a3aa260fd4293e38e,2026-05-05,243,5,16.33,
METRO Express Larnaca,69f9e96fee51e498368152be,2026-05-05,452,5,52.17,
METRO Express Larnaca,69f9e92055f19d32b542d108,2026-05-05,451,5,50.72,
METRO Express Aglantzia,69f9f0f12cd0c11b18711de3,2026-05-05,512,3,54.98,
METRO Express Strovolos,69f9fa2656767eed0a58151b,2026-05-05,730,4,27.62,
METRO Express Larnaca,69f9f02ca01745cebd93c8dc,2026-05-05,464,5,87.05,
METRO Express Mouttagiaka,69f9e9df8e20cd40520a2e35,2026-05-05,568,5,48.46,
METRO Express Mouttagiaka,69f9f0f2aa8c1d24a921a610,2026-05-05,577,5,56.12,
METRO Express Strovolos,69f9f17828cc8d804e9c5d46,2026-05-05,725,5,35.02,
METRO Express Mouttagiaka,69f9ef2184642dd2acbaefb2,2026-05-05,574,5,109.62,
METRO Express Aglantzia,69f9fe8cd43addd27e891450,2026-05-05,526,4,42.76,
METRO Express Strovolos,69f98fc2a5007525c49f591e,2026-05-05,628,5,33.17,
METRO Express Larnaca,69f9f20a10ca05cf6acf5a41,2026-05-05,469,5,102.93,
METRO Express Larnaca,69f9ef25cf6aea26fcb12dcf,2026-05-05,461,4,36.19,
METRO Express Larnaca,69f9f96e9f461bb29d5336c1,2026-05-05,480,5,75.47,
METRO Express Paralimni,69f9fad78164477b1a544061,2026-05-05,154,5,80.1,
METRO Express Aglantzia,69fa01822f0baf1db2cbf1e5,2026-05-05,528,5,39.31,
METRO Express Agias Fylaxeos,69fa04b176b9cbcf82a5cc78,2026-05-05,271,4,59.91,
METRO Express Strovolos,69fa072971aef47da3004b0a,2026-05-05,751,5,39.24,
METRO Express Larnaca,69fa034ea2cfe4ec984f1f7f,2026-05-05,494,5,37.67,
METRO Express Strovolos,69fa0b648f211d3b64cbae16,2026-05-05,755,5,25.38,
METRO Express Aglantzia,69fa0c8640f331c4c54a4be0,2026-05-05,537,5,46.9,
METRO Express Strovolos,69fa0ba32e880a82ea382654,2026-05-05,757,5,50.66,
METRO Express Mouttagiaka,69fa00086ffb83c67894759c,2026-05-05,591,5,49.99,
METRO Express Larnaca,69fa139ac3b05a14c9f8dd8d,2026-05-05,507,5,39.15,
METRO Express Aglantzia,69fa11a8e003fc384afa7f01,2026-05-05,541,1,42.11,
METRO Express Aglantzia,69fa15ca528664b611427e54,2026-05-05,544,5,86.9,
METRO Express Agias Fylaxeos,69fa0fec72386e2e08b88826,2026-05-05,287,5,163.55,
METRO Express Mouttagiaka,69fa1bc6648a35e0ad74f4cb,2026-05-05,610,5,35.38,
METRO Express Agias Fylaxeos,69fa180ef91eab918a53a490,2026-05-05,309,5,30.53,
METRO Express Larnaca,69fa16c8e9164019676e7001,2026-05-05,513,5,109.22,
METRO Express Agias Fylaxeos,69fa134a54e5fdc26e5f0d1f,2026-05-05,296,2,96.97,
METRO Express Platy,69fa284ce0a795ea1899232d,2026-05-05,714,5,35.46,
METRO Express Agias Fylaxeos,69fabceb94185369b18e1f86,2026-05-06,320,5,31.05,
METRO Express Aglantzia,69fad436aba26ea430def3a5,2026-05-06,563,5,33.43,
METRO Express Strovolos,69fad300063d2845e3b8aae1,2026-05-06,792,4,42.75,
METRO Express Larnaca,69facefc1400ad85a78bfa04,2026-05-06,532,5,40.2,
METRO Express Larnaca,69fa9a8fb46ea9744a5b93f6,2026-05-06,525,4,45.58,
METRO Express Aglantzia,69fad9cc895a4955e99c7e79,2026-05-06,566,5,61.56,
METRO Express Aglantzia,69fadc155d4c00b758f61fde,2026-05-06,567,5,32.78,
METRO Express Strovolos,69fadd5b1400ad85a78c162a,2026-05-06,800,5,45.08,
METRO Express Mouttagiaka,69fae229895a4955e99c8e9a,2026-05-06,631,5,69.84,
METRO Express Larnaca,69fae8977962808a48f27240,2026-05-06,551,5,27.53,
METRO Express Aglantzia,69fae86946af5afefb70b460,2026-05-06,575,5,20.86,
METRO Express Agias Fylaxeos,69fae72353f66a2e813ec6cc,2026-05-06,352,5,39.77,
METRO Express Mouttagiaka,69fae83e59be101aadd809b4,2026-05-06,639,5,72.2,
METRO Express Agias Fylaxeos,69faeb2559be101aadd80df4,2026-05-06,356,4,31.45,
METRO Express Aglantzia,69fa83123de1f9923bcaf366,2026-05-06,559,5,39.45,
METRO Express Aglantzia,69faf1811d61c631c24b166f,2026-05-06,581,4,39.22,
METRO Express Strovolos,69faf7ee30eeb7eafe51b1ac,2026-05-06,823,5,31.14,
METRO Express Aglantzia,69fb0020e75fa639d86359b0,2026-05-06,594,1,28.88,
METRO Express Larnaca,69fb0055c7d12f87f82d5e4a,2026-05-06,579,5,29.08,
METRO Express Larnaca,69faf90f1d61c631c24b2578,2026-05-06,570,5,129.82,
METRO Express Mouttagiaka,69faf97e1193daea6f0f028c,2026-05-06,653,5,87.55,
METRO Express Larnaca,69fafb27d3573f0ef40287b9,2026-05-06,571,5,73.77,
METRO Express Agias Fylaxeos,69fafcfdf47da4a7bed8e143,2026-05-06,383,5,36.37,
METRO Express Mouttagiaka,69fb0200c955f7bbd412257c,2026-05-06,659,5,21.58,
METRO Express Strovolos,69faf5b0cf97f6ae6d5e1050,2026-05-06,818,4,29.17,
METRO Express Aglantzia,69fb08e806aae0f69a2a4fee,2026-05-06,602,5,32.48,
METRO Express Larnaca,69fb0bb5896a0ebfa6333403,2026-05-06,593,5,59.66,
METRO Express Agias Fylaxeos,69fb057f2ee35600a78ad19b,2026-05-06,399,5,58.82,
METRO Express Larnaca,69fb0c7acffa163a22d8b7b0,2026-05-06,595,5,32.62,
METRO Express Agias Fylaxeos,69fb052b4a7ff4d38a51670a,2026-05-06,397,4,106.51,
METRO Express Platy,69fb0b131cb8ea5b7df6c5aa,2026-05-06,738,5,9.34,
METRO Express Larnaca,69fb15a05c763ccbc8dfa08d,2026-05-06,610,5,24.49,
METRO Express Mouttagiaka,69fb1ab5b14f4cea2294b54d,2026-05-06,684,5,36.9,
METRO Express Paralimni,69fb15587a5bb8994170debc,2026-05-06,235,4,24.55,
METRO Express Agias Fylaxeos,69fb1baf42c7222fec1d0ca0,2026-05-06,414,4,34.15,
METRO Express Mouttagiaka,69fb1b9a5852f77adc1d4d4d,2026-05-06,688,5,37.9,
METRO Express Agias Fylaxeos,69fb02ca78c18dfc2a83ad12,2026-05-06,391,5,23.24,
METRO Express Mouttagiaka,69fb1b1048f12402c7b08d13,2026-05-06,686,5,37.5,
METRO Express Aglantzia,69fb20017e7679fb917fafc4,2026-05-06,618,5,37.74,
METRO Express Strovolos,69fa21cc536074c3249347d4,2026-05-06,779,5,36.23,
METRO Express Larnaca,69fb267d7ba39767eb2cf4e5,2026-05-06,629,5,21.64,
METRO Express Aglantzia,69fb29f8c131b613ba703c2f,2026-05-06,627,5,83.72,
METRO Express Paralimni,69fb32629a12ee2ba37379af,2026-05-06,254,5,13.34,
METRO Express Aglantzia,69fb324fb243b10ec7318475,2026-05-06,634,5,20.5,
METRO Express Aglantzia,69fb39a9de27887f1737a60f,2026-05-06,638,5,42.92,
METRO Express Aglantzia,69fb38b6f7be28534e79c2d5,2026-05-06,637,5,17,
METRO Express Strovolos,69fb3cd3444b3cd951aa433c,2026-05-06,873,5,64.82,
METRO Express Agias Fylaxeos,69fb375b9a12ee2ba3737ff1,2026-05-06,448,5,93.62,
METRO Express Larnaca,69fb362e05835208d15f5a6c,2026-05-06,651,5,22.6,
METRO Express Mouttagiaka,69fb3f0f0b06cda93383e9c0,2026-05-06,731,5,40.43,
METRO Express Mouttagiaka,69fb3cc6fb9bea63fd970b8e,2026-05-06,730,5,49.9,
METRO Express Strovolos,69fb43fe4e3fe61e22871b33,2026-05-06,877,5,28.82,
METRO Express Larnaca,69fb3a49269e0328ce75f68b,2026-05-06,658,4,104.22,
METRO Express Agias Fylaxeos,69fb447e2f3c334d511cf578,2026-05-06,465,5,51.95,
METRO Express Strovolos,69fb4aa24e3fe61e228724cd,2026-05-06,883,4,36.81,
METRO Express Mouttagiaka,69fb4d3430005a9f4484dd6d,2026-05-06,748,5,35.31,
METRO Express Mouttagiaka,69fb55110e668eee8fe6954b,2026-05-06,754,5,72.28,
METRO Express Aglantzia,69fb57ab071cd2e80e809f8e,2026-05-06,662,5,26.14,
METRO Express Paralimni,69fb562126a8634833fea46e,2026-05-06,278,5,36.24,
METRO Express Strovolos,69fb5b321d2b9c870ee1f33f,2026-05-06,899,5,37.82,
METRO Express Aglantzia,69fb555875028a740e699efd,2026-05-06,659,4,22.88,
METRO Express Mouttagiaka,69fb5d8c32f55bab24f08957,2026-05-06,761,5,3.79,
METRO Express Mouttagiaka,69fb59c663ea809debc28d45,2026-05-06,759,5,88.66,
METRO Express Agias Fylaxeos,69fb58d449cf09868696a46d,2026-05-06,493,5,36.3,
METRO Express Aglantzia,69fb5d0c9a688d3f660de53e,2026-05-06,669,5,43.33,
METRO Express Larnaca,69fb5c3e12d9a2ad84710d4f,2026-05-06,685,5,53.02,
METRO Express Paralimni,69fb5c56adf2668aace6886d,2026-05-06,283,5,116,
METRO Express Aglantzia,69fb650dd18f2df864f21ec5,2026-05-06,674,5,37.55,
METRO Express Strovolos,69fb6c3abeb19eb4181c1062,2026-05-06,922,2,29.5,
METRO Express Larnaca,69fb5dd5eab83fe56aea1c71,2026-05-06,688,3,50.83,
METRO Express Strovolos,69fb6d4e31a1bbabcb776c31,2026-05-06,924,5,89.91,
METRO Express Mouttagiaka,69fb6ce21ae64ff9917b7aef,2026-05-06,791,5,19,
METRO Express Mouttagiaka,69fb670ac18ec7c0e1635de6,2026-05-06,781,5,36.85,
METRO Express Larnaca,69fb6431700ca62984df6b67,2026-05-06,701,1,34.45,
METRO Express Strovolos,69fc2416655a3d4b980b9d58,2026-05-07,937,4,36.75,
METRO Express Larnaca,69fb948a9e334279554d0d3e,2026-05-07,706,5,93.67,
METRO Express Strovolos,69fc3a20335d3ae1ab7a5261,2026-05-07,952,5,52.85,
METRO Express Agias Fylaxeos,69fc37683a414a7467e47f03,2026-05-07,556,4,24.85,
METRO Express Agias Fylaxeos,69fc39ae448505cee1f29615,2026-05-07,561,5,36.75,
METRO Express Paralimni,69fc32699897daa2c0868955,2026-05-07,305,4,31.48,
METRO Express Agias Fylaxeos,69fc3c08335d3ae1ab7a555c,2026-05-07,565,5,54.63,
METRO Express Larnaca,69fc357d3bdb2d66a79c530c,2026-05-07,738,4,64.88,
METRO Express Strovolos,69fc3c4a3a3d3ac6485283ec,2026-05-07,960,5,52.51,
METRO Express Platy,69fc4361685ade446861ecf6,2026-05-07,783,5,30.79,
METRO Express Agias Fylaxeos,69fc34f6412526730adfd6b9,2026-05-07,553,4,21.91,
METRO Express Aglantzia,69fc4411ddbc765b83f70ac8,2026-05-07,704,5,76.63,
METRO Express Strovolos,69fc4e2f09ac4da18f713151,2026-05-07,974,5,53.79,
METRO Express Paralimni,69fc561d621ed96674fb81ba,2026-05-07,340,5,61.47,
METRO Express Agias Fylaxeos,69fc4615fd73bd33db9d28e4,2026-05-07,587,5,60.13,
METRO Express Agias Fylaxeos,69fc59a2621ed96674fb864c,2026-05-07,611,4,25.51,
METRO Express Agias Fylaxeos,69fc4dd9730b10e202ebf323,2026-05-07,603,4,15.4,
METRO Express Agias Fylaxeos,69fc5fdc786cd5bf56b4f957,2026-05-07,619,5,48.02,
METRO Express Larnaca,69fc5c7cf6288fbf39249b8e,2026-05-07,788,5,127.05,
METRO Express Mouttagiaka,69fc67a8743ac6377470cb53,2026-05-07,848,5,35.13,
METRO Express Larnaca,69fc6688f6de00097d1598d9,2026-05-07,797,5,35.18,
METRO Express Agias Fylaxeos,69fc6c2a924dd4787196f1c2,2026-05-07,631,5,57.25,
METRO Express Aglantzia,69fc6e14cddb7d3c22c90f75,2026-05-07,731,5,89.24,
METRO Express Strovolos,69fc71ad38e1cb10e4cc84d1,2026-05-07,006,5,20.08,
METRO Express Larnaca,69fc6f87d01ca9cea5ebd439,2026-05-07,812,5,47.95,
METRO Express Strovolos,69fc7387b1df6bf9cee46ae2,2026-05-07,007,5,71.19,
METRO Express Paralimni,69fc6f7bf724ff15571aa3fb,2026-05-07,354,5,37.76,
METRO Express Agias Fylaxeos,69fc814514722931f66eb472,2026-05-07,651,5,39.38,
METRO Express Paralimni,69fc7d78307d46c5aa342b57,2026-05-07,363,5,53.41,
METRO Express Agias Fylaxeos,69fc80f2078ff03ec40c7338,2026-05-07,650,5,26.37,
METRO Express Paralimni,69fc89420b6dad6a4e69c166,2026-05-07,371,4,32.23,
METRO Express Agias Fylaxeos,69fc89ff9113ac514c54df09,2026-05-07,659,5,35.96,
METRO Express Mouttagiaka,69fc883307c9f06ff9cf1b93,2026-05-07,876,4,71.88,
METRO Express Paralimni,69fc91cae4e3d8400a2c3363,2026-05-07,378,5,40.91,
METRO Express Agias Fylaxeos,69fc8bcbf4d8482bdc1a5de4,2026-05-07,661,5,34.05,
METRO Express Mouttagiaka,69fc28006398e869d4a5479e,2026-05-07,801,5,51.72,
METRO Express Strovolos,69fc86ca156777f6c3f02d8c,2026-05-07,029,4,79.17,
METRO Express Agias Fylaxeos,69fc9138e32b634389e6c364,2026-05-07,668,4,39.18,
METRO Express Strovolos,69fc9cfda3d5b1e0e06d6dde,2026-05-07,046,5,66.58,
METRO Express Agias Fylaxeos,69fc995b4fa3b88fe28e876a,2026-05-07,679,5,50.23,
METRO Express Agias Fylaxeos,69fc9ed444fc7d84de77493b,2026-05-07,684,4,22.86,
METRO Express Larnaca,69fc9d74f075131cb74fab8b,2026-05-07,873,5,66.15,
METRO Express Agias Fylaxeos,69fb698f05390d6b8cac3fe0,2026-05-07,517,4,61.17,
METRO Express Larnaca,69fc98c08da7ddaa92383bd0,2026-05-07,865,5,70.16,
METRO Express Strovolos,69fca11c4fa3b88fe28e92ac,2026-05-07,053,5,72.7,
METRO Express Paralimni,69fc9cb3a351eaac3bdc753f,2026-05-07,388,5,92.79,
METRO Express Agias Fylaxeos,69fca31d7fd6bfe8b08e2933,2026-05-07,693,5,33.53,
METRO Express Larnaca,69fca722335a29276a6ab7d3,2026-05-07,885,5,35.36,
METRO Express Agias Fylaxeos,69fca3db225dcf5eeeb54712,2026-05-07,695,1,18.76,
METRO Express Paralimni,69fca91eec957c61e5a2857d,2026-05-07,396,5,47.71,
METRO Express Strovolos,69fc6a59baa45c24cf2e80e1,2026-05-07,999,5,107.31,
METRO Express Larnaca,69fcacb011328f7dc16ad6e7,2026-05-07,893,3,21.5,
METRO Express Aglantzia,69fcb80874d2408f551aba02,2026-05-07,777,5,40.43,
METRO Express Agias Fylaxeos,69fcb278700f6eee930ee1fd,2026-05-07,712,1,18.18,
METRO Express Agias Fylaxeos,69fc2b525021b44b570ec770,2026-05-07,540,4,90.6,
METRO Express Larnaca,69fcb72f62d0f7fb514ab826,2026-05-07,906,5,63.5,
METRO Express Platy,69fcb1f8b4eb8c7b0a91c0e9,2026-05-07,813,5,72.93,
METRO Express Mouttagiaka,69fcb1cc41bd12c0e2f268ff,2026-05-07,910,4,99.02,
METRO Express Aglantzia,69fcc15af7ceeb447fb4e103,2026-05-07,785,2,43.23,
METRO Express Agias Fylaxeos,69fcc14f4ef2fbea757d59bc,2026-05-07,734,5,35.82,
METRO Express Platy,69fcbbe3aedad44c591e65ea,2026-05-07,819,5,84.49,
METRO Express Paralimni,69fcb6a600a4d7706904aa9d,2026-05-07,409,5,87.04,
METRO Express Strovolos,69fd7059634704048cdb46bf,2026-05-08,098,5,41.77,
METRO Express Strovolos,69fd6911d0f3c4a67a1e1700,2026-05-08,095,4,83.01,
METRO Express Aglantzia,69fd7513d4ce7753ec4e3781,2026-05-08,795,5,23.65,
METRO Express Larnaca,69fd70d65a94d389e190df46,2026-05-08,928,5,26.33,
METRO Express Larnaca,69fcbac60b3dd78117b634d0,2026-05-08,910,5,112.6,
METRO Express Mouttagiaka,69fd7df3e23142a7348dc784,2026-05-08,931,5,35.63,
METRO Express Paralimni,69fd8520e91db1e2b19d3be0,2026-05-08,432,5,37.49,
METRO Express Aglantzia,69fd832c64d4433c0e3c94a3,2026-05-08,805,5,37.96,
METRO Express Agias Fylaxeos,69fd82c225f401baaa43476c,2026-05-08,765,5,43.23,
METRO Express Mouttagiaka,69fd86efa868d31a4a6ac2db,2026-05-08,940,5,48.91,
METRO Express Larnaca,69fd7789d0f3c4a67a1e2ec5,2026-05-08,933,5,98.62,
METRO Express Aglantzia,69fd8f61f4be6f53b3702b96,2026-05-08,811,4,35.49,
METRO Express Mouttagiaka,69fd8f02c68b7673a5845bf9,2026-05-08,949,5,34.88,
METRO Express Agias Fylaxeos,69fd12192dcc5861776ad3d2,2026-05-08,743,5,20.21,
METRO Express Aglantzia,69fd92770b143717ca5f1a9f,2026-05-08,814,5,78.82,
METRO Express Paralimni,69fd97f497bc9131bed9982a,2026-05-08,441,4,90.79,
METRO Express Platy,69fd9bf7eaec007c2e953e7a,2026-05-08,843,5,25.27,
METRO Express Aglantzia,69fd267a1c798d101ffe58ca,2026-05-08,788,5,46.94,
METRO Express Mouttagiaka,69fda622a1078e6f7237d5fc,2026-05-08,977,5,45.68,
METRO Express Mouttagiaka,69fda4b5f2349aab39d6c7c6,2026-05-08,974,5,32.26,
METRO Express Larnaca,69fd9da03b13ca6fd92d6d82,2026-05-08,977,5,40.35,
METRO Express Aglantzia,69fdaa17008797101484e852,2026-05-08,830,5,20.1,
METRO Express Strovolos,69fda67898bd4a9db59e7bb7,2026-05-08,148,5,88.58,
METRO Express Platy,69fda5b17ead6a5f3fc16b47,2026-05-08,849,5,54.47,
METRO Express Aglantzia,69fdaec5d17c207d57cbe41f,2026-05-08,834,5,39.74,
METRO Express Paralimni,69fda1fc3b13ca6fd92d7415,2026-05-08,446,5,33.99,
METRO Express Agias Fylaxeos,69fd9f1b74c6ddb567aaa34d,2026-05-08,794,5,48.98,
METRO Express Mouttagiaka,69fdaec7a07551a390153ba2,2026-05-08,992,5,61.2,
METRO Express Strovolos,69fdb593155cd1264e964047,2026-05-08,161,5,60.96,
METRO Express Larnaca,69fdb6f8d522d2c8bdc5942f,2026-05-08,006,5,18.88,
METRO Express Agias Fylaxeos,69fdb27649148a53260fb108,2026-05-08,815,5,201.8,
METRO Express Paralimni,69fdaa048041425b47768e32,2026-05-08,453,5,104.64,
METRO Express Agias Fylaxeos,69fdae4fa2d41e39a4bb4abe,2026-05-08,811,5,39.67,
METRO Express Mouttagiaka,69fdb70c01f840c2db91706a,2026-05-08,000,5,96.75,
METRO Express Aglantzia,69fdc08cd3b5528ec773e43d,2026-05-08,842,5,35.74,
METRO Express Larnaca,69fdc0f9857bbf46bc7466cd,2026-05-08,014,5,59.28,
METRO Express Aglantzia,69fdc493ab07dd766ad0e337,2026-05-08,845,5,83.23,
METRO Express Mouttagiaka,69fdc9df9a88ae0ac71abe89,2026-05-08,026,5,97.11,
METRO Express Agias Fylaxeos,69fdca82c6a0bf0503da8a98,2026-05-08,842,5,43.06,
METRO Express Platy,69fdbcbe853fa8be46761652,2026-05-08,858,5,251.71,
METRO Express Agias Fylaxeos,69fdc8712a5aa7a902015a80,2026-05-08,840,5,18.49,
METRO Express Larnaca,69fdc9137762576a6e848b4f,2026-05-08,025,5,78.84,
METRO Express Paralimni,69fdd0bbd156b00601752424,2026-05-08,482,5,37.78,
METRO Express Larnaca,69fdc69f6c138123944436b7,2026-05-08,020,4,90.04,
METRO Express Strovolos,69fdd12c7f3f8e3166535310,2026-05-08,179,5,122.79,
METRO Express Larnaca,69fdd5004ca880ea9da8eef7,2026-05-08,043,4,67.94,
METRO Express Platy,69fdd5794aba6b523a00d8d9,2026-05-08,870,5,83.98,
METRO Express Strovolos,69fdde3d8771e2cdb2e615df,2026-05-08,189,5,96.96,
METRO Express Mouttagiaka,69fdda8b1b7749cfc3b02780,2026-05-08,042,5,85.66,
METRO Express Agias Fylaxeos,69fddad1bdc52df3557a9f25,2026-05-08,860,5,34.65,
METRO Express Mouttagiaka,69fdd81c8c5b644c493391d3,2026-05-08,037,5,151.46,
METRO Express Agias Fylaxeos,69fde090ee90454d1e9603a3,2026-05-08,865,5,47.59,
METRO Express Agias Fylaxeos,69fde013d6926d132e99dfc3,2026-05-08,863,5,44.65,
METRO Express Paralimni,69fdd8e3454520d1d16a8680,2026-05-08,488,5,58.66,
METRO Express Paralimni,69fde0735658591fac8f5e23,2026-05-08,497,5,98.03,
METRO Express Agias Fylaxeos,69fde0e77796a7707149a448,2026-05-08,867,5,83.48,
METRO Express Mouttagiaka,69fddf027007f1d4ce90595f,2026-05-08,049,5,225.43,
METRO Express Paralimni,69fdee626906da22833bb17f,2026-05-08,504,2,21.71,
METRO Express Strovolos,69fdf0997007f1d4ce90711e,2026-05-08,202,5,73.33,
METRO Express Agias Fylaxeos,69fdf854134e42cae2924ca7,2026-05-08,887,5,36.62,
METRO Express Aglantzia,69fdffd9de750156a3ab0ca3,2026-05-08,885,5,36.93,
METRO Express Larnaca,69fd34861fe4e17ad13b13ff,2026-05-08,919,5,20.12,
METRO Express Agias Fylaxeos,69fdff58fd8f1370a4af574e,2026-05-08,899,4,44.78,
METRO Express Agias Fylaxeos,69fdfef8202ab354710bb467,2026-05-08,897,5,40.35,
METRO Express Larnaca,69fe00c41270637e43e65b03,2026-05-08,089,5,29.84,
METRO Express Agias Fylaxeos,69fe038fe5945fc841471ce8,2026-05-08,903,5,31.98,
METRO Express Larnaca,69fe0d61b4be42a51b72b89c,2026-05-08,106,5,50.55,
METRO Express Agias Fylaxeos,69fe0bb1794a165b91084b57,2026-05-08,912,4,47.08,
METRO Express Mouttagiaka,69fe0b2a0cdb202f5e94b894,2026-05-08,094,5,28.25,
METRO Express Paralimni,69fe0ab31d4efa31f4934e0f,2026-05-08,560,4,32.7,
METRO Express Platy,69fe0a4e21a3efd6768a0fc1,2026-05-08,896,5,44.31,
METRO Express Larnaca,69fe086f4ddfee97f13b1f28,2026-05-08,098,4,20.62,
METRO Express Paralimni,69fe0b8ca5794d4113ac8497,2026-05-08,562,5,15.52,
METRO Express Platy,69febaf7bac80199b2a2ea6d,2026-05-09,907,4,17.71,
METRO Express Larnaca,69febd4f367542b3383ffc8e,2026-05-09,126,5,43.71,
METRO Express Larnaca,69fe5bab2994c1336411a1b3,2026-05-09,123,5,53.36,
METRO Express Larnaca,69fe26950ef07d30b9bbab98,2026-05-09,113,5,126.52,
METRO Express Larnaca,69fe4eee7d4b42cca6cfedf0,2026-05-09,120,5,100.94,
METRO Express Aglantzia,69fe144cf7e82fcd5889fb80,2026-05-09,902,4,195.74,
METRO Express Aglantzia,69fec3f6dfdd5d34297a396c,2026-05-09,913,2,67.97,
METRO Express Paralimni,69fe297060077a0aa94cfe71,2026-05-09,570,5,15.75,
METRO Express Aglantzia,69fecea3551964a8b9d3957c,2026-05-09,917,4,70.64,
METRO Express Larnaca,69fed0ae78a07c781300502a,2026-05-09,145,5,87.31,
METRO Express Mouttagiaka,69fece8a44e6d78ffd7c22d5,2026-05-09,116,5,54.95,
METRO Express Paralimni,69fed5de1348d29944bac9f3,2026-05-09,589,5,13.63,
METRO Express Strovolos,69fe1a8d51509f9419875cf8,2026-05-09,258,5,50.01,
METRO Express Mouttagiaka,69fdfc8d7f1fcef7f786bd6e,2026-05-09,078,4,41.16,
METRO Express Mouttagiaka,69fe436b938e92eebee46fc0,2026-05-09,109,5,38.53,
METRO Express Mouttagiaka,69fdcc7dfb4ae3e68c286ac6,2026-05-09,030,5,66.05,
METRO Express Aglantzia,69fedd4266e1810b1c90e4dd,2026-05-09,926,4,31.99,
METRO Express Strovolos,69fed6933273b3803a430f1a,2026-05-09,292,5,38.23,
METRO Express Mouttagiaka,69fedd1413468d07752f22dc,2026-05-09,130,4,36.12,
METRO Express Aglantzia,69fee30168377bd8f11df054,2026-05-09,929,5,23.12,
METRO Express Strovolos,69fee269b2fd029e0538c503,2026-05-09,299,5,18.67,
METRO Express Agias Fylaxeos,69fee39f1de49d82d3167b14,2026-05-09,952,4,108.68,
METRO Express Larnaca,69fd908af41e2629fe8a356b,2026-05-09,971,5,82.47,
METRO Express Larnaca,69fee0b642b74f091df4a51e,2026-05-09,179,5,46.57,
METRO Express Platy,69fee3395b2fb9317955b598,2026-05-09,926,4,25.3,
METRO Express Agias Fylaxeos,69feec155cececf307f4d824,2026-05-09,964,5,18.9,
METRO Express Aglantzia,69fef1b13f4182fc9d761237,2026-05-09,944,1,37.38,
METRO Express Strovolos,69fee423875bfd3c1e79fff3,2026-05-09,303,5,18.19,
METRO Express Paralimni,69fef232a3fbf2eaef3f0207,2026-05-09,606,5,86.91,
METRO Express Platy,69fedec552f98efc870f591c,2026-05-09,925,5,96.41,
METRO Express Paralimni,69fef3914727e402c5287ae8,2026-05-09,608,5,25.71,
METRO Express Strovolos,69fef682fc2a09428f5f2462,2026-05-09,329,5,49.45,
METRO Express Mouttagiaka,69fef92658dbc3964018ee54,2026-05-09,156,5,56.85,
METRO Express Mouttagiaka,69fef7a2003c61309952b8b2,2026-05-09,155,5,79.69,
METRO Express Agias Fylaxeos,69fef04ac833c4d69b2422cd,2026-05-09,970,4,95.97,
METRO Express Strovolos,69feff804f48779597278543,2026-05-09,345,5,30.45,
METRO Express Larnaca,69fef1a18e74d73df428540a,2026-05-09,211,5,51.2,
METRO Express Mouttagiaka,69fef06b500ec749be4b6ad1,2026-05-09,152,5,39.45,
METRO Express Larnaca,69fef2259e5e5f107ae5ed9f,2026-05-09,213,5,49.76,
METRO Express Strovolos,69ff01a71def1a802aacea0d,2026-05-09,349,5,10.2,
METRO Express Mouttagiaka,69ff023b3242c52aa6ef5715,2026-05-09,166,5,35.34,
METRO Express Mouttagiaka,69ff099b5aba08349b9485b0,2026-05-09,173,5,44.06,
METRO Express Larnaca,69fefcdfc5ec03e710f21802,2026-05-09,220,5,93.25,
METRO Express Mouttagiaka,69ff0f6fe40c721648d796da,2026-05-09,182,5,56.68,
METRO Express Agias Fylaxeos,69fef9f2ebdc121036730311,2026-05-09,984,5,134.3,
METRO Express Paralimni,69ff0c855801eaad014e56c4,2026-05-09,626,5,26.96,
METRO Express Agias Fylaxeos,69ff129614b7926963a9d801,2026-05-09,001,5,88.76,
METRO Express Mouttagiaka,69ff136fb41f9c690f25fe3c,2026-05-09,187,5,99.41,
METRO Express Platy,69ff04ae9e5e5f107ae60aea,2026-05-09,951,5,129.62,
METRO Express Larnaca,69ff177194838c76257b0cc6,2026-05-09,262,4,34.4,
METRO Express Mouttagiaka,69ff224493d40cdea7052f3d,2026-05-09,201,4,54.29,
METRO Express Larnaca,69ff23ba54feffe9472d39f9,2026-05-09,283,5,19.04,
METRO Express Paralimni,69ff26cf6fffc1ebd7f14f4c,2026-05-09,644,4,18.6,
METRO Express Aglantzia,69ff298de0068c6da289d91c,2026-05-09,976,5,121.91,
METRO Express Mouttagiaka,69ff2c45623a9c4938824294,2026-05-09,209,5,31.8,
METRO Express Larnaca,69fef2b2c833c4d69b24263a,2026-05-09,215,5,19.3,
METRO Express Agias Fylaxeos,69ff344d6c86eab2e02c32e0,2026-05-09,042,5,41.48,
METRO Express Aglantzia,69ff4029dcb948ab6fa82e4a,2026-05-09,989,2,87.17,
METRO Express Strovolos,69ff43a7349f7dffe5f9450b,2026-05-09,405,5,44.92,
METRO Express Agias Fylaxeos,69ff444c41506d3ed0a42578,2026-05-09,059,5,75.07,
METRO Express Agias Fylaxeos,69ff499a59f44605eef420f3,2026-05-09,066,5,42.66,
METRO Express Mouttagiaka,69ff48d56c1c2fffe30de9b9,2026-05-09,241,5,8.28,
METRO Express Mouttagiaka,69ff513665edf38764ba35e7,2026-05-09,244,5,21.04,
METRO Express Strovolos,69ff4e199817916d0ed73962,2026-05-09,422,5,38.03,
METRO Express Larnaca,69ff504148731c10758f9fcf,2026-05-09,334,5,35.03,
METRO Express Agias Fylaxeos,69ff5d11f45e6ea3f42eb0ff,2026-05-09,090,5,21.84,
METRO Express Agias Fylaxeos,69ff5fb721f735454e75f8e2,2026-05-09,095,5,39.72,
METRO Express Larnaca,69ff5eb5f14bd1fea046aedd,2026-05-09,343,4,33.08,
METRO Express Paralimni,69ff61689ab9875c1bd96a13,2026-05-09,689,4,24.08,
METRO Express Larnaca,6a001016e30e839bc68ab9b2,2026-05-10,370,5,33.93,
METRO Express Paralimni,6a0018f50de6228e6054eb5f,2026-05-10,702,5,134.68,
METRO Express Agias Fylaxeos,6a001bd061b8e3ff0fb145dc,2026-05-10,110,5,42.33,
METRO Express Strovolos,6a0030625dacb0af26c354a4,2026-05-10,472,5,17.17,
METRO Express Agias Fylaxeos,6a0014bffc869c4fa9941558,2026-05-10,106,5,26.97,
METRO Express Mouttagiaka,6a002b06434dde070cc784ac,2026-05-10,272,5,29.16,
METRO Express Mouttagiaka,6a002b547ea322f5cd9dfbcf,2026-05-10,273,5,30.58,
METRO Express Aglantzia,69ffdce46c06c58be29119a6,2026-05-10,006,5,37.92,
METRO Express Strovolos,6a003310adb0ee376aac30d9,2026-05-10,477,3,45.99,
METRO Express Paralimni,6a0026ce6b9b2c125d06f832,2026-05-10,713,1,98.76,
METRO Express Mouttagiaka,6a003d7c7ea322f5cd9e16ce,2026-05-10,284,5,67.06,
METRO Express Paralimni,6a0034b9f42461f47b65ec64,2026-05-10,727,5,39.95,
METRO Express Mouttagiaka,6a003c504a288a7098ef138f,2026-05-10,282,4,30.45,
METRO Express Aglantzia,6a004719b24a4a09bb080fb0,2026-05-10,041,5,19.54,
METRO Express Mouttagiaka,6a0040c8c9de5e26e1d0de3f,2026-05-10,290,5,44.94,
METRO Express Platy,6a003e0c77957ca84e703145,2026-05-10,025,2,57,
METRO Express Larnaca,6a0030b27b599d13fc54c49c,2026-05-10,394,5,58.88,
METRO Express Strovolos,6a003e724f34b6f3ba13159d,2026-05-10,492,5,37.31,
METRO Express Platy,6a00414c89cee00bd82b1fca,2026-05-10,028,5,35.44,
METRO Express Mouttagiaka,6a004245cd0f523a3e698a01,2026-05-10,293,5,18.1,
METRO Express Strovolos,6a004841e45125094d48539b,2026-05-10,505,5,126.79,
METRO Express Larnaca,6a00308d08dfd8fc35cad114,2026-05-10,393,3,46.43,
METRO Express Paralimni,6a003314f42461f47b65eaae,2026-05-10,726,4,141.39,
METRO Express Paralimni,6a003e0d40ee14dd767b6f98,2026-05-10,738,5,26.29,
METRO Express Paralimni,6a003cc60c697ea813191d46,2026-05-10,737,5,33.11,
METRO Express Larnaca,6a00384403638ba96fa3f6e5,2026-05-10,396,4,152.14,
METRO Express Strovolos,6a004a8f429dd982e23097ad,2026-05-10,512,5,53.76,
METRO Express Agias Fylaxeos,6a004ff61461c740e3d45b9a,2026-05-10,134,5,52.26,
METRO Express Agias Fylaxeos,6a004f271587e67c518b2d9d,2026-05-10,133,5,70.7,
METRO Express Paralimni,6a004cf63988241869f9c0ab,2026-05-10,758,5,7.6,
METRO Express Strovolos,6a004dc6330770372d594807,2026-05-10,517,5,27.83,
METRO Express Agias Fylaxeos,6a0053d9ddd644d547abe567,2026-05-10,135,5,16.37,
METRO Express Larnaca,6a004237478b43c7e6f72a4e,2026-05-10,407,1,124.22,
METRO Express Mouttagiaka,6a0054ee053bb2176ea5cb3e,2026-05-10,315,4,55.41,
METRO Express Aglantzia,6a0060615ee9f177e601138b,2026-05-10,062,5,37.73,
METRO Express Agias Fylaxeos,6a005bb4b973d9c4c30c6233,2026-05-10,145,1,20.62,
METRO Express Larnaca,6a0056c0c03f15f2cd51cae0,2026-05-10,430,5,53.14,
METRO Express Agias Fylaxeos,6a0065e4879caeed9b2607b4,2026-05-10,163,1,72.05,
METRO Express Platy,6a0059ca5ea0f073bd294ecc,2026-05-10,048,4,38.38,
METRO Express Agias Fylaxeos,6a005e74393bc4845e3faad2,2026-05-10,151,5,47.07,
METRO Express Agias Fylaxeos,6a006f6d42f3d3a708480c72,2026-05-10,179,4,17.88,
METRO Express Aglantzia,6a0075a3053bb2176ea5fcd4,2026-05-10,074,5,26.73,
METRO Express Strovolos,6a007915869e2550f9a6f7ac,2026-05-10,555,5,59.37,
METRO Express Agias Fylaxeos,6a006596f0a9db92fcda4e4f,2026-05-10,162,4,248.54,
METRO Express Mouttagiaka,6a007843a0751cb58997acf9,2026-05-10,354,5,37.84,
METRO Express Aglantzia,6a0077f10eefcc85114acb34,2026-05-10,076,3,83.96,
METRO Express Strovolos,6a0070c8b185b13682a88a98,2026-05-10,544,5,120.64,
METRO Express Agias Fylaxeos,6a007d78f18acc26b1e13583,2026-05-10,188,1,20.91,
METRO Express Larnaca,6a0073d62761f4c384ec16dd,2026-05-10,457,5,27.2,
METRO Express Mouttagiaka,6a007b296540deca21ee9e42,2026-05-10,359,5,38.18,
METRO Express Mouttagiaka,6a007fa2b19e34089ac5198f,2026-05-10,367,5,18.95,
METRO Express Larnaca,6a0079870824f540cbc6dd1f,2026-05-10,466,5,18.28,
METRO Express Mouttagiaka,6a00811442f4c80cadb353d9,2026-05-10,370,5,72.68,
METRO Express Paralimni,6a003730ad7a9cb8d631098f,2026-05-10,732,4,81.1,
METRO Express Paralimni,6a008b1cb9757280f53103ce,2026-05-10,801,5,62.16,
METRO Express Agias Fylaxeos,6a008d14488793c0a78ddd78,2026-05-10,205,5,47.13,
METRO Express Agias Fylaxeos,6a0096483928a5b5c10a435a,2026-05-10,225,5,37.21,
METRO Express Aglantzia,6a0099aea469329fcad87506,2026-05-10,106,5,33.72,
METRO Express Agias Fylaxeos,6a0093819926db5ff29c55c5,2026-05-10,221,5,86.84,
METRO Express Strovolos,6a0099162bf4106fc1a58364,2026-05-10,583,3,30.68,
METRO Express Strovolos,6a009ec9072de30fd71c4f4d,2026-05-10,594,5,31.69,
METRO Express Larnaca,6a00965a25576f51134b7319,2026-05-10,496,5,54.31,
METRO Express Paralimni,6a009e46deb7d42e55498faf,2026-05-10,813,5,46.65,
METRO Express Aglantzia,6a00a550d90176bfc1afd2bd,2026-05-10,119,5,18.18,
METRO Express Agias Fylaxeos,6a0097bfbb76d15cc3e46705,2026-05-10,229,5,69.72,
METRO Express Agias Fylaxeos,6a0096c6365966fae8397568,2026-05-10,226,5,62.03,
METRO Express Mouttagiaka,6a00a1e69926db5ff29c69be,2026-05-10,412,5,44.18,
METRO Express Agias Fylaxeos,6a009d009358269277ddb1c1,2026-05-10,246,5,49.88,
METRO Express Larnaca,6a008f5aebeaaa715a305b4c,2026-05-10,494,5,52.45,
METRO Express Platy,6a00affb3b521a775682162e,2026-05-10,081,5,23.13,
METRO Express Aglantzia,6a00b14676c6b8fe61dd46f1,2026-05-10,134,5,18.44,
METRO Express Strovolos,6a00a4f19926db5ff29c6dc7,2026-05-10,616,5,80.13,
METRO Express Mouttagiaka,6a00b19e1e0d261fde4e833d,2026-05-10,436,4,18.58,
METRO Express Platy,6a00b5a2d494a9fea61b04c4,2026-05-10,087,5,78.01,
METRO Express Agias Fylaxeos,6a016c3c006eb9fb21efb59b,2026-05-11,265,5,32.66,
METRO Express Agias Fylaxeos,69fd83a609c372f045def87a,2026-05-11,769,4,56.59,
METRO Express Larnaca,6a015f9e41e382053a6252f7,2026-05-11,535,4,51.96,
METRO Express Strovolos,6a0166b377eb9c9ae26b1923,2026-05-11,633,5,57.9,
METRO Express Agias Fylaxeos,69fdee9bebc7da9ab1e0a1b9,2026-05-11,879,5,41.96,
METRO Express Larnaca,6a01762c2bddec67856cd442,2026-05-11,551,4,30.35,
METRO Express Mouttagiaka,6a016a0fe4790f131c2d3994,2026-05-11,445,5,38.65,
METRO Express Agias Fylaxeos,6a01750d518cfbc2199565ff,2026-05-11,282,5,18.67,
METRO Express Paralimni,6a0170459ec00dfc5aa86bda,2026-05-11,838,5,86,
METRO Express Mouttagiaka,6a017f3e377027378e7ee779,2026-05-11,460,5,42.21,
METRO Express Strovolos,6a017f37518cfbc2199579cf,2026-05-11,665,5,49.57,
METRO Express Agias Fylaxeos,6a017c3ce4790f131c2d56cb,2026-05-11,295,5,62.49,
METRO Express Mouttagiaka,6a017cf0160c873781fcb71c,2026-05-11,455,5,149.79,
METRO Express Strovolos,6a0186edd5a37bea12f81327,2026-05-11,677,5,40.51,
METRO Express Aglantzia,6a00b48818df26f9c6a6a3c0,2026-05-11,137,3,122.97,
METRO Express Paralimni,6a0186d7da4540253e9a13de,2026-05-11,849,5,35.63,
METRO Express Aglantzia,6a017fbdf8d6778a48d18db8,2026-05-11,169,5,45.62,
METRO Express Mouttagiaka,6a018ee87af9a28646e3464f,2026-05-11,479,5,34.08,
METRO Express Mouttagiaka,6a018e150cfbf4a8555c47e4,2026-05-11,476,5,76.64,
METRO Express Agias Fylaxeos,6a018d4cf2301b470381605a,2026-05-11,313,5,35.01,
METRO Express Platy,6a0185770b004b645e38d0d7,2026-05-11,107,5,36.71,
METRO Express Strovolos,6a018c128157ae38dd7519b0,2026-05-11,683,5,129.03,
METRO Express Mouttagiaka,6a01958d598a6f4f59b5852f,2026-05-11,494,5,44.66,
METRO Express Aglantzia,6a019f5c70ca6b26f0df5393,2026-05-11,183,5,41.83,
METRO Express Larnaca,6a019740a394ff5df55eb9a0,2026-05-11,612,4,37.64,
METRO Express Mouttagiaka,6a019e220433c86ba5058a3d,2026-05-11,504,5,55.22,
METRO Express Paralimni,6a019e16e7a16aea57293346,2026-05-11,859,5,64.08,
METRO Express Agias Fylaxeos,6a019dc0398fa0bee598d6bb,2026-05-11,343,5,17.44,
METRO Express Larnaca,6a01aa87d21f8882af4166ef,2026-05-11,635,5,17.99,
METRO Express Paralimni,6a01a5968ed36c57cb4bd4a1,2026-05-11,865,4,25.44,
METRO Express Aglantzia,6a01b03c2688082366756d6d,2026-05-11,196,5,26.72,
METRO Express Agias Fylaxeos,6a01ac39440ea31496c125ec,2026-05-11,359,5,85.11,
METRO Express Agias Fylaxeos,6a01b0b0c1aa0e694282121c,2026-05-11,363,5,34.39,
METRO Express Larnaca,6a019c042add5084f14d8990,2026-05-11,616,5,67.22,
METRO Express Paralimni,6a019f774866d04ada32d4cf,2026-05-11,860,4,74.38,
METRO Express Mouttagiaka,6a01b6648f0073fa99deff90,2026-05-11,525,4,39.4,
METRO Express Mouttagiaka,6a01aca7d8222c4bbce3f03c,2026-05-11,517,4,22.26,
METRO Express Paralimni,6a01bd7b11c72a424cb83b78,2026-05-11,876,5,18.43,
METRO Express Aglantzia,6a01c2b687101550f697585a,2026-05-11,203,5,49.84,
METRO Express Aglantzia,6a01cd22ca01d3745ebac08d,2026-05-11,210,5,40.68,
METRO Express Paralimni,6a01c111d21f8882af4182b4,2026-05-11,881,5,102.38,
METRO Express Platy,6a01d0a265c560f55f8058d3,2026-05-11,128,5,58.03,
METRO Express Larnaca,6a01d752bfabaf2654a0f6ac,2026-05-11,679,5,35.98,
METRO Express Agias Fylaxeos,6a01d1cdb53b6e29aee71d66,2026-05-11,399,5,36.23,
METRO Express Agias Fylaxeos,6a01d82e89b70b480c361475,2026-05-11,407,5,10.45,
METRO Express Mouttagiaka,6a01dd7a09183b8a2af6ff00,2026-05-11,572,5,65.38,
METRO Express Paralimni,6a01da5d2376946d0f1a1fbf,2026-05-11,897,5,180.02,
METRO Express Larnaca,6a01e2a75087f51028ddc662,2026-05-11,697,5,21.61,
METRO Express Aglantzia,6a01dc252557f3aab91cbf89,2026-05-11,228,4,30.32,
METRO Express Platy,6a01dbb037e65defa322a25d,2026-05-11,134,5,47.32,
METRO Express Platy,6a01d602dc495d7444855ec6,2026-05-11,132,5,34.71,
METRO Express Mouttagiaka,6a01cdf93272a42bed058846,2026-05-11,558,5,29.57,
METRO Express Strovolos,6a01e5d341ca40bb538ef6d9,2026-05-11,792,5,94.24,
METRO Express Larnaca,6a01ecff80c0e249c6f6a9cb,2026-05-11,713,5,63.89,
METRO Express Mouttagiaka,6a01eb2b135b352ff528c2f8,2026-05-11,590,5,38.14,
METRO Express Platy,6a01e1175f3c9b5a6142dec6,2026-05-11,138,5,36.82,
METRO Express Platy,6a01d836ddbf4bdf4604b7ed,2026-05-11,133,5,50.46,
METRO Express Mouttagiaka,6a01cb5b38e1682e491c4d60,2026-05-11,552,5,81.81,
METRO Express Paralimni,6a01e637bcd603ac144665d6,2026-05-11,904,5,77.31,
METRO Express Larnaca,6a01e93b8aa382fb9211464e,2026-05-11,709,5,45.2,
METRO Express Platy,6a01ee42dfa80e5748dd2c12,2026-05-11,144,5,41.94,
METRO Express Aglantzia,6a01ecf3e3ecced307c7c880,2026-05-11,243,2,37.8,
METRO Express Larnaca,6a01f10123a0b023164dacca,2026-05-11,723,5,19.35,
METRO Express Strovolos,6a01f3f57b5a3557a2e0976a,2026-05-11,811,5,20.03,
METRO Express Paralimni,6a01f4893f6afaf0432bf07b,2026-05-11,919,4,35.01,
METRO Express Platy,6a01f17f14915e11f7a6e163,2026-05-11,147,5,18.8,
METRO Express Larnaca,6a01fa43011dac0c6de79ac9,2026-05-11,736,5,34.44,
METRO Express Agias Fylaxeos,6a01eced061455d15e3832b5,2026-05-11,431,1,37.93,
METRO Express Strovolos,6a0200cec97415f97c846ddc,2026-05-11,830,5,36.03,
METRO Express Paralimni,6a0209e4657b00e9e34a4ae3,2026-05-11,934,5,28.33,
METRO Express Mouttagiaka,6a01facbfa5e276795dc045c,2026-05-11,620,1,39.05,
METRO Express Larnaca,6a02b0bb13120a7f91ffe0da,2026-05-12,752,5,44.65,
METRO Express Agias Fylaxeos,6a02b16a538ff79a5d706992,2026-05-12,451,5,48.58,
METRO Express Strovolos,6a0200c75bdb40b24a5dc009,2026-05-12,829,5,17.3,
METRO Express Agias Fylaxeos,6a02211b00ebbce03ff764dd,2026-05-12,447,5,115.02,
METRO Express Aglantzia,6a02a1d23793439d118479f8,2026-05-12,273,4,57.71,
METRO Express Larnaca,6a02b663c6d864ae48f07f78,2026-05-12,761,5,58.52,
METRO Express Agias Fylaxeos,6a02c769538ff79a5d708c93,2026-05-12,469,4,90.08,
METRO Express Agias Fylaxeos,6a021d898edb7f669bdd1089,2026-05-12,446,5,73.29,
METRO Express Paralimni,6a02c951f35d44779c7b0692,2026-05-12,951,5,41.58,
METRO Express Mouttagiaka,6a02cedf76708fda29f4c64c,2026-05-12,641,5,42.54,
METRO Express Paralimni,6a02cf4876708fda29f4c756,2026-05-12,954,5,56.89,
METRO Express Aglantzia,6a02c7c694c0be0f92b5044c,2026-05-12,289,5,78.42,
METRO Express Strovolos,6a02de0d5aad99f4223a2e4b,2026-05-12,890,5,68.32,
METRO Express Larnaca,6a02dce521632c9a493df5b3,2026-05-12,811,5,44,
METRO Express Agias Fylaxeos,6a02e1395098e5c714e16fad,2026-05-12,503,5,26.26,
METRO Express Larnaca,6a02d82b8b2123c7821d03a6,2026-05-12,804,5,47.16,
METRO Express Paralimni,6a02de7a3792633a3e95e168,2026-05-12,963,5,119.28,
METRO Express Aglantzia,6a02eae77d08ebfe806cecd5,2026-05-12,316,5,83.13,
METRO Express Mouttagiaka,6a02ef47d4df5f221394f0a2,2026-05-12,665,5,31.02,
METRO Express Agias Fylaxeos,6a02f38f4799ec0150d7b11d,2026-05-12,529,5,91.85,
METRO Express Strovolos,6a02f133d4df5f221394f3bb,2026-05-12,912,5,77.36,
METRO Express Mouttagiaka,6a02f2ad5b86878869800cc7,2026-05-12,667,5,125.06,
METRO Express Larnaca,6a02f61a0e693b6e4f73b831,2026-05-12,834,5,28.6,
METRO Express Paralimni,6a02f9ee014321825d9295d9,2026-05-12,980,5,98.08,
METRO Express Agias Fylaxeos,6a02fd511d35bc9ac42446b0,2026-05-12,540,5,48.34,
METRO Express Strovolos,6a02fde0041b3e69d461d720,2026-05-12,920,5,35.84,
METRO Express Platy,6a0306bf366755a35f3b2f7f,2026-05-12,196,1,6.14,
METRO Express Strovolos,6a030569c789c0de1b11f7b8,2026-05-12,927,5,26.53,
METRO Express Larnaca,6a030c6015422acef573fdf6,2026-05-12,858,5,27.3,
METRO Express Strovolos,6a02ff262dd4a1e1896486f0,2026-05-12,922,4,85.43,
METRO Express Strovolos,6a030434430e20dcf1a921b3,2026-05-12,924,4,136.02,
METRO Express Paralimni,6a030a944b00cd33c2398618,2026-05-12,994,5,36.76,
METRO Express Larnaca,6a02fd1ce016fc01f260a6b8,2026-05-12,841,5,40,
METRO Express Mouttagiaka,6a03100ce3c8298fa6441486,2026-05-12,694,4,20.47,
METRO Express Aglantzia,6a030e40a364490a75e3d2e2,2026-05-12,343,5,36.28,
METRO Express Paralimni,6a0317d38f3fa3602e9aa302,2026-05-12,003,5,24.01,
METRO Express Mouttagiaka,6a031b820a50c9d56193349f,2026-05-12,701,5,20.33,
METRO Express Larnaca,6a03124335b69ca7bf925775,2026-05-12,864,4,18.13,
METRO Express Larnaca,6a031a6c5d73d03b8f6fc74c,2026-05-12,878,5,20.2,
METRO Express Agias Fylaxeos,6a031d4d952bea242a7b6a5a,2026-05-12,595,5,57.76,
METRO Express Strovolos,6a0323b47119c55931b428b4,2026-05-12,954,5,71.59,
METRO Express Larnaca,6a031e472f887b5eaa1cd982,2026-05-12,883,5,96.13,
METRO Express Paralimni,6a030c6612f3fe715995ae78,2026-05-12,996,5,49.16,
METRO Express Aglantzia,6a032f43faf91c87445dd45d,2026-05-12,371,5,41.83,
METRO Express Agias Fylaxeos,6a032a64e86c338df4d3fa35,2026-05-12,617,4,75.34,
METRO Express Aglantzia,6a0337b2dd0828d37f5de43e,2026-05-12,377,5,34.95,
METRO Express Larnaca,6a0337c123ea367eb5619518,2026-05-12,922,5,27.75,
METRO Express Mouttagiaka,6a0330eb16aa45d48916042e,2026-05-12,735,3,27.65,
METRO Express Strovolos,6a03212fdda290278e9c1667,2026-05-12,953,5,29.55,
METRO Express Paralimni,6a033625beb93245dc95d8d9,2026-05-12,021,3,97.43,
METRO Express Strovolos,6a033dc7c77a9d564f59720d,2026-05-12,974,5,30.29,
METRO Express Strovolos,6a0343407f1d2677a461a5af,2026-05-12,985,5,67.61,
METRO Express Larnaca,6a03379dd6bebefaed2c81b0,2026-05-12,921,5,14.17,
METRO Express Agias Fylaxeos,6a033bccc77b250d9ee85780,2026-05-12,631,5,27.42,
METRO Express Mouttagiaka,6a03247d764e4fc56ea06f29,2026-05-12,722,5,50.6,
METRO Express Platy,6a034b25e6a0b892680474c1,2026-05-12,225,5,47.19,
METRO Express Platy,6a034b157d37edfd66ba2aee,2026-05-12,224,4,41.44,
METRO Express Paralimni,6a034f6011332fb306322b85,2026-05-12,041,5,31.25,
METRO Express Larnaca,6a035074598b0529be21a8ba,2026-05-12,960,5,64.91,
METRO Express Paralimni,6a034b57f5ddd27d2ee9c9a2,2026-05-12,038,4,147.5,
METRO Express Paralimni,6a03534e87e3ffd6b7ac48b5,2026-05-12,043,4,125.95,
METRO Express Strovolos,6a041463ddefcfda940e2277,2026-05-13,029,5,38.35,
METRO Express Aglantzia,6a03659c0f2458ddc098f0d2,2026-05-13,400,4,98.39,
METRO Express Aglantzia,6a0410791b6f17a642648ec2,2026-05-13,408,5,19.71,
METRO Express Mouttagiaka,6a033cfa6ac030560be47029,2026-05-13,751,5,58.59,
METRO Express Platy,6a041abd6776890b7dfd6f9e,2026-05-13,246,5,120.56,
METRO Express Mouttagiaka,6a0419209a885568b307b418,2026-05-13,786,5,44.37,
METRO Express Mouttagiaka,6a04199684829212b772154d,2026-05-13,787,4,29.02,
METRO Express Agias Fylaxeos,6a041a6b44fb62a18e2bb5a7,2026-05-13,702,5,29.96,
METRO Express Agias Fylaxeos,6a04260fd35fd14539d3b08a,2026-05-13,716,5,38.83,
METRO Express Larnaca,6a041d2769a542787ab4b1f6,2026-05-13,014,5,30.84,
METRO Express Agias Fylaxeos,6a04248907853d483e26edc7,2026-05-13,711,5,46.95,
METRO Express Aglantzia,6a042a04ddf260dfb214848c,2026-05-13,425,5,29.35,
METRO Express Platy,6a04278d5c65bbbf237b5c16,2026-05-13,251,5,33.63,
METRO Express Paralimni,6a0428e30fd2adae8c607c6c,2026-05-13,062,5,24.78,
METRO Express Strovolos,6a042c8f07302765fc86f6c2,2026-05-13,045,5,56.54,
METRO Express Aglantzia,6a0431f7685003b7aeceb260,2026-05-13,427,5,38.87,
METRO Express Larnaca,6a03f2074ae9f50779125a89,2026-05-13,979,5,84.18,
METRO Express Mouttagiaka,6a042daa196c7da052c2aa80,2026-05-13,808,5,45.35,
METRO Express Larnaca,6a0429b60ef8ffae911c5563,2026-05-13,028,5,43.69,
METRO Express Larnaca,6a042190c6acf77c02cb8b1e,2026-05-13,018,5,120.13,
METRO Express Paralimni,6a042fb1c7de719a61b79ca7,2026-05-13,069,5,14.68,
METRO Express Larnaca,6a042cd42a531cde63b36b1c,2026-05-13,032,5,38.88,
METRO Express Mouttagiaka,6a04328e3eb8c920a5537605,2026-05-13,815,5,34.43,
METRO Express Paralimni,6a0431cd383c7e8ed7d6b713,2026-05-13,071,5,62.86,
METRO Express Paralimni,6a0435c71565fe1d49d3eaf4,2026-05-13,074,5,44.66,
METRO Express Agias Fylaxeos,6a043d81decd13158e02fcda,2026-05-13,734,5,54.94,
METRO Express Agias Fylaxeos,6a044614372301ec9120d080,2026-05-13,748,5,59.41,
METRO Express Strovolos,6a044a2a4a00c0da57b786a2,2026-05-13,072,5,25.61,
METRO Express Larnaca,6a0438e2a6fdb3d9c7637549,2026-05-13,052,5,66.16,
METRO Express Paralimni,6a04436465cedfc3aa86eaf9,2026-05-13,081,5,27.26,
METRO Express Agias Fylaxeos,6a044dda100dcb85e1a459c8,2026-05-13,755,5,66.78,
METRO Express Mouttagiaka,6a045020dcd3cd7229d37be2,2026-05-13,837,5,46.5,
METRO Express Platy,6a045048c4a7fed8fd2acacc,2026-05-13,270,5,37.15,
METRO Express Platy,6a0445798c01670ccf8fa208,2026-05-13,267,4,45.15,
METRO Express Agias Fylaxeos,6a0453f519ef12536db597b6,2026-05-13,764,5,36.08,
METRO Express Mouttagiaka,6a045548078bed0c38d56e70,2026-05-13,843,2,52.04,
METRO Express Mouttagiaka,6a04571d5b94f360fc30da35,2026-05-13,846,5,68.88,
METRO Express Paralimni,6a0311dd2807729792da5d0d,2026-05-13,000,5,24.9,
METRO Express Paralimni,6a04581b0d249f075bd5b679,2026-05-13,094,4,42.61,
METRO Express Strovolos,6a040d7b556ba6d96d133b76,2026-05-13,023,5,55.52,
METRO Express Larnaca,6a045508a5171c80b750095d,2026-05-13,079,5,60.73,
METRO Express Mouttagiaka,6a045a899dca18791a0c069e,2026-05-13,854,5,61.62,
METRO Express Larnaca,6a035457d54fdb053a29ccdd,2026-05-13,967,5,53.74,
METRO Express Paralimni,6a0458248f5ce877108b46df,2026-05-13,095,5,18.08,
METRO Express Mouttagiaka,6a0460dfa4edcc303df3e291,2026-05-13,864,5,54.88,
METRO Express Larnaca,6a046633a5084df5e8a2bf3a,2026-05-13,098,1,87.12,
METRO Express Larnaca,6a046c118f0f21c682887791,2026-05-13,105,5,31.16,
METRO Express Larnaca,6a046a4efedd6575ae82f144,2026-05-13,102,5,85.25,
METRO Express Agias Fylaxeos,6a046a8c40e414cfe14988e5,2026-05-13,800,5,70.83,
METRO Express Agias Fylaxeos,6a046dbb328a64573e77939c,2026-05-13,805,5,29.95,
METRO Express Aglantzia,6a0476ec94278dfd5af1bc37,2026-05-13,471,5,29.4,
METRO Express Larnaca,6a0467e76a6277f385ed6e15,2026-05-13,100,4,33.76,
METRO Express Paralimni,6a045ed854617ae9ca7c4578,2026-05-13,103,4,47.13,
METRO Express Agias Fylaxeos,6a0476d022f9cc2ac2bb0a0f,2026-05-13,817,4,36.32,
METRO Express Aglantzia,6a047b784b693ffbef5c03ff,2026-05-13,477,5,52.11,
METRO Express Larnaca,6a047951fed0f440192fade8,2026-05-13,127,5,51.38,
METRO Express Aglantzia,6a0481e2223661d5f2d5efeb,2026-05-13,481,5,37.71,
METRO Express Agias Fylaxeos,6a0481581572e7f3d9fca977,2026-05-13,828,5,24.13,
METRO Express Larnaca,6a047b963e70edd1188c5528,2026-05-13,131,3,22.75,
METRO Express Agias Fylaxeos,6a048167a51879ab47251a6f,2026-05-13,829,5,37.43,
METRO Express Aglantzia,6a04893d004fde6c1d9568ef,2026-05-13,496,4,7.7,
METRO Express Aglantzia,6a048876572eddcc851b1d90,2026-05-13,494,5,29.47,
METRO Express Strovolos,6a0489c96b611faf54fdf968,2026-05-13,136,5,63.89,
METRO Express Aglantzia,6a04875c58b45288b59199d3,2026-05-13,490,5,33.69,
METRO Express Aglantzia,6a044d010e0c0b4525b6b1fe,2026-05-13,446,5,41.09,
METRO Express Aglantzia,6a048cc73be1c9c9dc5bae64,2026-05-13,500,5,43.82,
METRO Express Aglantzia,6a044cf8ac4a81ac05f429f2,2026-05-13,445,4,66.63,
METRO Express Paralimni,6a0473bf4f392baea2142d7f,2026-05-13,125,4,206.02,
METRO Express Paralimni,6a0481fcc7f66f6d56772424,2026-05-13,129,5,170.32,
METRO Express Platy,6a04743c9f21d8ceab0a32ec,2026-05-13,290,5,82.38,
METRO Express Agias Fylaxeos,6a048b4211e8cedc62d2db2f,2026-05-13,836,5,33.99,
METRO Express Aglantzia,6a048b4daf5fc7f3834137e7,2026-05-13,498,5,26.05,
METRO Express Mouttagiaka,6a0489d5a8ce5772759fa54a,2026-05-13,903,5,42.35,
METRO Express Paralimni,6a0488d0db5bd02f31b3c1b1,2026-05-13,131,5,34.22,
METRO Express Paralimni,6a048b2ceec69223b3df5853,2026-05-13,135,4,30.85,
METRO Express Larnaca,6a0490b78d7cf84bd1e21b45,2026-05-13,160,5,40.22,
METRO Express Platy,6a048f9a24eb80f21c5a62be,2026-05-13,299,5,18.28,
METRO Express Mouttagiaka,6a047bacd9b264575cf09289,2026-05-13,886,5,44.46,
METRO Express Larnaca,6a047fb8401b64c50539211a,2026-05-13,140,5,111.2,
METRO Express Larnaca,6a04903bee24e6a1029ab489,2026-05-13,157,3,37.28,
METRO Express Aglantzia,6a04989b9c3c07f2b5241581,2026-05-13,514,1,20.54,
METRO Express Mouttagiaka,6a04979857733866c11d5630,2026-05-13,910,5,42.08,
METRO Express Agias Fylaxeos,6a047f2b275cfa5731ee273b,2026-05-13,823,1,175.27,
METRO Express Strovolos,6a049e8000089696057dc60a,2026-05-13,165,5,63.37,
METRO Express Paralimni,6a049ec2703e2208d00259ac,2026-05-13,150,5,16.05,
METRO Express Agias Fylaxeos,6a04a72da606de6f60dbd8db,2026-05-13,866,5,42.62,
METRO Express Mouttagiaka,6a04aae5c5cdf6873853eddc,2026-05-13,924,5,10.85,
METRO Express Agias Fylaxeos,6a04ad9a7df5ed654bd6a034,2026-05-13,874,5,67.93,
METRO Express Agias Fylaxeos,6a055b479643d212da6c76c2,2026-05-14,886,5,17.6,
METRO Express Agias Fylaxeos,6a055b0489b769d60d5f9fac,2026-05-14,883,5,37.05,
METRO Express Agias Fylaxeos,6a053e5350b5d4304d97c63b,2026-05-14,881,5,13.89,
METRO Express Agias Fylaxeos,6a055b4588927d6fa92fdd83,2026-05-14,885,4,57.66,
METRO Express Larnaca,6a05503b0bd525e88551d3b9,2026-05-14,186,4,24.03,
METRO Express Larnaca,6a0560bdd4351ff9cb7e89af,2026-05-14,193,5,43.55,
METRO Express Agias Fylaxeos,6a055f903cb7da3ab896f8b4,2026-05-14,890,2,16.81,
METRO Express Mouttagiaka,6a05652bc2da62f25172f330,2026-05-14,938,5,45.97,
METRO Express Aglantzia,6a055eba88927d6fa92fe47e,2026-05-14,533,5,39.6,
METRO Express Mouttagiaka,6a05508850b5d4304d97daad,2026-05-14,933,5,83.66,
METRO Express Mouttagiaka,6a055efe20326f9388f236c5,2026-05-14,936,5,42.92,
METRO Express Larnaca,6a05656a07836ca200eb38bf,2026-05-14,202,5,58.38,
METRO Express Platy,6a055e415a9c77adb3e2ab25,2026-05-14,325,5,64.23,
METRO Express Strovolos,6a05633c09507b1c98ef4940,2026-05-14,209,5,98.27,
METRO Express Agias Fylaxeos,6a04e31c54b9f4f84bea42af,2026-05-14,879,1,240.34,
METRO Express Larnaca,6a058f5b71fd90fad9d1c4ec,2026-05-14,236,5,67.83,
METRO Express Paralimni,6a058dee64078e04d45ad8a0,2026-05-14,178,4,54.15,
METRO Express Agias Fylaxeos,6a058d655081af081c5c7639,2026-05-14,922,5,152.5,
METRO Express Larnaca,6a058eee5a562a43dbe00233,2026-05-14,235,5,44.61,
METRO Express Strovolos,6a058fe5030c12bf2b102664,2026-05-14,233,4,91.64,
METRO Express Aglantzia,6a0596496f9c536ccf202cc0,2026-05-14,568,4,43.57,
METRO Express Agias Fylaxeos,6a058c81470ed880ae729296,2026-05-14,920,5,56.36,
METRO Express Larnaca,6a059587dff7384b101dbb7f,2026-05-14,243,5,44.3,
METRO Express Agias Fylaxeos,6a0596baa7390bc5072c3692,2026-05-14,943,5,31.79,
METRO Express Larnaca,6a05aa12b20d8f2efe659093,2026-05-14,274,5,37.5,
METRO Express Strovolos,6a05a440661083594d7d396a,2026-05-14,252,5,134.88,
METRO Express Aglantzia,6a05a9efc87f7198dabbf9d2,2026-05-14,583,5,29.35,
METRO Express Strovolos,6a05af3cf1f4bbf87d420233,2026-05-14,269,5,47.47,
METRO Express Strovolos,6a05b2a28fe38531008ea3f1,2026-05-14,271,5,46.36,
METRO Express Mouttagiaka,6a05b7a0e2cc92059502c234,2026-05-14,006,5,17.58,
METRO Express Larnaca,6a05b69b00e6a6093c1beda6,2026-05-14,295,5,38.08,
METRO Express Strovolos,6a05b77f950def585a63f57e,2026-05-14,277,5,28.52,
METRO Express Paralimni,6a05a9ff40e77674933b735f,2026-05-14,202,5,66.47,
METRO Express Platy,6a05b92e7faf1a54ab68ceb1,2026-05-14,365,5,78.15,
METRO Express Strovolos,6a05bc90177beb2e46937ac6,2026-05-14,278,5,29.44,
METRO Express Larnaca,6a05aae45dbf3cb59fafc491,2026-05-14,277,5,38.15,
METRO Express Paralimni,6a05afb92bfc7c97760f5413,2026-05-14,209,5,47,
METRO Express Paralimni,6a05b72fbad263c94a545f62,2026-05-14,213,5,117.44,
METRO Express Paralimni,6a05ac9a94cab1b21a6e5dfb,2026-05-14,205,5,52.06,
METRO Express Mouttagiaka,6a05c00ed11f8f8c03c9851b,2026-05-14,021,5,37.2,
METRO Express Platy,6a05c087aee8402bf178d0c3,2026-05-14,368,5,23,
METRO Express Strovolos,6a05cbd232d87836e022d387,2026-05-14,294,4,41.8,
METRO Express Larnaca,6a05b65eb037a12c8b6cc00a,2026-05-14,293,5,48.76,
METRO Express Agias Fylaxeos,6a05c775876878ce35cbe61b,2026-05-14,994,5,42.97,
METRO Express Larnaca,6a05cb80508a9d93b5187ccc,2026-05-14,319,5,45.21,
METRO Express Paralimni,6a05c3b68dd5872a9b7415c9,2026-05-14,219,5,62.89,
METRO Express Paralimni,6a05bdce859c198d160f06ab,2026-05-14,216,1,31.58,
METRO Express Paralimni,6a05d1e00c4478e38f1e6623,2026-05-14,230,5,29.03,
METRO Express Strovolos,6a05db9a44a2f9ab7244e9ce,2026-05-14,306,5,78.01,
METRO Express Strovolos,6a05df4c217a806d6611997b,2026-05-14,310,5,42.51,
METRO Express Aglantzia,6a05e152d484f5c5f9e25333,2026-05-14,628,4,43.79,
METRO Express Larnaca,6a05d858e4e3e8543ba5c1ac,2026-05-14,337,5,94.73,
METRO Express Larnaca,6a05de25780d97fe8f175d60,2026-05-14,344,5,31.92,
METRO Express Paralimni,6a05cc69c878728dd331a46c,2026-05-14,225,5,157.16,
METRO Express Paralimni,6a05e3b28e24d024b761afb5,2026-05-14,238,5,30.21,
METRO Express Aglantzia,6a05e66c9d5153e41dd262c8,2026-05-14,632,5,46.47,
METRO Express Aglantzia,6a05ea39b626f0d76b93ed74,2026-05-14,633,5,65,
METRO Express Larnaca,6a05e5db0ef697547a89cbd0,2026-05-14,352,5,96.85,
METRO Express Larnaca,6a05ea22a5af0fe06ef7efae,2026-05-14,360,5,32.22,
METRO Express Agias Fylaxeos,6a05d80263220aaf6d543ce3,2026-05-14,010,5,19.75,
METRO Express Agias Fylaxeos,6a05e344154ba0abcf53eaaf,2026-05-14,016,5,98.97,
METRO Express Platy,6a05f145304dbe0507630efa,2026-05-14,387,5,18.41,
METRO Express Aglantzia,6a05f7ad58e79895d44c5d6d,2026-05-14,647,5,46.6,
METRO Express Strovolos,6a05ff6d98d7c4df6c896eb4,2026-05-14,345,5,48.03,
METRO Express Paralimni,6a05ed1330c2071fa0e27019,2026-05-14,245,4,138.58,
METRO Express Agias Fylaxeos,6a05e1b918f4b73aa2395dd1,2026-05-14,013,5,83.72,
METRO Express Paralimni,6a05f491516d3c94ca9e6980,2026-05-14,248,4,265.94,
METRO Express Larnaca,6a06ad67da22a7233d3bae8d,2026-05-15,400,5,79.81,
METRO Express Strovolos,6a06b2e5ad712715fb04ef7e,2026-05-15,359,5,50.55,
METRO Express Aglantzia,6a06abf9e511a331c1e1a227,2026-05-15,664,5,32.36,
METRO Express Paralimni,6a06b85c1c635e08ece6b67f,2026-05-15,261,5,68.51,
METRO Express Paralimni,6a059782ac94930027cb09c8,2026-05-15,189,5,40.21,
METRO Express Mouttagiaka,6a06bdf392dc878c3cef2485,2026-05-15,089,5,48.55,
METRO Express Strovolos,6a06c1598c1b3e857b59c556,2026-05-15,369,5,37.76,
METRO Express Larnaca,6a06bfae42bc251e614fc8c1,2026-05-15,417,5,33.27,
METRO Express Aglantzia,6a06b9cc2fde64337196fce4,2026-05-15,677,4,51,
METRO Express Agias Fylaxeos,6a06bf5c27ed30c53653b7a1,2026-05-15,056,5,36.83,
METRO Express Strovolos,6a06c24f3779e3dab80bd969,2026-05-15,370,5,90.15,
METRO Express Larnaca,6a06c5b997b2412353c10581,2026-05-15,424,5,37.11,
METRO Express Larnaca,6a06c83b31425070d7374fc1,2026-05-15,431,5,21.21,
METRO Express Platy,6a06c1c2d87a7f9ac327a848,2026-05-15,416,4,55.83,
METRO Express Agias Fylaxeos,6a06c8fb2ac9539f25ecb3de,2026-05-15,065,5,21.43,
METRO Express Larnaca,6a06ca5eaf78d53a49b7a3b2,2026-05-15,437,5,36.67,
METRO Express Larnaca,6a06cdaf3e9bce79bb670d22,2026-05-15,441,5,34.1,
METRO Express Agias Fylaxeos,6a06c7f51abb9930e82cfce8,2026-05-15,062,5,59.5,
METRO Express Aglantzia,6a06d16b413738e82cb7337e,2026-05-15,697,5,27.85,
METRO Express Mouttagiaka,6a06d2ea7b3cfd059b7cb1dc,2026-05-15,113,5,114.11,
METRO Express Aglantzia,6a06dd9ab5eebbcea2e382d8,2026-05-15,702,5,33.6,
METRO Express Paralimni,6a06ba5e463c62fe5d7bddc5,2026-05-15,264,5,51.13,
METRO Express Mouttagiaka,6a06dbd8683c8ffd70d956b7,2026-05-15,127,4,26.12,
METRO Express Larnaca,6a06e35916c66fcc88dda1a7,2026-05-15,467,5,75.67,
METRO Express Strovolos,6a06e05740a4fe6a5b66a750,2026-05-15,391,5,65.05,
METRO Express Aglantzia,6a06e3a4e3692cf841a63f5b,2026-05-15,705,5,34.95,
METRO Express Paralimni,6a06dbbcd1cd0a1df165450a,2026-05-15,278,5,40.14,
METRO Express Larnaca,6a06dfdee5e1ccf67fc5605b,2026-05-15,460,5,72.54,
METRO Express Paralimni,6a06e0566feddbe58aae30c5,2026-05-15,284,5,29.89,
METRO Express Aglantzia,6a06eda3539d7802178bbb69,2026-05-15,711,5,18.39,
METRO Express Strovolos,6a06e92bbf606e387118fea2,2026-05-15,400,5,129.86,
METRO Express Larnaca,6a06eb65b3839c21a5caca69,2026-05-15,477,5,56.36,
METRO Express Aglantzia,6a06edc0bc029361a123037f,2026-05-15,712,5,52.88,
METRO Express Larnaca,6a06e5a6fa45633694faea35,2026-05-15,471,5,152.62,
METRO Express Strovolos,6a06e9b30b2eb38680ddbed5,2026-05-15,404,4,87.72,
METRO Express Agias Fylaxeos,6a06f781023f4b225a7b45d8,2026-05-15,123,4,65.68,
METRO Express Aglantzia,6a0701f1a0add869573fc1db,2026-05-15,728,5,51.7,
METRO Express Larnaca,6a07023aaf7f593102299d80,2026-05-15,506,5,35.96,
METRO Express Agias Fylaxeos,6a070267bd4983495581bf3e,2026-05-15,130,5,43.23,
METRO Express Agias Fylaxeos,6a0700c296ab5dc9bb77d85c,2026-05-15,128,5,79.96,
METRO Express Mouttagiaka,6a07045551f2cd48906c705a,2026-05-15,160,5,113.8,
METRO Express Agias Fylaxeos,6a070b5271fc67f15b1d0003,2026-05-15,135,4,62.1,
METRO Express Larnaca,6a0709f5e86a9eac7384234a,2026-05-15,518,5,30.99,
METRO Express Mouttagiaka,6a0705a1e3c27d291dbeadd4,2026-05-15,161,5,109.43,
METRO Express Mouttagiaka,6a06a02643d88c560be891a8,2026-05-15,077,5,63.85,
METRO Express Mouttagiaka,6a070dc11a1fa446e0c3f489,2026-05-15,175,5,42.21,
METRO Express Larnaca,6a071302ce2596ecb16b2e7a,2026-05-15,525,5,60.38,
METRO Express Mouttagiaka,6a07161536fea5f5356a5f25,2026-05-15,179,5,19.78,
METRO Express Agias Fylaxeos,6a070da3cc613040481cdac1,2026-05-15,140,4,40.61,
METRO Express Aglantzia,6a071786e33b0ab06e4b2bde,2026-05-15,742,1,54.09,
METRO Express Paralimni,6a07189b8c71f809bd58022d,2026-05-15,314,5,73.76,
METRO Express Agias Fylaxeos,6a071550565d720ec3ee60f5,2026-05-15,149,5,44.62,
METRO Express Strovolos,6a0718c6235cc3286d75bbc0,2026-05-15,447,5,264.47,
METRO Express Mouttagiaka,6a0724ed6b09adb63349e5bf,2026-05-15,200,5,22.39,
METRO Express Strovolos,6a072268f1daee67fb07550e,2026-05-15,456,5,90.79,
METRO Express Agias Fylaxeos,6a0717f6c90819af0c4e399c,2026-05-15,156,5,45.47,
METRO Express Paralimni,6a072922359d915c250b44d8,2026-05-15,321,5,50.76,
METRO Express Aglantzia,6a072926737ddc23206af78c,2026-05-15,754,5,188.13,
METRO Express Larnaca,6a0726930aa270dcc1a9af36,2026-05-15,556,5,90.54,
METRO Express Agias Fylaxeos,6a07263965a0d4aa784e0f21,2026-05-15,175,4,47.23,
METRO Express Larnaca,6a072f8477eb20c13d5f0c5f,2026-05-15,577,5,53.08,
METRO Express Larnaca,6a0732d10b0bae0395390a91,2026-05-15,580,5,30.84,
METRO Express Strovolos,6a0738e5681794c032a19a9b,2026-05-15,479,1,43.13,
METRO Express Aglantzia,6a0739ba0f58087e238836c4,2026-05-15,767,4,71.93,
METRO Express Larnaca,6a070240b3839c21a5caebc4,2026-05-15,507,5,37.07,
METRO Express Aglantzia,6a074006b4769756b650f37a,2026-05-15,776,5,83.73,
METRO Express Platy,6a074aa917f52da37642e834,2026-05-15,468,5,36.61,
METRO Express Larnaca,6a0739de409ea6020e17c8f3,2026-05-15,593,1,120.22,
METRO Express Larnaca,6a073e5399357d31fcfbb222,2026-05-15,599,4,59.02,
METRO Express Mouttagiaka,6a074a2fe2c26a8502a30b51,2026-05-15,240,5,11.29,
METRO Express Agias Fylaxeos,6a07358a67604518878eea55,2026-05-15,187,4,108.3,
METRO Express Agias Fylaxeos,6a07419771f44143c5b97025,2026-05-15,197,4,34.04,
METRO Express Agias Fylaxeos,6a061e721031620fc1bc129f,2026-05-16,028,4,95.2,
METRO Express Larnaca,6a074669a7a782d1388a5014,2026-05-16,610,5,166.18,
METRO Express Strovolos,6a077cc835cfea6cdbb2254e,2026-05-16,505,4,209.95,
METRO Express Larnaca,6a078e88002e58603f938dc2,2026-05-16,625,5,142.61,
METRO Express Larnaca,6a080804bfb1e0b299565440,2026-05-16,639,5,45.83,
METRO Express Mouttagiaka,6a07faaf6827141f3b95b3a8,2026-05-16,251,5,39.48,
METRO Express Mouttagiaka,6a07a32ee8153f8c310842be,2026-05-16,247,5,175.79,
METRO Express Paralimni,6a07b214f9ae833a811ae4e3,2026-05-16,342,5,36.53,
METRO Express Agias Fylaxeos,6a08195454ca19b7bfa00aa0,2026-05-16,252,5,73.19,
METRO Express Platy,6a0819a2f40db31c1e1c8f22,2026-05-16,490,5,38.61,
METRO Express Larnaca,6a0815f7bf0e42e98c952b6d,2026-05-16,660,3,48.23,
METRO Express Aglantzia,6a081dea87b303d01dddc17e,2026-05-16,812,5,58.86,
METRO Express Larnaca,6a073ad6400b4c01d9d917fe,2026-05-16,596,5,54.64,
METRO Express Strovolos,6a080e71900174a61a3c0c55,2026-05-16,547,5,79.53,
METRO Express Mouttagiaka,6a082770252a57924228f102,2026-05-16,284,4,39.18,
METRO Express Mouttagiaka,6a08137cb6b696b08f74ab80,2026-05-16,259,5,33.24,
METRO Express Mouttagiaka,6a082877a416e810d6e6805b,2026-05-16,286,5,57.39,
METRO Express Agias Fylaxeos,6a0827e5b4bff86f601f82c8,2026-05-16,263,4,10.93,
METRO Express Agias Fylaxeos,6a081f50d03d0e44465ba9d8,2026-05-16,261,5,31.8,
METRO Express Agias Fylaxeos,6a082e61e08d5227c076bcf2,2026-05-16,269,5,31.38,
METRO Express Aglantzia,6a0829eb269706f4d7c4edbe,2026-05-16,823,5,137.18,
METRO Express Aglantzia,6a0822ae6177671e38e795d5,2026-05-16,817,4,28.92,
METRO Express Mouttagiaka,6a08303857996a4a4909b035,2026-05-16,295,5,66.59,
METRO Express Aglantzia,6a082cfd7733285b396bc0a1,2026-05-16,827,4,50.59,
METRO Express Agias Fylaxeos,6a083a0a45e49601fdbf9bc4,2026-05-16,279,4,30.53,
METRO Express Larnaca,6a082b22f40db31c1e1cacab,2026-05-16,684,1,148.68,
METRO Express Aglantzia,6a083b749ad26f5b34292e50,2026-05-16,837,5,42.46,
METRO Express Aglantzia,6a08292ede794ef755829b30,2026-05-16,822,5,43.12,
METRO Express Paralimni,6a0833db0a4e94ca528ace75,2026-05-16,396,5,155.65,
METRO Express Strovolos,6a083cb0b2199c41a4d927eb,2026-05-16,585,5,60.18,
METRO Express Aglantzia,6a083f3ffcd4c66c6e4d1909,2026-05-16,842,5,55.04,
METRO Express Mouttagiaka,6a08351fe77d1d87c1e6b355,2026-05-16,300,4,103.49,
METRO Express Mouttagiaka,6a084341376957a99168b608,2026-05-16,314,5,50.88,
METRO Express Larnaca,6a0846f81b8ddb606f0a2651,2026-05-16,717,5,51.59,
METRO Express Larnaca,6a084d0f23a4d042045c34aa,2026-05-16,727,5,50.1,
METRO Express Paralimni,6a0856ec990038bad8f4f2ec,2026-05-16,427,2,21.26,
METRO Express Larnaca,6a0856ed0a32c4fbcb7615a1,2026-05-16,741,5,76.62,
METRO Express Mouttagiaka,6a085b86522127d7393a4211,2026-05-16,338,4,36.02,
METRO Express Paralimni,6a0858d2683602c18f8aa638,2026-05-16,428,5,53.23,
METRO Express Agias Fylaxeos,6a086378d7e75c3688043ebb,2026-05-16,331,5,61.58,
METRO Express Larnaca,6a085250445dc92e8c0d3d89,2026-05-16,737,4,37,
METRO Express Aglantzia,6a0867bf815ce5cde67477e8,2026-05-16,879,5,25.43,
METRO Express Larnaca,6a0865dc5cc1d7d16b34cad1,2026-05-16,751,5,38.95,
METRO Express Larnaca,6a08614906366c52bef0cf93,2026-05-16,747,1,47.25,
METRO Express Paralimni,6a0848782c2de7d9250c0358,2026-05-16,410,5,50.81,
METRO Express Mouttagiaka,6a08676a2e119ad2409506b7,2026-05-16,346,5,73.62,
METRO Express Aglantzia,6a0870e84d165fd6013deaf7,2026-05-16,884,2,57.36,
METRO Express Aglantzia,6a087b39ff2425cd9bb63045,2026-05-16,892,5,22.17,
METRO Express Larnaca,6a086e376dcabb8f2713334b,2026-05-16,761,4,30.28,
METRO Express Aglantzia,6a087a604c3854022d1fc727,2026-05-16,889,3,28.54,
METRO Express Strovolos,6a088749116f7a628c84d66e,2026-05-16,675,5,50.38,
METRO Express Mouttagiaka,6a08879757e56a7e7dd33c4a,2026-05-16,383,5,48,
METRO Express Larnaca,6a0883db69faa577a44d3782,2026-05-16,786,4,155.45,
METRO Express Strovolos,6a088e554280c4a0fc52909b,2026-05-16,693,5,60.46,
METRO Express Agias Fylaxeos,6a088cecc7220e528bbee244,2026-05-16,381,5,29.6,
METRO Express Agias Fylaxeos,6a088f1c1e1a49dbcea5cbbf,2026-05-16,384,5,34.12,
METRO Express Agias Fylaxeos,6a089170d665a9be2d5ac122,2026-05-16,390,5,18.85,
METRO Express Aglantzia,6a0896888e367c46a91dd894,2026-05-16,914,5,29.09,
METRO Express Larnaca,6a088ca42fe06de09fdfee42,2026-05-16,793,5,57.12,
METRO Express Aglantzia,6a08937a2a401ae42eed94c9,2026-05-16,910,4,32.11,
METRO Express Paralimni,6a0894d157e56a7e7dd350f6,2026-05-16,473,5,21.93,
METRO Express Larnaca,6a088f139d3154e36bff2b28,2026-05-16,798,5,83.96,
METRO Express Larnaca,6a0892a1c1512c7d1577a45f,2026-05-16,803,4,43.77,
METRO Express Mouttagiaka,6a089492ad6772fa227bea5d,2026-05-16,397,5,30.34,
METRO Express Agias Fylaxeos,6a089a4aee665877565c6b7d,2026-05-16,402,4,20.65,
METRO Express Mouttagiaka,6a0899fcf23913affbc0c00b,2026-05-16,403,5,43.59,
METRO Express Larnaca,6a08973f1b8a44e72dc12167,2026-05-16,811,5,133.14,
METRO Express Paralimni,6a089e38a84a3f7dac144e6d,2026-05-16,479,5,80.83,
METRO Express Platy,6a08a49ebcb44d1624605b86,2026-05-16,558,5,48.3,
METRO Express Platy,6a08a513f92a34d24651e64e,2026-05-16,559,5,49.2,
METRO Express Aglantzia,6a095ca4a017c8de29654744,2026-05-17,930,5,20.93,
METRO Express Aglantzia,6a0945a83c85235c1452081d,2026-05-17,925,4,37.42,
METRO Express Strovolos,6a095030b55242655d48423d,2026-05-17,715,5,47.32,
METRO Express Paralimni,6a095da815d793918d66d7f4,2026-05-17,491,5,29.28,
METRO Express Paralimni,6a0951cab7e21828b8e19e44,2026-05-17,488,4,91.55,
METRO Express Larnaca,6a0967e39ed36d3be3731752,2026-05-17,831,5,120.06,
METRO Express Mouttagiaka,6a096b022603eaac66119c8e,2026-05-17,421,5,42.33,
METRO Express Agias Fylaxeos,6a0969142a4af948b8d0523c,2026-05-17,427,4,24.86,
METRO Express Paralimni,6a08d87a6b963f84b9a31943,2026-05-17,483,5,52.32,
METRO Express Aglantzia,6a0966b292ababcf1c2f4c34,2026-05-17,940,5,100.09,
METRO Express Strovolos,6a096a78370e264e4d3f3c0c,2026-05-17,738,5,58.65,
METRO Express Mouttagiaka,6a0972cb7a6536f3e2af374d,2026-05-17,433,5,34.75,
METRO Express Paralimni,6a096a6b740b7bcfb61f8d93,2026-05-17,503,4,22.79,
METRO Express Agias Fylaxeos,6a09789adf5754d86582f014,2026-05-17,447,5,36.01,
METRO Express Platy,6a0977dabcd4d07b879123ed,2026-05-17,578,5,46.72,
METRO Express Agias Fylaxeos,6a0970dfd31bb1f0eba56c40,2026-05-17,437,2,30.94,
METRO Express Mouttagiaka,6a0975b7a00f5a2ec94884bf,2026-05-17,435,2,76.62,
METRO Express Platy,6a097fc05cdf1d1f932b31eb,2026-05-17,585,5,35.62,
METRO Express Strovolos,6a097536b6004995fdc2a48d,2026-05-17,754,5,46.57,
METRO Express Larnaca,6a097890cd1bc5fe51a93c02,2026-05-17,856,5,47.94,
METRO Express Paralimni,6a097b4f044d4332f39bea5b,2026-05-17,516,5,67.14,
METRO Express Aglantzia,6a098590b8dcd87581d670ad,2026-05-17,971,5,50,
METRO Express Mouttagiaka,6a098e27781b4cd79ae44294,2026-05-17,450,5,19.52,
METRO Express Paralimni,6a098519bb7abc4cb4cfb11a,2026-05-17,523,4,142.02,
METRO Express Larnaca,6a09892da0cc39f5af01bd14,2026-05-17,880,4,48.66,
METRO Express Strovolos,6a0976cfd1989c6e648ca4f3,2026-05-17,757,5,64.26,
METRO Express Larnaca,6a098c4ba00f5a2ec948a973,2026-05-17,886,5,61.27,
METRO Express Mouttagiaka,6a099819a11e8f1bec770b21,2026-05-17,458,5,39.51,
METRO Express Aglantzia,6a0997e4f6a49b0d3d2407c0,2026-05-17,991,5,35.97,
METRO Express Larnaca,6a098edf153b72c48a1f1a2b,2026-05-17,892,5,56.57,
METRO Express Larnaca,6a0991f023e5a3808798732b,2026-05-17,900,5,58.4,
METRO Express Aglantzia,6a099fb803c3619bb66ca0c5,2026-05-17,996,4,6.05,
METRO Express Agias Fylaxeos,6a09ae095452b13c250f9c99,2026-05-17,517,5,35.86,
METRO Express Strovolos,6a09ad3fb494757b1b8d9be2,2026-05-17,818,5,72.03,
METRO Express Strovolos,6a09a25d380b044112085e65,2026-05-17,805,5,19.95,
METRO Express Paralimni,6a09b40e9b153490f31d6f35,2026-05-17,552,5,41.86,
METRO Express Larnaca,6a09b7bef14c1526ba82430c,2026-05-17,942,5,45.78,
METRO Express Larnaca,6a09b7da2f7de35f79a1bc6f,2026-05-17,943,5,50.54,
METRO Express Aglantzia,6a09b882d42edc96e76e161e,2026-05-17,008,4,19.43,
METRO Express Paralimni,6a09bb998d176c4cf100b00c,2026-05-17,565,5,53.94,
METRO Express Larnaca,6a09bf65a8db76a468f7068c,2026-05-17,947,4,15.31,
METRO Express Paralimni,6a09afb525d545f950cb51b9,2026-05-17,546,4,121.19,
METRO Express Larnaca,6a09b0141f985caba00c045a,2026-05-17,938,5,56.03,
METRO Express Agias Fylaxeos,6a09c323793ebf3e0b6decb2,2026-05-17,540,5,79.37,
METRO Express Agias Fylaxeos,6a09bf7a144e0ccd2a3aa3b2,2026-05-17,536,3,251.99,
METRO Express Platy,6a09bf1ff5464106b92e34f1,2026-05-17,608,5,55.71,
METRO Express Strovolos,6a09c6f745edb4d87e709aa7,2026-05-17,858,5,94.21,
METRO Express Strovolos,6a09cc976ca18d390685433b,2026-05-17,861,5,18.05,
METRO Express Mouttagiaka,6a09ce8146149cf348a06250,2026-05-17,501,5,11.67,
METRO Express Aglantzia,6a09cd83e1ed103952476e0c,2026-05-17,020,4,38.6,
METRO Express Larnaca,6a09c84f6ca18d3906853bbd,2026-05-17,957,5,71.99,
METRO Express Mouttagiaka,6a09cc0ad5b990f56f2a7e35,2026-05-17,499,5,59.98,
METRO Express Strovolos,6a09d5bedf3ab91284030118,2026-05-17,877,5,19.25,
METRO Express Strovolos,6a09d1759660a9a2146b5cf3,2026-05-17,870,5,37.04,
METRO Express Mouttagiaka,6a09d86d78687648a4a7f8ab,2026-05-17,518,5,47.07,
METRO Express Platy,6a09dffa3b5f8cec3a01ea2f,2026-05-17,618,3,106.26,
METRO Express Agias Fylaxeos,6a09def44491ab12e5704fd8,2026-05-17,575,5,52.66,
METRO Express Mouttagiaka,6a09daa08c2065377cb2a4db,2026-05-17,522,3,138.12,
METRO Express Larnaca,6a09d1ad4caa23d066fdfb1a,2026-05-17,975,5,82.08,
METRO Express Mouttagiaka,6a09df43e33e67bd259b9b0d,2026-05-17,525,5,19.62,
METRO Express Mouttagiaka,6a09e4fbc557d6a918a99e87,2026-05-17,535,5,106.81,
METRO Express Mouttagiaka,6a09d4bd835125ca2fd406b9,2026-05-17,509,5,20.3,
METRO Express Agias Fylaxeos,6a09e500c60df656464108c3,2026-05-17,586,3,29.55,
METRO Express Larnaca,6a09df4dee7a8648d1e75ec7,2026-05-17,980,5,49.91,
METRO Express Mouttagiaka,6a09ed890c3d39e313bbb171,2026-05-17,544,5,41.75,
METRO Express Larnaca,6a09e876e6ad542b4b117789,2026-05-17,993,5,47.42,
METRO Express Aglantzia,6a09edc2590501da9adb2e15,2026-05-17,054,5,36.36,
METRO Express Strovolos,6a09e37725580f163b5e4fc8,2026-05-17,899,5,47.15,
METRO Express Agias Fylaxeos,6a06c97e58369af2fce02114,2026-05-18,066,4,73.2,
METRO Express Agias Fylaxeos,6a0aa5cdfd70333f2075e4d4,2026-05-18,622,5,33.99,
METRO Express Aglantzia,6a0aafb29b63d1e275edfff8,2026-05-18,075,5,18.59,
METRO Express Paralimni,6a0aa9cf00a39fdee2a6a7f6,2026-05-18,614,5,47.41,
METRO Express Mouttagiaka,6a0a234f357692885cb07ae1,2026-05-18,547,5,55.45,
METRO Express Agias Fylaxeos,6a0aa811645a52e485e71379,2026-05-18,627,5,61.54,
METRO Express Mouttagiaka,6a0827781b96d86e85d9f848,2026-05-18,285,5,32.7,
METRO Express Mouttagiaka,6a0ab4e4f6a4911325796c1a,2026-05-18,562,5,38.32,
METRO Express Mouttagiaka,6a0aa87344c80d18e07108fc,2026-05-18,553,5,122.9,
METRO Express Aglantzia,6a0ab2ce427abeba074b4d44,2026-05-18,077,5,64.5,
METRO Express Agias Fylaxeos,6a0a1dee1d9f6206cdd55ff4,2026-05-18,614,5,50.29,
METRO Express Agias Fylaxeos,6a0aab69cc192635fea50a7f,2026-05-18,630,5,75.54,
METRO Express Aglantzia,6a0abc3bcaacb2626dbb757d,2026-05-18,086,4,37.67,
METRO Express Paralimni,6a0abd45c93219bc75048317,2026-05-18,625,4,67.39,
METRO Express Agias Fylaxeos,6a0aaf1180ba9f3c058acfce,2026-05-18,640,5,65.09,
METRO Express Mouttagiaka,6a0ab67b25aa48579a2c145a,2026-05-18,566,4,107.87,
METRO Express Paralimni,6a0ac21452b20b89a52244ff,2026-05-18,631,4,50.91,
METRO Express Aglantzia,6a0ac135b8417a44dd0e92f8,2026-05-18,093,5,22.01,
METRO Express Agias Fylaxeos,6a0aba3cb2b24e3fb550107a,2026-05-18,655,5,57.69,
METRO Express Aglantzia,6a0ac2d7b718571c42b8c356,2026-05-18,096,5,40.51,
METRO Express Larnaca,6a0ac8adaec9d6aad02519d4,2026-05-18,069,5,33.8,
METRO Express Agias Fylaxeos,6a0abbdeed7b8e4e2c5b840a,2026-05-18,657,5,42.89,
METRO Express Larnaca,6a0ac9a2708281ed4cb1b0ed,2026-05-18,071,5,25.96,
METRO Express Mouttagiaka,6a0acf431d37dd820f440cfc,2026-05-18,589,5,44.18,
METRO Express Larnaca,6a0ac35790968f457b31ee3f,2026-05-18,057,3,69.73,
METRO Express Larnaca,6a0ac5247203e876fba10243,2026-05-18,064,5,61.59,
METRO Express Agias Fylaxeos,6a0acd30856945189614af6a,2026-05-18,672,5,94.31,
METRO Express Strovolos,6a0ae4e2fcbef6b0b9619c74,2026-05-18,979,4,77.49,
METRO Express Agias Fylaxeos,6a0adfb57f7267c2ea551cbc,2026-05-18,703,4,45.06,
METRO Express Agias Fylaxeos,6a0ae2f6528d0deb76f923a1,2026-05-18,709,5,58.63,
METRO Express Larnaca,6a0ae29db2ba52da5b9e1dd5,2026-05-18,105,5,76.04,
METRO Express Mouttagiaka,6a0ad680ba207b9b38eee18b,2026-05-18,599,5,36.24,
METRO Express Larnaca,6a0ae84c43819c9c79a344f6,2026-05-18,113,5,8.49,
METRO Express Larnaca,6a0ae9201833770078d1111e,2026-05-18,115,5,32.91,
METRO Express Larnaca,6a0ad4f3b8874665a123362c,2026-05-18,085,5,18.3,
METRO Express Larnaca,6a0af7c63e1dc736513278b4,2026-05-18,134,5,101.64,
METRO Express Agias Fylaxeos,6a0af85af25543896d8b032e,2026-05-18,738,5,28.98,
METRO Express Aglantzia,6a0afdf6aa138253782da602,2026-05-18,130,5,41.6,
METRO Express Agias Fylaxeos,6a0afb3014a7a22fbdffea98,2026-05-18,747,5,88.47,
METRO Express Strovolos,6a0b05aef811928a5048e754,2026-05-18,009,5,31.16,
METRO Express Strovolos,6a0b06ab4d1248290caebe7f,2026-05-18,012,5,45.46,
METRO Express Strovolos,6a0b0a01613f209edbd38ebc,2026-05-18,015,5,19.41,
METRO Express Strovolos,6a0b0939dfc35c0d9a89928b,2026-05-18,014,4,57.99,
METRO Express Strovolos,6a0b05fb1251b7be8cfcc2c4,2026-05-18,010,4,101.03,
METRO Express Mouttagiaka,6a0b073676004c53c38a4b9e,2026-05-18,655,5,58.96,
METRO Express Strovolos,6a0b0fa3bc9ec8a1defea069,2026-05-18,022,5,37.12,
METRO Express Aglantzia,6a0b04ab57d68d74fb7fa315,2026-05-18,132,5,18.06,
METRO Express Platy,6a0b10d1613f209edbd3983f,2026-05-18,666,4,72,
METRO Express Larnaca,6a0b0f7e0b67a622ed85a623,2026-05-18,171,5,57.76,
METRO Express Mouttagiaka,6a0b0c8a4e585d6e1c759853,2026-05-18,662,5,44.53,
METRO Express Strovolos,6a0b15b71b5fc274ea9c449f,2026-05-18,028,5,45.25,
METRO Express Mouttagiaka,6a0b138dd86a2946f05ffd5e,2026-05-18,669,5,33.47,
METRO Express Agias Fylaxeos,6a0b14ee4d1d667e0898a608,2026-05-18,787,5,42.08,
METRO Express Aglantzia,6a0add7a0b00e08e8a400d8f,2026-05-18,111,2,34.06,
METRO Express Agias Fylaxeos,6a0b19229f496504d265eb0c,2026-05-18,795,5,35.14,
METRO Express Agias Fylaxeos,6a0b188d0f8d2ab3fd6cc8db,2026-05-18,793,4,40.95,
METRO Express Mouttagiaka,6a0b121d7766492c04aafd90,2026-05-18,667,5,40.46,
METRO Express Paralimni,6a0b00068b9e6567ddeebfde,2026-05-18,666,5,124.21,
METRO Express Larnaca,6a0b1030c48f3b41a39b4932,2026-05-18,172,5,58.33,
METRO Express Paralimni,6a0b204add0c814f6ca6bf9e,2026-05-18,686,5,175.93,
METRO Express Mouttagiaka,6a0b219f91d00d99f90719dd,2026-05-18,672,4,37.63,
METRO Express Agias Fylaxeos,6a0b2c3d91f87f73cf3caef7,2026-05-18,803,5,24.44,
METRO Express Platy,6a0b301a39dfc2952bcff9de,2026-05-18,682,5,36.44,
METRO Express Strovolos,6a0b25813a3316613e687267,2026-05-18,049,5,37.61,
METRO Express Agias Fylaxeos,6a0b306805f4144889dd30d5,2026-05-18,809,5,64.54,
METRO Express Aglantzia,6a0b33de2fafdd6d5173372d,2026-05-18,181,5,27.53,
METRO Express Larnaca,6a0b2ce96597505beed2d890,2026-05-18,210,5,39.06,
METRO Express Larnaca,6a0b31cd412f062230222580,2026-05-18,220,5,35.1,
METRO Express Aglantzia,6a0b2e2ab294b81a475cafb4,2026-05-18,175,5,75.06,
METRO Express Paralimni,6a0b271c811e44b70f0e1d71,2026-05-18,692,3,37.87,
METRO Express Aglantzia,6a0b33fbc0be3a3747174545,2026-05-18,182,5,90.25,
METRO Express Strovolos,6a0b34ad478571464e05bddd,2026-05-18,059,5,36.59,
METRO Express Aglantzia,6a0b43e0fc5defee2f4f7db1,2026-05-18,191,1,45.63,
METRO Express Agias Fylaxeos,6a0bf1db6ea5d79f163a32bd,2026-05-19,838,5,38.2,
METRO Express Paralimni,6a0bf503c2f6fce7e99390e1,2026-05-19,716,5,15.91,
METRO Express Paralimni,6a0bf6d54d1c05b0f898482f,2026-05-19,717,5,26.86,
METRO Express Aglantzia,6a0b65516c504d9e028cf8fb,2026-05-19,195,2,25.84,
METRO Express Mouttagiaka,6a0bf7fb4baab7bf4dd1e585,2026-05-19,712,1,58.28,
METRO Express Agias Fylaxeos,6a0bf4f1d86fd9691a1557a0,2026-05-19,841,4,23.08,
METRO Express Paralimni,6a0bfcbf39ea7d87de4646f0,2026-05-19,720,5,35.17,
METRO Express Agias Fylaxeos,6a0af34bc9f7628e8413686c,2026-05-19,734,5,31.81,
METRO Express Paralimni,6a0c0347bf56c8feaa581efe,2026-05-19,722,5,37.38,
METRO Express Larnaca,6a0bf69721247d8e7aed09ca,2026-05-19,250,5,114,
METRO Express Aglantzia,6a0c0be36ed86cc61fc10d73,2026-05-19,220,5,16.16,
METRO Express Mouttagiaka,6a0c0fc90a8fbb27bb896e57,2026-05-19,733,5,54.39,
METRO Express Larnaca,6a0c0c6f735843a1836e0d44,2026-05-19,280,5,44.23,
METRO Express Strovolos,6a0c04a8aed4f4953d3ded11,2026-05-19,108,5,72.84,
METRO Express Larnaca,6a0c0c985c0b1faa2c30754d,2026-05-19,282,5,74.51,
METRO Express Platy,6a0c0f664c1bbf3bceb4da83,2026-05-19,716,5,82.13,
METRO Express Agias Fylaxeos,6a0c17093c2e0e9238e66150,2026-05-19,877,5,61.31,
METRO Express Larnaca,6a0c20220ee69c0d5be50f8b,2026-05-19,302,5,77.98,
METRO Express Aglantzia,6a0c29c51d55bec8f0044e54,2026-05-19,248,5,49.78,
METRO Express Strovolos,6a0c1a1081705dd85be7a08a,2026-05-19,131,5,44.57,
METRO Express Strovolos,6a0c209f77f74b5e6dce10f0,2026-05-19,137,5,98.23,
METRO Express Agias Fylaxeos,6a0c28aad1f1fe71a2cb4972,2026-05-19,897,5,40.94,
METRO Express Mouttagiaka,6a0c34fe9639bc4d1eaa7ccf,2026-05-19,772,5,95.96,
METRO Express Aglantzia,6a0c3b69844a189e8f1305f6,2026-05-19,261,5,39.76,
METRO Express Larnaca,6a0c2ec1f2f917dc0de1a69c,2026-05-19,315,5,87.74,
METRO Express Aglantzia,6a0c36ec1b9fb810a5dc30dc,2026-05-19,258,5,36.31,
METRO Express Strovolos,6a0c32a68b4854ebfd1b4870,2026-05-19,156,5,77.58,
METRO Express Strovolos,6a0c2657eb2ac2421f3e419d,2026-05-19,144,4,60.88,
METRO Express Mouttagiaka,6a0c4096b2bca4148faf75e1,2026-05-19,781,5,43.37,
METRO Express Larnaca,6a0c3d8745e60d2fc7a1c254,2026-05-19,341,4,50.93,
METRO Express Aglantzia,6a0c422d5d3d7618ae40425d,2026-05-19,264,5,61.87,
METRO Express Larnaca,6a0c3ba327f9d9ff2f1d6d15,2026-05-19,335,4,72.3,
METRO Express Paralimni,6a0c3d0527f9d9ff2f1d6ef7,2026-05-19,752,5,193.93,
METRO Express Larnaca,6a0c4439670b7c6195936575,2026-05-19,347,5,70.36,
METRO Express Paralimni,6a0c47b9a7457aba65667a08,2026-05-19,757,5,47.1,
METRO Express Larnaca,6a0c467e5a94dc5f61ab3053,2026-05-19,351,5,20.64,
METRO Express Mouttagiaka,6a0c4642d9626d8f3c0617ef,2026-05-19,787,5,22.82,
METRO Express Aglantzia,6a0c3f24114deb33aec01c74,2026-05-19,262,5,39.33,
METRO Express Paralimni,6a0c4233d62223dc69d852e4,2026-05-19,754,4,67.33,
METRO Express Mouttagiaka,6a0c478624d4d9bfd67ae826,2026-05-19,792,5,72.15,
METRO Express Aglantzia,6a0c53308fbdc8ca97d4c239,2026-05-19,271,5,23.78,
METRO Express Agias Fylaxeos,6a0c5359773bd4f4e6448f2b,2026-05-19,943,5,66.25,
METRO Express Mouttagiaka,6a0c48c0c2ae0522630c2ec2,2026-05-19,795,5,149.2,
METRO Express Larnaca,6a0c4e1bb3bc49b349f63a69,2026-05-19,359,4,36.55,
METRO Express Larnaca,6a0c5153a0a96e956ad6c3cd,2026-05-19,363,5,32.58,
METRO Express Strovolos,6a0c3b8609e89e9060877801,2026-05-19,165,5,53.23,
METRO Express Larnaca,6a0c5506a42fec879493ba3d,2026-05-19,366,4,100.72,
METRO Express Paralimni,6a0c4d1d42bdac6ca2ff8406,2026-05-19,762,5,59.78,
METRO Express Larnaca,6a0c4595d51839df8f49dd0c,2026-05-19,350,5,68.64,
METRO Express Strovolos,6a0c54ab37673835bdab579d,2026-05-19,194,5,121.24,
METRO Express Platy,6a0c5ec8a5dfc02da56c9eb6,2026-05-19,742,5,17.15,
METRO Express Mouttagiaka,6a0c5e9f280c566d473d77bf,2026-05-19,809,4,40.28,
METRO Express Agias Fylaxeos,6a0c5c2fdd9f667d82031e44,2026-05-19,954,5,59.16,
METRO Express Larnaca,6a0c5d6bc4c947b3e5980f68,2026-05-19,376,5,42.75,
METRO Express Agias Fylaxeos,6a0c67739ccdeb6b77efa9bd,2026-05-19,966,4,36.43,
METRO Express Mouttagiaka,6a0c6d084cb65946f41ed5df,2026-05-19,820,5,70.45,
METRO Express Strovolos,6a0bfd3b44b6d7206ca08b79,2026-05-19,097,5,43.13,
METRO Express Agias Fylaxeos,6a0c786f814badcfeca611e8,2026-05-19,984,5,35.14,
METRO Express Agias Fylaxeos,6a0c7ad5cb034eca1cf98b9e,2026-05-19,988,5,43.03,
METRO Express Agias Fylaxeos,6a0c7a6fe1c4a27b2d8abe7a,2026-05-19,987,5,63.76,
METRO Express Mouttagiaka,6a0c8332d0509ba2dce25e69,2026-05-19,846,3,29.67,
METRO Express Strovolos,6a0c8abd7344302291598f9a,2026-05-19,243,5,30.51,
METRO Express Mouttagiaka,6a0c88dd227ee6d57c4672a0,2026-05-19,850,1,35.48,
METRO Express Aglantzia,6a0c9168f26641c9c9c66091,2026-05-19,323,3,26.14,
METRO Express Larnaca,6a0c896b9dfe0c88288b55c6,2026-05-19,420,5,97.51,
METRO Express Agias Fylaxeos,6a0c89123fd62cb22b32f580,2026-05-19,003,5,63.39,
METRO Express Larnaca,6a0c8c65d239ecec58c60768,2026-05-19,426,5,64.55,
METRO Express Agias Fylaxeos,6a0c913c0c574c2f7f62f119,2026-05-19,013,5,29.5,
METRO Express Platy,6a0c8eba02acc7c4b5d3fe37,2026-05-19,763,5,64.74,
METRO Express Paralimni,6a0c910171b6daff5d7e088e,2026-05-19,818,1,23.1,
METRO Express Platy,6a0d3f408fc3402436eeaecb,2026-05-20,770,5,36.92,
METRO Express Aglantzia,6a0c977a3b3b691d9ef7611e,2026-05-20,328,3,82.34,
METRO Express Agias Fylaxeos,6a0d499d93db79178e854109,2026-05-20,030,5,43.24,
METRO Express Strovolos,6a0d4f17ec297139daaec352,2026-05-20,274,5,46.71,
METRO Express Larnaca,6a0d4d8fc36882ccdb6735db,2026-05-20,464,5,70.64,
METRO Express Aglantzia,6a0d5040c2909affe5fd865e,2026-05-20,340,5,91.76,
METRO Express Larnaca,6a0d508d2e433813b30a45ba,2026-05-20,474,5,27.45,
METRO Express Mouttagiaka,6a0cdbf06ab701f396b9a2c0,2026-05-20,873,5,43.83,
METRO Express Mouttagiaka,6a0d4c9e84148b48d4d9943c,2026-05-20,880,5,14.02,
METRO Express Mouttagiaka,6a0d519bd7232842193fa9e1,2026-05-20,884,5,51.12,
METRO Express Paralimni,6a0d5332ec4b2076a6e43b2c,2026-05-20,827,5,47.68,
METRO Express Larnaca,6a0d56f772cd469c9e35b339,2026-05-20,484,5,37.78,
METRO Express Mouttagiaka,6a0d58ef1f8ee1036014e302,2026-05-20,891,5,31.57,
METRO Express Paralimni,6a0d58358fc3402436eed5a2,2026-05-20,828,5,68.3,
METRO Express Agias Fylaxeos,6a0d43050a107525fe1a8139,2026-05-20,025,5,30.91,
METRO Express Larnaca,6a0d5f8a1eb3a9b52928f938,2026-05-20,495,5,36.74,
METRO Express Larnaca,6a0d5ed5bf1f36957da55517,2026-05-20,494,5,52.54,
METRO Express Agias Fylaxeos,6a0d65c8eb0b548ad475c686,2026-05-20,059,5,59.54,
METRO Express Agias Fylaxeos,6a0d67397b61ec172545bd09,2026-05-20,062,5,134.8,
METRO Express Strovolos,6a0d690e83935f359268e176,2026-05-20,295,5,204.95,
METRO Express Agias Fylaxeos,6a0d69d049373854b88b174c,2026-05-20,069,5,43.13,
METRO Express Mouttagiaka,6a0d65fc7b61ec172545baac,2026-05-20,904,5,69.35,
METRO Express Mouttagiaka,6a0d6d3d558de39405917272,2026-05-20,908,5,45.35,
METRO Express Strovolos,6a0d7feac9566c61c5a7cb40,2026-05-20,320,5,59.84,
METRO Express Strovolos,6a0d80c1d7274ff891bd2d6c,2026-05-20,322,5,5.95,
METRO Express Larnaca,6a0d74a7350435cf8c975725,2026-05-20,524,5,34.47,
METRO Express Larnaca,6a0d75bd54d102a14e75f776,2026-05-20,527,5,18.48,
METRO Express Mouttagiaka,6a0d7e88f08323c97f3fcdb4,2026-05-20,928,4,26.23,
METRO Express Agias Fylaxeos,6a0d82cc32eef7c4383cb73e,2026-05-20,097,5,35.27,
METRO Express Paralimni,6a0d7fd35e5129d04d1ca80b,2026-05-20,844,5,18.03,
METRO Express Larnaca,6a0d72e5e8dadbd30b705113,2026-05-20,521,5,91.24,
METRO Express Larnaca,6a0d70a2faf4a079c74a87a1,2026-05-20,513,5,107.83,
METRO Express Agias Fylaxeos,6a0d87f30b96651a8ee29c84,2026-05-20,101,5,44.96,
METRO Express Strovolos,6a0d87bce92e4d6aadf35771,2026-05-20,327,5,50.86,
METRO Express Mouttagiaka,6a0d821d1c883bcfd662860c,2026-05-20,936,5,66.53,
METRO Express Paralimni,6a0d8819d76fd286e7a1fa7e,2026-05-20,849,5,18.78,
METRO Express Mouttagiaka,6a0d807bb8bc3ffd2d42a870,2026-05-20,934,5,74.97,
METRO Express Agias Fylaxeos,6a0d852beb9111d2e9e90c26,2026-05-20,098,5,18.21,
METRO Express Strovolos,6a0d96d1f66d31ef1b57dcc2,2026-05-20,342,5,33.12,
METRO Express Larnaca,6a0d7d4988413b311d01db4f,2026-05-20,540,5,127.18,
METRO Express Paralimni,6a0d958efef12626ef7a69a3,2026-05-20,867,5,23.08,
METRO Express Paralimni,6a0d935413821444dc096c1d,2026-05-20,865,5,20.07,
METRO Express Mouttagiaka,6a0d98fac3672f7b314a3a49,2026-05-20,957,5,10.17,
METRO Express Mouttagiaka,6a0d96b2d6c8ac945f05a3d1,2026-05-20,954,5,110.13,
METRO Express Larnaca,6a0d977928522023cad911d3,2026-05-20,564,4,47.27,
METRO Express Larnaca,6a0da02a9b273c04877c34a0,2026-05-20,568,5,41.02,
METRO Express Larnaca,6a0da6316e3dd12ab7622c7d,2026-05-20,571,5,67.52,
METRO Express Aglantzia,6a0db293e907c898895b33c8,2026-05-20,380,5,36.39,
METRO Express Strovolos,6a0da99ffa7ae3ac8d415546,2026-05-20,355,5,235.51,
METRO Express Strovolos,6a0db0e47e5888b4e217ec5f,2026-05-20,364,5,39.22,
METRO Express Mouttagiaka,6a0db9c92a1f037b31581a15,2026-05-20,978,4,38.28,
METRO Express Mouttagiaka,6a0dc274cf9231367915d88e,2026-05-20,982,5,47.2,
METRO Express Strovolos,6a0dc2f1151b324f8ce68288,2026-05-20,385,5,98.66,
METRO Express Paralimni,6a0dc42beb1df5451368fda6,2026-05-20,897,5,19.53,
METRO Express Mouttagiaka,6a0dc63a32435fc5f5b3a950,2026-05-20,989,5,37.61,
METRO Express Paralimni,6a0dbf5ca7dbfdee84bda11f,2026-05-20,895,4,25.66,
METRO Express Paralimni,6a0dc56e1c5d0bfcaca563ca,2026-05-20,900,5,14.59,
METRO Express Platy,6a0dce63353d5597240023b9,2026-05-20,812,5,42.03,
METRO Express Aglantzia,6a0dd3686e0531253a1206d0,2026-05-20,410,5,18.99,
METRO Express Mouttagiaka,6a0dd553650d9f1366c109e1,2026-05-20,008,5,40.47,
METRO Express Strovolos,6a0dd11889a25f5026cf8362,2026-05-20,409,5,24.05,
METRO Express Larnaca,6a0dd8763f86dd5f456bb3be,2026-05-20,638,5,18.32,
METRO Express Platy,6a0de4a5c31e5abb0ea2dc81,2026-05-20,815,5,35.68,
METRO Express Mouttagiaka,6a0ddf7c614e43a4d9b3b606,2026-05-20,020,4,61.96,
METRO Express Aglantzia,6a0ddc9a5df17e8251e58ebb,2026-05-20,419,1,32.66,
METRO Express Agias Fylaxeos,6a0e9d24863200eba0422181,2026-05-21,214,5,97.28,
METRO Express Mouttagiaka,6a0e8bf2d32fbc0dd7205749,2026-05-21,033,5,39.3,
METRO Express Aglantzia,6a0ea5f5731c20a309ced4ed,2026-05-21,440,3,31.22,
METRO Express Aglantzia,6a0ea69a358642b951b3039e,2026-05-21,442,4,40.89,
METRO Express Agias Fylaxeos,6a0ea2f60b37e95139acf511,2026-05-21,221,2,163.57,
METRO Express Agias Fylaxeos,6a0ea8057dd6e25e5bf86f60,2026-05-21,229,5,36.58,
METRO Express Paralimni,6a0e9d89c5ecc1bc6b9303ae,2026-05-21,936,2,129.45,
METRO Express Larnaca,6a0eb0e3d5d6bb371fd423d4,2026-05-21,693,4,20.53,
METRO Express Mouttagiaka,6a0eb3232932cb983db61640,2026-05-21,051,5,63.33,
METRO Express Mouttagiaka,6a0ea250b070e02e931b638f,2026-05-21,036,3,102.64,
METRO Express Paralimni,6a0e9e9090423aee8f4d976a,2026-05-21,938,4,51.75,
METRO Express Paralimni,6a0ebc3eb109cc3806ee7ae6,2026-05-21,959,5,42.49,
METRO Express Platy,6a0eb5ad721ea89d0f71cd13,2026-05-21,833,4,55.87,
METRO Express Agias Fylaxeos,6a0ec4bec6905fa156806925,2026-05-21,258,1,19.12,
METRO Express Larnaca,6a0ebc61cfc2883272e259b2,2026-05-21,708,5,29.96,
METRO Express Paralimni,6a0ebf88343effb2c009c9b1,2026-05-21,963,5,104.75,
METRO Express Strovolos,6a0ec17265f7e96f1f6806d4,2026-05-21,478,5,29.58,
METRO Express Mouttagiaka,6a0ebe789f54f381f99bf3d3,2026-05-21,067,5,24.66,
METRO Express Paralimni,6a0ec38b343effb2c009cf22,2026-05-21,967,5,122.87,
METRO Express Mouttagiaka,6a0eb745762079ff15156018,2026-05-21,059,4,23.55,
METRO Express Mouttagiaka,6a0ec8bc343effb2c009d65c,2026-05-21,075,4,42.31,
METRO Express Paralimni,6a0ec86b2453275c938b76ba,2026-05-21,971,5,32.92,
METRO Express Larnaca,6a0ec253fcfa74cb0bd2fb1f,2026-05-21,719,4,50.47,
METRO Express Mouttagiaka,6a0ecd9d267b80bc915996ca,2026-05-21,081,5,17.34,
METRO Express Larnaca,6a0ed00d4d6fa380162eb8a5,2026-05-21,734,5,68.76,
METRO Express Paralimni,6a0ed57085016b5e5b06c9ff,2026-05-21,981,4,18.26,
METRO Express Paralimni,6a0edb30d6df84853e24cd98,2026-05-21,985,5,21.59,
METRO Express Aglantzia,6a0edb948eb8ea3a27205cbb,2026-05-21,469,5,29.9,
METRO Express Larnaca,6a0ed44818d7245f7e7d4986,2026-05-21,739,5,65.75,
METRO Express Larnaca,6a0ede5ace7eae20a54e7e41,2026-05-21,751,5,60.57,
METRO Express Mouttagiaka,6a0ee186336ba19fa9f01616,2026-05-21,096,4,36.62,
METRO Express Paralimni,6a0ee2a3eb6316dd4cca60a7,2026-05-21,989,5,63.53,
METRO Express Agias Fylaxeos,6a0ee3a65152326184351699,2026-05-21,287,5,48.68,
METRO Express Paralimni,6a0ee3ba7c5685d57c5e9d7b,2026-05-21,991,5,34.87,
METRO Express Mouttagiaka,6a0ee4026ef5d4e9a05d657a,2026-05-21,101,5,19.88,
METRO Express Larnaca,6a0ee70c3a79b04943b8e5e0,2026-05-21,761,5,101.92,
METRO Express Mouttagiaka,6a0eecd6cfc8332a13d8c697,2026-05-21,107,5,45.34,
METRO Express Agias Fylaxeos,6a0ef8c9301ad3bf5d206e5e,2026-05-21,300,5,46.2,
METRO Express Aglantzia,6a0efd290ff77e3b2319bbd4,2026-05-21,490,5,19.86,
METRO Express Agias Fylaxeos,6a0ea563e13d61cf7642d1b9,2026-05-21,223,5,81.23,
METRO Express Agias Fylaxeos,6a0f012b153244b2d6e65f67,2026-05-21,310,5,19.3,
METRO Express Strovolos,6a0efd6b6ccae00cb83d2e33,2026-05-21,538,4,108.58,
METRO Express Aglantzia,6a0f11337b53ef6e365f79e9,2026-05-21,498,5,34.88,
METRO Express Platy,6a0f0eedd1454d3d20fa5043,2026-05-21,860,5,46.7,
METRO Express Agias Fylaxeos,6a0f0d49eec1f6c1220f24ac,2026-05-21,323,4,64.94,
METRO Express Larnaca,6a0f1282f5011983dc6a6eb8,2026-05-21,804,5,84.62,
METRO Express Strovolos,6a0f14cf592a71965ac82873,2026-05-21,563,5,37.45,
METRO Express Mouttagiaka,6a0f18b12e80def0a4d41bd0,2026-05-21,151,5,50.76,
METRO Express Larnaca,6a0ef7ca59561362c44542c4,2026-05-21,776,5,42.71,
METRO Express Paralimni,6a0f182b6dc77aea78efdc18,2026-05-21,024,5,29.74,
METRO Express Strovolos,6a0f1b1d6730296cd98d5a9f,2026-05-21,570,5,15.81,
METRO Express Mouttagiaka,6a0f1b02f3dc80370cc3463c,2026-05-21,155,4,38.76,
METRO Express Platy,6a0f23120cd2c0f55f25eb16,2026-05-21,870,5,27.06,
METRO Express Paralimni,6a0f14d30143a6ed65be231f,2026-05-21,023,5,182.78,
METRO Express Mouttagiaka,6a0f1fd2ccfef279110b3e0a,2026-05-21,164,5,20.66,
METRO Express Agias Fylaxeos,6a0f12b0079ae6c3fb3694b4,2026-05-21,331,5,64.31,
METRO Express Agias Fylaxeos,6a0f1e4eaa46901edc676dec,2026-05-21,346,5,69.22,
METRO Express Platy,6a0f2966801225c0353fe870,2026-05-21,873,5,45.8,
METRO Express Paralimni,6a0f25b1eb00f812de2b02e8,2026-05-21,035,5,51.81,
METRO Express Strovolos,6a0f30a1c4eb5a26feb24ea9,2026-05-21,586,5,99.58,
METRO Express Larnaca,6a0f2996ec3af773594c0092,2026-05-21,830,5,35.87,
METRO Express Larnaca,6a0f2abe592a71965ac848d4,2026-05-21,832,4,109,
METRO Express Larnaca,6a0f376f2c3731a55325556f,2026-05-21,841,5,38.81,
METRO Express Agias Fylaxeos,6a0f3a05af583cec7a2d0324,2026-05-21,375,5,58.49,
METRO Express Platy,6a0f3e596e4c32291b5fbf46,2026-05-21,886,5,38.07,
METRO Express Agias Fylaxeos,6a0f5fa432783cbc0bf5e6db,2026-05-22,377,5,35.45,
METRO Express Platy,6a0fef7e46e336be974cef39,2026-05-22,893,5,72.2,
METRO Express Larnaca,6a0ff2010948beed44d20dfb,2026-05-22,861,5,39.87,
METRO Express Larnaca,6a0f445a7ed4a51734e75de7,2026-05-22,843,5,88.82,
METRO Express Paralimni,6a0ffd2500ea891f7295e352,2026-05-22,055,5,19.28,
METRO Express Aglantzia,6a1000575a078ef4b558d204,2026-05-22,550,4,36.73,
METRO Express Aglantzia,6a1002903dd73d21b068c236,2026-05-22,553,5,24.37,
METRO Express Aglantzia,6a1002ed2fe53831059c68d7,2026-05-22,554,5,100.94,
METRO Express Mouttagiaka,6a1002949eac539b11accac1,2026-05-22,207,5,41.49,
METRO Express Mouttagiaka,6a1005304cb2aeac7c7e89dd,2026-05-22,212,4,22.39,
METRO Express Larnaca,6a10093cd94e22fceb5a0b8e,2026-05-22,888,5,60.28,
METRO Express Aglantzia,6a100f2864d105649dbf7d95,2026-05-22,558,5,34.17,
METRO Express Platy,6a100e04fd8e643a7bec5af2,2026-05-22,900,5,30.12,
METRO Express Aglantzia,6a100eaf627013788b710291,2026-05-22,557,5,55.88,
METRO Express Mouttagiaka,6a1017fe1b7fde5498227f53,2026-05-22,233,5,36.2,
METRO Express Strovolos,6a101a059768d686e7f68d4d,2026-05-22,647,5,26.36,
METRO Express Agias Fylaxeos,6a101d21aa96e4f6bdc793d5,2026-05-22,433,5,36.81,
METRO Express Agias Fylaxeos,6a101daf105bf43cf91ef3e3,2026-05-22,434,5,64.21,
METRO Express Mouttagiaka,6a102a4998149ab557b57b6d,2026-05-22,256,5,73.93,
METRO Express Agias Fylaxeos,6a1029a6d94908f457da6a4f,2026-05-22,453,5,34.2,
METRO Express Larnaca,6a102d1ef971016c51cbdd52,2026-05-22,939,5,34.37,
METRO Express Mouttagiaka,6a102c5a1aa65bb4235e596c,2026-05-22,258,5,104.77,
METRO Express Agias Fylaxeos,6a102fdf1181fada129d9f73,2026-05-22,460,5,90.7,
METRO Express Agias Fylaxeos,6a102a9d31aba5477ca61d1b,2026-05-22,455,5,56.09,
METRO Express Paralimni,6a102055ce0753e7ccfac90e,2026-05-22,074,5,79.86,
METRO Express Paralimni,6a1034e6472ff99250f7edec,2026-05-22,088,5,35.52,
METRO Express Mouttagiaka,6a103008532e024719480e52,2026-05-22,260,5,38.55,
METRO Express Larnaca,6a103328c8b86780480d4a85,2026-05-22,941,5,58.15,
METRO Express Paralimni,6a10373bf2bee3da9d73c0d5,2026-05-22,090,1,26.52,
METRO Express Agias Fylaxeos,6a103779cdd73a6095bd18c3,2026-05-22,472,5,33.53,
METRO Express Larnaca,6a103865fb16fc8d1f8ec2d9,2026-05-22,949,5,47.3,
METRO Express Larnaca,6a103b35114748a86bd5c387,2026-05-22,953,5,46.18,
METRO Express Mouttagiaka,6a103bb2a690aabded681041,2026-05-22,268,5,45.29,
METRO Express Mouttagiaka,6a1033ce1aa65bb4235e62df,2026-05-22,263,5,181.69,
METRO Express Paralimni,6a103df9b755083ef033ab01,2026-05-22,095,5,142.27,
METRO Express Paralimni,6a102c18ef6564a877c687c1,2026-05-22,083,5,78.69,
METRO Express Mouttagiaka,6a103d172f3b3428f42d5aea,2026-05-22,270,5,125.11,
METRO Express Larnaca,6a103f7617bc16a738701add,2026-05-22,957,5,74.59,
METRO Express Paralimni,6a10409f9f8d3c4e436a54d8,2026-05-22,097,5,30.68,
METRO Express Platy,6a103df727755890b99d386b,2026-05-22,918,5,47.55,
METRO Express Strovolos,6a10395ad9e63907aee29fb7,2026-05-22,670,5,23.25,
METRO Express Larnaca,6a10472aadc03e4df3b4964e,2026-05-22,965,5,94.49,
METRO Express Larnaca,6a104deb57be9b05c054daff,2026-05-22,977,5,62.59,
METRO Express Platy,6a104e7ced75074b4bbf3992,2026-05-22,924,5,8.25,
METRO Express Paralimni,6a10514a4a737b256726a470,2026-05-22,104,5,48.72,
METRO Express Agias Fylaxeos,6a1057e1936fdc2fd1419620,2026-05-22,503,5,38.53,
METRO Express Mouttagiaka,6a1057a856a0927c47939d9b,2026-05-22,290,5,37.54,
METRO Express Agias Fylaxeos,6a105bd23250fe6af76f2f94,2026-05-22,506,4,41.9,
METRO Express Mouttagiaka,6a105f85b0412bd2f5d48f52,2026-05-22,297,5,36.05,
METRO Express Agias Fylaxeos,6a105ef43cd35f5f82a0a2b0,2026-05-22,509,5,19.02,
METRO Express Strovolos,6a10698afb0ce03442416633,2026-05-22,708,3,42.99,
METRO Express Agias Fylaxeos,6a1068df3f672729c0a7236c,2026-05-22,520,5,27.28,
METRO Express Larnaca,6a10697ada1782f561414cdb,2026-05-22,008,5,26.46,
METRO Express Larnaca,6a106f5b4a737b256726d056,2026-05-22,014,5,39.64,
METRO Express Platy,6a107171e2a78d5969ac2529,2026-05-22,944,5,25.1,
METRO Express Agias Fylaxeos,6a1077199b39e0082ec07b67,2026-05-22,536,5,32.69,
METRO Express Agias Fylaxeos,6a1076d2205e19c75636415c,2026-05-22,533,5,51.11,
METRO Express Larnaca,6a107ad62c229f2a0cccc799,2026-05-22,029,5,46.58,
METRO Express Aglantzia,6a107f106f2952d3ed4ce6de,2026-05-22,627,5,19.83,
METRO Express Mouttagiaka,6a10744d88d5c9f7285d303a,2026-05-22,317,5,93.76,
METRO Express Larnaca,6a107a4e84ec03625ec64038,2026-05-22,026,5,43.19,
METRO Express Larnaca,6a107cb3d890bdd8f6801303,2026-05-22,033,5,39.08,
METRO Express Agias Fylaxeos,6a1080915aee081746ccc645,2026-05-22,550,5,37.56,
METRO Express Larnaca,6a10893f69c0884617378dc0,2026-05-22,039,5,58.7,
METRO Express Paralimni,6a108823f18caa51d772bb1c,2026-05-22,152,5,42.37,
METRO Express Paralimni,6a108a1c0d90af90fb6f4bfb,2026-05-22,153,5,45.34,
METRO Express Agias Fylaxeos,6a113a3b8b61ba499ea1096c,2026-05-23,573,4,38.3,
METRO Express Larnaca,6a10a73a5b2547bc59abe17f,2026-05-23,042,5,27.3,
METRO Express Strovolos,6a10788fc6d1ab3dbb5d0f98,2026-05-23,720,5,88.78,
METRO Express Larnaca,6a11466f58536810dec6b703,2026-05-23,071,5,91.02,
METRO Express Mouttagiaka,6a10a3613ec7ddbeeb80027f,2026-05-23,332,4,34.96,
METRO Express Strovolos,6a1146229a545b87eed37c32,2026-05-23,771,5,49.35,
METRO Express Agias Fylaxeos,6a11429111f0e117d07f990f,2026-05-23,580,5,45.9,
METRO Express Agias Fylaxeos,6a11491ef218e1b247132e89,2026-05-23,590,5,7.48,
METRO Express Aglantzia,6a114d1cdfd8fb79ba6352b5,2026-05-23,651,5,34.88,
METRO Express Larnaca,6a114cd7cd8df3e869b348c4,2026-05-23,078,5,32.04,
METRO Express Larnaca,6a11594c56a406fae8d47015,2026-05-23,094,5,44.45,
METRO Express Larnaca,6a1152ab80f88cd02d4a3a0f,2026-05-23,087,5,90.36,
METRO Express Larnaca,6a0d939d1f764b1d2f21057d,2026-05-23,558,5,83.08,
METRO Express Aglantzia,6a1154bbd48c9cfe0f3264e1,2026-05-23,661,5,64.04,
METRO Express Larnaca,6a115b8479c2b0d01e166389,2026-05-23,099,4,30.63,
METRO Express Mouttagiaka,6a116005aeba4c78bc5a7aa5,2026-05-23,366,4,36.22,
METRO Express Strovolos,6a115b92f131761d422d0a44,2026-05-23,798,5,28.97,
METRO Express Paralimni,6a116370e8fe61c3c4ead8c7,2026-05-23,183,5,90.18,
METRO Express Aglantzia,6a116520e6847cc1e242dfc7,2026-05-23,674,5,61.3,
METRO Express Strovolos,6a116440e0ec093da765e71a,2026-05-23,809,5,36.74,
METRO Express Mouttagiaka,6a1162f68a0efaec55227d62,2026-05-23,371,5,62.67,
METRO Express Mouttagiaka,6a114a5fa65af086795f8574,2026-05-23,343,5,60.35,
METRO Express Larnaca,6a1173679d938168aa62bb3b,2026-05-23,124,5,29.02,
METRO Express Mouttagiaka,6a116d563f8d4225297b1ea4,2026-05-23,380,5,58.65,
METRO Express Platy,6a1168bbb1b79edf722efb3e,2026-05-23,984,5,74.17,
METRO Express Strovolos,6a115cf9c693e7c71b225b9a,2026-05-23,800,3,66.7,
METRO Express Larnaca,6a1168828131e6b4be80671c,2026-05-23,117,5,26.72,
METRO Express Mouttagiaka,6a11640479c2b0d01e167247,2026-05-23,372,5,42.72,
METRO Express Strovolos,6a1144d8612d40c56d22089d,2026-05-23,769,1,81.23,
METRO Express Larnaca,6a1175637311bb5685f2e078,2026-05-23,127,5,63.76,
METRO Express Larnaca,6a117180300b600a3754882d,2026-05-23,122,5,39.87,
METRO Express Paralimni,6a117afbe8fe61c3c4eaffaa,2026-05-23,198,5,28.39,
METRO Express Mouttagiaka,6a1179ff69499ce170f6f702,2026-05-23,388,1,30.82,
METRO Express Larnaca,6a1180f64795a2a90d239f20,2026-05-23,142,5,43.01,
METRO Express Agias Fylaxeos,6a118038e642d410dadaf5da,2026-05-23,655,5,77.21,
METRO Express Agias Fylaxeos,6a11808de8ee2d0dfacafb01,2026-05-23,656,5,19.52,
METRO Express Aglantzia,6a118929283cc7badf75cd54,2026-05-23,710,2,32.97,
METRO Express Mouttagiaka,6a118acb8773e6748e250b55,2026-05-23,409,5,90.37,
METRO Express Aglantzia,6a1194c3a41745b4f7286b94,2026-05-23,716,3,19.83,
METRO Express Paralimni,6a119be3f1f4519ed41af48d,2026-05-23,230,5,41.76,
METRO Express Agias Fylaxeos,6a11988d216ad444605810ec,2026-05-23,688,5,35.84,
METRO Express Larnaca,6a119480cfa8476d7dcd317b,2026-05-23,173,5,27.2,
METRO Express Larnaca,6a1197ca9cf5eb1516676799,2026-05-23,178,5,68.05,
METRO Express Platy,6a119a6e3e324a1a19ae9f67,2026-05-23,998,4,51.11,
METRO Express Larnaca,6a11a9cc1333135b31e13c60,2026-05-23,200,5,56.47,
METRO Express Paralimni,6a11ad5a8f3b704351d4c1fa,2026-05-23,236,5,65.87,
METRO Express Larnaca,6a1199e20f9f30360753d696,2026-05-23,181,5,93.93,
METRO Express Strovolos,6a11af9f699d1a64548f8666,2026-05-23,891,5,49,
METRO Express Paralimni,6a11b1c555fc77997b94fd0b,2026-05-23,243,5,36.97,
METRO Express Agias Fylaxeos,6a11b011ad672437f11eb94c,2026-05-23,722,5,34.4,
METRO Express Agias Fylaxeos,6a11aeb00c0919d869e0ca09,2026-05-23,718,5,70.51,
METRO Express Agias Fylaxeos,6a11bbea598a94cab89f2e31,2026-05-23,738,5,39.47,
METRO Express Mouttagiaka,6a11aa12df0127d40f20342d,2026-05-23,431,4,56.91,
METRO Express Larnaca,6a11b9d83d5b1def1ed47be5,2026-05-23,217,5,63.2,
METRO Express Paralimni,6a11be898f3b704351d4dbb2,2026-05-23,251,4,48.73,
METRO Express Larnaca,6a11b97b6119e62c0541ebb8,2026-05-23,216,5,36.92,
METRO Express Larnaca,6a11bd6dd9ebdbee66d3dd0a,2026-05-23,222,5,44.4,
METRO Express Aglantzia,6a11c42ac0e60f3477d3a4f0,2026-05-23,753,5,22.77,
METRO Express Mouttagiaka,6a11c1f5f00b3657ce7ace11,2026-05-23,460,5,39.73,
METRO Express Platy,6a11c456a911077d0a128706,2026-05-23,011,5,23.33,
METRO Express Aglantzia,6a119b69406035f60e1cdb96,2026-05-23,724,5,63.21,
METRO Express Larnaca,6a11c37f6bf5878233ff92a8,2026-05-23,233,5,40.76,
METRO Express Aglantzia,6a11d0c6190f4b76f0c5d201,2026-05-23,762,5,37.32,
METRO Express Larnaca,6a11b895ed00faf29f7a495b,2026-05-23,213,5,30.93,
METRO Express Strovolos,6a11cf3aee780058792d87d5,2026-05-23,927,5,68.57,
METRO Express Larnaca,6a11d0ab00e6293467397be7,2026-05-23,251,5,27.97,
METRO Express Larnaca,6a11cff2755e90e2cd40d835,2026-05-23,249,4,23.15,
METRO Express Paralimni,6a11c6c60a8177ae1100c4d7,2026-05-23,266,5,54.47,
METRO Express Strovolos,6a11dbc90fd5d8b49c2f5584,2026-05-23,941,5,81.88,
METRO Express Paralimni,6a11e9a580572604f097a4f9,2026-05-24,277,5,57.33,
METRO Express Mouttagiaka,6a12a9be2183342b220a5272,2026-05-24,504,5,20.49,
METRO Express Larnaca,6a11e0ecba0d3b27a865cb37,2026-05-24,259,5,65.28,
METRO Express Mouttagiaka,6a1298e5fd71cf185e4a5fbb,2026-05-24,492,5,30.35,
METRO Express Mouttagiaka,6a12ad05fa14658da314431e,2026-05-24,508,5,35.22,
METRO Express Larnaca,6a12a972bc3d60d212bc6f7e,2026-05-24,290,5,48.47,
METRO Express Agias Fylaxeos,6a12ac9f71d1e900b2831efe,2026-05-24,815,5,40.8,
METRO Express Strovolos,6a12a0cad71cbc556c6301e2,2026-05-24,974,5,10.48,
METRO Express Mouttagiaka,6a12a8994e61620bb6d3cd23,2026-05-24,503,5,34,
METRO Express Paralimni,6a12abad57036274a1177e69,2026-05-24,306,5,92.45,
METRO Express Strovolos,6a12b5a7a15b7f12593916e2,2026-05-24,999,4,39.89,
METRO Express Mouttagiaka,6a12bb5828a09a0d6c9be6fe,2026-05-24,525,5,34.92,
METRO Express Larnaca,6a12bb1d7f3ddb7291b5d9aa,2026-05-24,315,5,32.3,
METRO Express Agias Fylaxeos,6a12b9812c94ad8eabba0a2d,2026-05-24,839,4,18.72,
METRO Express Strovolos,6a12a6b1bc3d60d212bc6aca,2026-05-24,984,5,68.24,
METRO Express Larnaca,6a12b80b52898f0bda71526f,2026-05-24,310,4,28.65,
METRO Express Strovolos,6a12bc13791d62f9da4b66da,2026-05-24,008,5,20.85,
METRO Express Agias Fylaxeos,6a12b5961c4a29d803ed7c0b,2026-05-24,832,5,53.7,
METRO Express Mouttagiaka,6a12c23e068a1135ed5be0a5,2026-05-24,534,5,41.2,
METRO Express Strovolos,6a12bcd44ea5c0fec15fd0cb,2026-05-24,012,5,50.64,
METRO Express Mouttagiaka,6a12c630bc3d60d212bc9de1,2026-05-24,540,5,30.89,
METRO Express Aglantzia,6a12b7c1cbed1359b3a3641c,2026-05-24,805,5,29.42,
METRO Express Aglantzia,6a12c9fbe56e542883b550db,2026-05-24,822,5,24.03,
METRO Express Agias Fylaxeos,6a12c3b9fa2c31e23b0dadab,2026-05-24,851,5,54.32,
METRO Express Agias Fylaxeos,6a12ca90e63716fce9a2255c,2026-05-24,857,2,51.31,
METRO Express Mouttagiaka,6a12ca0bfd53a8647e6b7068,2026-05-24,548,5,6.34,
METRO Express Larnaca,6a12c2a5f0664d096fe63cd9,2026-05-24,329,5,70.54,
METRO Express Paralimni,6a12bf057538fde3a32c7f86,2026-05-24,324,2,60.59,
METRO Express Strovolos,6a12cbce3ef5c97dae23eb24,2026-05-24,019,5,97.01,
METRO Express Mouttagiaka,6a12cf6984ce6424374d6b9e,2026-05-24,555,5,45.16,
METRO Express Paralimni,6a12cdb148b510d735c60a83,2026-05-24,335,5,24.08,
METRO Express Paralimni,6a12dc5ee34e52834a90d4e9,2026-05-24,350,5,40.27,
METRO Express Strovolos,6a12e927b48f44e17195243c,2026-05-24,040,5,36.39,
METRO Express Paralimni,6a12d1c13039f9a4aef6fa16,2026-05-24,341,5,17.67,
METRO Express Agias Fylaxeos,6a12e599fe743834b08138c1,2026-05-24,891,5,41,
METRO Express Aglantzia,6a12e7820b4b3b3448730b36,2026-05-24,842,5,40.81,
METRO Express Larnaca,6a12e3be95ce049e239a7654,2026-05-24,364,5,72.75,
METRO Express Aglantzia,6a12ed543ab18a143535aa88,2026-05-24,843,5,46.16,
METRO Express Strovolos,6a1186f838282d9f6552a536,2026-05-24,847,4,78.05,
METRO Express Larnaca,6a12e68781f644609ae225f6,2026-05-24,370,1,22.71,
METRO Express Strovolos,6a119dca54c4675acb905d58,2026-05-24,865,4,22.22,
METRO Express Mouttagiaka,6a12f239142abb5545c9aa50,2026-05-24,590,5,27.08,
METRO Express Paralimni,6a12ded4146767d2c249c0ee,2026-05-24,351,5,20.17,
METRO Express Agias Fylaxeos,6a12e85fce862c16965bfca6,2026-05-24,896,5,183.04,
METRO Express Larnaca,6a12e98dad4a605a7f6fc43f,2026-05-24,374,5,63.11,
METRO Express Agias Fylaxeos,6a12f067ca4da2b54a5c765a,2026-05-24,914,4,18.67,
METRO Express Strovolos,6a12f9507ae37ee7f45bc341,2026-05-24,052,5,39.72,
METRO Express Agias Fylaxeos,6a12aa2ba290228611d28f4a,2026-05-24,810,5,36.15,
METRO Express Agias Fylaxeos,6a12f70571be725b599fd851,2026-05-24,922,5,18.74,
METRO Express Larnaca,6a12f63ed7939f187bafe0a8,2026-05-24,384,5,48.86,
METRO Express Paralimni,6a128350e73554a0cde83982,2026-05-24,280,5,24.92,
METRO Express Platy,6a12fd8233f46e5beef46f32,2026-05-24,073,5,22,
METRO Express Mouttagiaka,6a12f7d380bca859743c8759,2026-05-24,602,5,19.29,
METRO Express Agias Fylaxeos,6a12ff5ee6bfdc15c4f3f312,2026-05-24,934,5,41.24,
METRO Express Larnaca,6a12fb90d7939f187bafe97f,2026-05-24,397,1,77.22,
METRO Express Agias Fylaxeos,6a12fd76f7735125ccbd92b4,2026-05-24,930,5,39.1,
METRO Express Agias Fylaxeos,6a12ff9175e0a6a74904ab24,2026-05-24,935,5,58.36,
METRO Express Larnaca,6a13024837c4d583715926f8,2026-05-24,412,5,37.87,
METRO Express Larnaca,6a12fba7c65fe31350597676,2026-05-24,398,5,60.78,
METRO Express Mouttagiaka,6a130dd4a7d0a34124b392f9,2026-05-24,626,5,44.25,
METRO Express Aglantzia,6a130e5078cf187b66563744,2026-05-24,866,5,50.84,
METRO Express Strovolos,6a130ead93becc77247340b8,2026-05-24,088,4,39.64,
METRO Express Larnaca,6a1303c43f415a08dd66d720,2026-05-24,414,4,12.68,
METRO Express Mouttagiaka,6a131781e304017395783138,2026-05-24,638,5,6.86,
METRO Express Platy,6a130b6563ac1e820320d80a,2026-05-24,077,5,135.44,
METRO Express Agias Fylaxeos,6a130dde6a7e6ff53086bea8,2026-05-24,966,4,46.79,
METRO Express Aglantzia,6a131b066abb9b1da4eb340c,2026-05-24,882,5,44.99,
METRO Express Strovolos,6a13182ab322983d97e4186a,2026-05-24,103,5,58.1,
METRO Express Strovolos,6a1312ac3d7f1b6c62cd316f,2026-05-24,097,5,57.08,
METRO Express Strovolos,6a131a98197f80821b7f13af,2026-05-24,106,5,46.83,
METRO Express Mouttagiaka,6a13231afdb60e83c1c8e43c,2026-05-24,644,5,29.95,
METRO Express Agias Fylaxeos,6a1310450d20dad493fe6bdb,2026-05-24,969,5,92.57,
METRO Express Mouttagiaka,6a1329e6ae3fc29e346e27a8,2026-05-24,656,5,17.95,
METRO Express Agias Fylaxeos,6a131b2920148ce1030c256a,2026-05-24,988,4,24.96,
METRO Express Agias Fylaxeos,6a1318830b76830763a19a02,2026-05-24,982,5,23.13,
METRO Express Larnaca,6a131dbf3b24c96754c76f85,2026-05-24,435,2,18.71,
METRO Express Agias Fylaxeos,6a1318cc54819374d7af25fe,2026-05-24,984,5,51.21,
METRO Express Aglantzia,6a1326500e644a51204d1c70,2026-05-24,895,2,13.94,
METRO Express Strovolos,6a132058666e7bb89347ecfa,2026-05-24,114,3,39.25,
METRO Express Mouttagiaka,6a132691c13caadfbdf3d830,2026-05-24,652,5,137.42,
METRO Express Strovolos,6a13238dd9b66312a208beb4,2026-05-24,115,5,29.67,
METRO Express Larnaca,6a13daad5cfb855901ae8bf9,2026-05-25,454,5,18.73,
METRO Express Larnaca,6a13da8c70e84f77e3d881a0,2026-05-25,453,5,81.18,
METRO Express Aglantzia,6a13517195b61edba281766e,2026-05-25,906,3,56.21,
METRO Express Agias Fylaxeos,6a13da6c73fb096a324655e7,2026-05-25,004,5,16.99,
METRO Express Platy,6a13e9e6da64f000b7c8c258,2026-05-25,099,5,22.41,
METRO Express Larnaca,6a13e7df17592d1f22f807a2,2026-05-25,470,5,59.68,
METRO Express Agias Fylaxeos,6a13ca1ba3baa3aa6ce48dca,2026-05-25,997,4,34.63,
METRO Express Aglantzia,6a13d77057586f10d54976e0,2026-05-25,909,4,102.52,
METRO Express Agias Fylaxeos,6a13e15a4259ee2980d149ac,2026-05-25,009,4,37.29,
METRO Express Mouttagiaka,6a13e3cd17c7fb0f25c2262f,2026-05-25,668,5,21.54,
METRO Express Larnaca,6a13f91d4bf482210f79f5bd,2026-05-25,485,5,54.93,
METRO Express Aglantzia,6a13ec5a6d2f6992e3b9a970,2026-05-25,921,4,47.36,
METRO Express Larnaca,6a13f8e3feff87aad02ed22f,2026-05-25,484,5,48.88,
METRO Express Mouttagiaka,6a1408eb65a3f7ab4be27a80,2026-05-25,702,5,20.85,
METRO Express Mouttagiaka,6a13fdafeb84936835eee631,2026-05-25,688,4,21.12,
METRO Express Mouttagiaka,6a140a74b3a18c081988cb1c,2026-05-25,704,5,33.6,
METRO Express Aglantzia,6a1414c593edf0b2f673bc5c,2026-05-25,945,5,38.65,
METRO Express Strovolos,6a140f801f11100a61a1c441,2026-05-25,188,5,31.58,
METRO Express Strovolos,6a141d6358594441bbfdbdf5,2026-05-25,205,5,50.74,
METRO Express Paralimni,6a141333e46f96ea222bb1f1,2026-05-25,457,4,105.66,
METRO Express Larnaca,6a141b644d2a1fa048b02c0c,2026-05-25,524,5,92.33,
METRO Express Agias Fylaxeos,6a141bec53646b65e2da3ef5,2026-05-25,082,5,15.88,
METRO Express Strovolos,6a1423767128c113b905898f,2026-05-25,216,5,19.81,
METRO Express Aglantzia,6a142b7985de055170e9bbcf,2026-05-25,969,5,60.82,
METRO Express Mouttagiaka,6a1420b35425ab04f772a2da,2026-05-25,727,5,73.41,
METRO Express Agias Fylaxeos,6a1426a6580d8e93328f069b,2026-05-25,091,5,50.55,
METRO Express Larnaca,6a141ed27f840c0547347b98,2026-05-25,526,5,81.17,
METRO Express Strovolos,6a1427ab7e8ca8444c84c434,2026-05-25,224,3,102.56,
METRO Express Mouttagiaka,6a142a0fbba9743bec62647e,2026-05-25,741,5,52.09,
METRO Express Platy,6a14313993f80298e9678289,2026-05-25,120,5,104.97,
METRO Express Larnaca,6a142c578a1ff7e2d0432e2e,2026-05-25,542,5,54.9,
METRO Express Larnaca,6a1438cbcef3c51848bc9f8e,2026-05-25,558,5,48.97,
METRO Express Paralimni,6a143dff47c1b792366c52c5,2026-05-25,483,5,11.29,
METRO Express Aglantzia,6a1440ec491cbb941cabfe09,2026-05-25,985,4,31.12,
METRO Express Mouttagiaka,6a143dfe29f334eaa3a01854,2026-05-25,756,5,18.5,
METRO Express Mouttagiaka,6a1443e4ccf1494b32f708b6,2026-05-25,759,5,46.61,
METRO Express Larnaca,6a143dc6d363db75192a4d03,2026-05-25,563,1,18.54,
METRO Express Paralimni,6a144514d7fdffe8609c85af,2026-05-25,489,5,113.88,
METRO Express Platy,6a14498777018d37b306f64a,2026-05-25,127,5,73.35,
METRO Express Strovolos,6a144a428979a5ba319f54c2,2026-05-25,252,5,42.46,
METRO Express Agias Fylaxeos,6a144e468aae58e81c25a59c,2026-05-25,137,5,70.7,
METRO Express Larnaca,6a144864ab9c5e51e97ca748,2026-05-25,582,5,0.89,
METRO Express Mouttagiaka,6a144c82343256d7180128df,2026-05-25,767,5,68.11,
METRO Express Larnaca,6a1446b956974e73c251ec1e,2026-05-25,577,5,35.92,
METRO Express Agias Fylaxeos,6a1457dd0eacec12cddc19d9,2026-05-25,145,5,17.74,
METRO Express Mouttagiaka,6a1458c9534410c1afe75283,2026-05-25,778,5,31.3,
METRO Express Paralimni,6a145b0b378f7c13511e34f1,2026-05-25,508,5,134.96,
METRO Express Agias Fylaxeos,6a14601e3814278f7f0b7789,2026-05-25,164,5,94.45,
METRO Express Larnaca,6a1456f70ce54ea3074ef5c3,2026-05-25,595,5,65.55,
METRO Express Paralimni,6a145f8857ac65ee58264ebd,2026-05-25,514,4,45.24,
METRO Express Platy,6a146586bc6150eaf790804c,2026-05-25,144,5,67.35,
METRO Express Agias Fylaxeos,6a146b7739957c14b8571049,2026-05-25,180,5,56.17,
METRO Express Larnaca,6a146be08474afb9085ce744,2026-05-25,614,5,29.47,
METRO Express Strovolos,6a147795f6eb7ce791da4968,2026-05-25,290,5,41.01,
METRO Express Paralimni,6a145fce6b4eefe4c6304d9f,2026-05-25,516,2,70.17,
METRO Express Agias Fylaxeos,6a147402854013e9efdbc1c0,2026-05-25,194,5,41.05,
METRO Express Paralimni,6a146a877c73fe8de0abb046,2026-05-25,530,1,47.95,
METRO Express Strovolos,6a147a785b8c9b9a356603a4,2026-05-25,297,5,53.05,
METRO Express Larnaca,6a151e195dd2f86dad5ebe54,2026-05-26,636,5,38.48,
METRO Express Larnaca,6a150ab9869e0d621cdba3a2,2026-05-26,631,5,84.98,
METRO Express Paralimni,6a149555f2c92cba9012e0e5,2026-05-26,539,4,51.38,
METRO Express Paralimni,6a1522eea94f55cbf7085188,2026-05-26,553,5,58.16,
METRO Express Aglantzia,6a15373aa94f55cbf7087772,2026-05-26,041,5,42.84,
METRO Express Agias Fylaxeos,6a1539db895a5b8211bac029,2026-05-26,233,5,52.46,
METRO Express Larnaca,6a14c4d6db23bea6415f1a27,2026-05-26,627,5,52.92,
METRO Express Larnaca,6a153e0d52179bc9fa20db29,2026-05-26,664,5,88.29,
METRO Express Platy,6a153247d5b066522ef63f10,2026-05-26,169,5,125.76,
METRO Express Strovolos,6a15437b6fbeb658e8ca8c45,2026-05-26,325,5,38.12,
METRO Express Mouttagiaka,6a1543a7020235579c2475d6,2026-05-26,837,5,32.21,
METRO Express Strovolos,6a1548885d03ef5224e1c3e4,2026-05-26,331,5,28.7,
METRO Express Agias Fylaxeos,6a154ad7015ac10fb9105cc9,2026-05-26,252,5,51.14,
METRO Express Paralimni,6a14c66b2ba32efa77b42d1f,2026-05-26,541,2,49.59,
METRO Express Paralimni,6a1549b8c9a6e9f096af69ab,2026-05-26,571,1,29.95,
METRO Express Mouttagiaka,6a15522e82376fd263facc4d,2026-05-26,847,5,61.67,
METRO Express Paralimni,6a1532923d9caf575420729c,2026-05-26,558,4,25.94,
METRO Express Paralimni,6a14b21c836ce9b564247228,2026-05-26,540,4,23.98,
METRO Express Larnaca,6a15558e61a8e4db08954dbc,2026-05-26,693,5,76.2,
METRO Express Mouttagiaka,6a15602a006e0687dbc7ae1e,2026-05-26,862,5,49.41,
METRO Express Mouttagiaka,6a155eba30bf869c87cb4c77,2026-05-26,860,3,50.99,
METRO Express Agias Fylaxeos,6a1561cf5c9781c42e31f47c,2026-05-26,280,5,56.87,
METRO Express Strovolos,6a154edde48515fb1ddbeb58,2026-05-26,337,5,62.18,
METRO Express Mouttagiaka,6a155ff63cb0cd175c4a03f1,2026-05-26,861,5,84.13,
METRO Express Strovolos,6a15684a2347bebca72a80af,2026-05-26,361,5,43.78,
METRO Express Paralimni,6a154e292b820712a88d6fb6,2026-05-26,572,5,38.37,
METRO Express Mouttagiaka,6a156ac8d8d7266d2825c2ec,2026-05-26,874,5,47.39,
METRO Express Aglantzia,6a156bc9ecff321db878277a,2026-05-26,089,5,55.28,
METRO Express Larnaca,6a1569f29f0dd5307d2ccdaf,2026-05-26,717,5,82.46,
METRO Express Larnaca,6a1570efc25eb1b41db652d2,2026-05-26,725,5,46.62,
METRO Express Larnaca,6a15716e7931131374a6d7fc,2026-05-26,727,5,40.98,
METRO Express Agias Fylaxeos,6a156c32a26c4c0a0b4516ae,2026-05-26,289,5,56.13,
METRO Express Aglantzia,6a156a02da39211aea8fbe43,2026-05-26,087,5,33.96,
METRO Express Strovolos,6a1571f29f0dd5307d2cd7d7,2026-05-26,370,5,19.18,
METRO Express Paralimni,6a15723721fcd74e172832a9,2026-05-26,590,5,51.03,
METRO Express Aglantzia,6a1576ce3323f01ce49182e5,2026-05-26,102,5,33.85,
METRO Express Agias Fylaxeos,6a157763b3ef9c8e30a9d211,2026-05-26,299,5,34.58,
METRO Express Aglantzia,6a157a5a25291c9031a79674,2026-05-26,106,4,35.37,
METRO Express Mouttagiaka,6a1579ab79d114a193472fde,2026-05-26,893,1,2.87,
METRO Express Agias Fylaxeos,6a157d583fa7b6616937e81f,2026-05-26,303,5,63.43,
METRO Express Larnaca,6a158084d02c2bf720a80060,2026-05-26,749,5,53.67,
METRO Express Agias Fylaxeos,6a15805b0b7e54e732eeb377,2026-05-26,306,5,31.01,
METRO Express Agias Fylaxeos,6a15861171fb7c908e5f0d11,2026-05-26,315,5,32.1,
METRO Express Mouttagiaka,6a1574c765d6ae4b73a4b475,2026-05-26,886,5,17.84,
METRO Express Larnaca,6a1585d7c151899c60ad8d6f,2026-05-26,753,5,37.42,
METRO Express Aglantzia,6a158679e1dfd93ef8fbb852,2026-05-26,111,5,144.62,
METRO Express Agias Fylaxeos,6a158e7ee61312f3f138792b,2026-05-26,325,4,84.66,
METRO Express Strovolos,6a1592ede6b15d4bfcfeaf8a,2026-05-26,394,5,39.67,
METRO Express Larnaca,6a15849b983d944d4ebd06b9,2026-05-26,751,5,24.58,
METRO Express Larnaca,6a159a300ae778da0df03ca3,2026-05-26,768,4,68.44,
METRO Express Agias Fylaxeos,6a159201836e975ec470b0fe,2026-05-26,329,5,65.67,
METRO Express Agias Fylaxeos,6a1556d7f1bd2bada31b6d88,2026-05-26,266,5,48.8,
METRO Express Agias Fylaxeos,6a159e085d5cad4dce87eea8,2026-05-26,340,5,36.09,
METRO Express Agias Fylaxeos,6a15a6821eef162805cff9dd,2026-05-26,351,5,15.85,
METRO Express Platy,6a15a112d0b376274bbd821c,2026-05-26,231,5,52.35,
METRO Express Aglantzia,6a15ad13140fa7cd2dd098b8,2026-05-26,136,5,20.34,
METRO Express Platy,6a15adfb8a1b5754ede7ab27,2026-05-26,240,5,24.95,
METRO Express Mouttagiaka,6a15b5825dfcfaba0d16ce3f,2026-05-26,946,5,50.94,
METRO Express Aglantzia,6a15b811a6711c6a8790d53c,2026-05-26,146,1,46.74,
METRO Express Mouttagiaka,6a15aea4dbbf7079de7e82eb,2026-05-26,938,2,119.45,
METRO Express Aglantzia,6a15bbec80e17ab17984a85d,2026-05-26,154,5,49.24,
METRO Express Agias Fylaxeos,6a15c0074b86e4c9bf9f8045,2026-05-26,378,5,75.12,
METRO Express Mouttagiaka,6a15c1a105eaaa8509b58d6d,2026-05-26,963,5,63.36,
METRO Express Platy,6a15c1584c5984b6f759d5cb,2026-05-26,254,4,30.84,
METRO Express Mouttagiaka,6a15c9b8d9829bb923f235a0,2026-05-26,972,4,18.99,
METRO Express Platy,6a15cc9af6b892ed961cd1e0,2026-05-26,257,5,8.66,
METRO Express Agias Fylaxeos,6a16953b843bee7d2650e789,2026-05-27,409,4,61.76,
METRO Express Mouttagiaka,6a169c5b128cf0b914156d8b,2026-05-27,979,5,19.35,
METRO Express Aglantzia,6a169eebfbca8cb5286e0d21,2026-05-27,176,5,31.39,
METRO Express Agias Fylaxeos,6a169a5596a91ddf8301f025,2026-05-27,413,4,41.3,
METRO Express Mouttagiaka,6a169d7a335f13fa3a9c67c9,2026-05-27,980,4,49.81,
METRO Express Mouttagiaka,6a169ea9ce370dd3979d36d1,2026-05-27,981,5,43.06,
METRO Express Mouttagiaka,6a16a2c3d3fb58db77568c1f,2026-05-27,984,5,59.33,
METRO Express Paralimni,6a16a47ed25c4e57a4483ce6,2026-05-27,657,5,39.1,
METRO Express Larnaca,6a16a42331aa07b0b9dfe711,2026-05-27,834,5,113.46,
METRO Express Mouttagiaka,6a16a7b627cae36128c06892,2026-05-27,990,5,23.35,
METRO Express Larnaca,6a16a6a1fea6b421125ce811,2026-05-27,836,4,36.19,
METRO Express Mouttagiaka,6a16b155d80eac3b28cdc9b5,2026-05-27,996,5,6.67,
METRO Express Larnaca,6a16acd003c75e4a6dd84cbc,2026-05-27,846,5,19.94,
METRO Express Mouttagiaka,6a16b2d1213bbc99e06a1099,2026-05-27,997,5,46.54,
METRO Express Paralimni,6a16b4911c6f448cc1a277f8,2026-05-27,667,4,50.73,
METRO Express Platy,6a16aeafc090462694a5a591,2026-05-27,272,5,66.16,
METRO Express Aglantzia,6a16bcc1a8024895eed6928b,2026-05-27,194,4,16.58,
METRO Express Paralimni,6a16b829b28eeb164f3ac2e6,2026-05-27,668,5,116.52,
METRO Express Agias Fylaxeos,6a16bd7875fa948855e20961,2026-05-27,448,5,41.67,
METRO Express Aglantzia,6a16b652bfc95a130d08a4c6,2026-05-27,187,5,93,
METRO Express Mouttagiaka,6a16dc97be46b7ee2f6ab043,2026-05-27,018,5,36.67,
METRO Express Agias Fylaxeos,6a16e063268fefecd420d06f,2026-05-27,458,5,19.7,
METRO Express Paralimni,6a16db61eeee0a4f2809cda9,2026-05-27,681,5,37.22,
METRO Express Paralimni,6a16b1a60947bf940bb655e3,2026-05-27,665,1,133.15,
METRO Express Platy,6a16e32fc9b101bbdd19e81c,2026-05-27,281,5,37.27,
METRO Express Mouttagiaka,6a16e29f1bcf0008b0e5e8a5,2026-05-27,025,5,12.94,
METRO Express Agias Fylaxeos,6a16e96f57e53c9544d17fdd,2026-05-27,464,5,42.55,
METRO Express Agias Fylaxeos,6a16f1c467f09c59c7f7ddba,2026-05-27,474,1,45.49,
METRO Express Paralimni,6a16f2708221aaf9e70d70e4,2026-05-27,694,5,27.55,
METRO Express Larnaca,6a16f03f31a02647d1733e73,2026-05-27,896,4,35.09,
METRO Express Mouttagiaka,6a16fd27cb72eca86253ec7b,2026-05-27,052,5,38.02,
METRO Express Aglantzia,6a16fe35bb54d4a6b253f558,2026-05-27,214,5,18.59,
METRO Express Aglantzia,6a16f9396594241e4c8d4fe6,2026-05-27,210,4,54.45,
METRO Express Agias Fylaxeos,6a16f8f3c4edbfbd4c7e2aef,2026-05-27,485,5,68.27,
METRO Express Mouttagiaka,6a1709eab6db450605564264,2026-05-27,070,5,40.76,
METRO Express Platy,6a16fd4918d9bdd147a1ae95,2026-05-27,296,5,45.39,
METRO Express Paralimni,6a1711ba99544dcd7fc0fc18,2026-05-27,709,5,20.59,
METRO Express Mouttagiaka,6a17103195f80baebd3b7d0c,2026-05-27,078,5,30.31,
METRO Express Paralimni,6a171094dba53fd638344b4e,2026-05-27,707,5,49.74,
METRO Express Agias Fylaxeos,6a1710af86e632b32b248ba1,2026-05-27,513,4,86.99,
METRO Express Agias Fylaxeos,6a17166f55afb2e0ee8c4d5d,2026-05-27,521,2,25.42,
METRO Express Larnaca,6a171a13e11d2a3997e8fb75,2026-05-27,950,5,25.56,
METRO Express Mouttagiaka,6a17158e34be2a34d95b6622,2026-05-27,087,5,36.86,
METRO Express Platy,6a1725d30af9bbf05b8a1ed4,2026-05-27,309,5,43.86,
METRO Express Platy,6a1727569c5525c8813914a1,2026-05-27,310,3,22.08,
METRO Express Strovolos,6a17cddb8608d90b7f8dedb4,2026-05-28,594,5,15.33,
METRO Express Larnaca,6a179f572b9b4ae9b06ff26a,2026-05-28,962,5,60.94,
METRO Express Paralimni,6a17456047b955da7ae81281,2026-05-28,721,5,36.25,
METRO Express Larnaca,6a17d9f7113be5a93b66f2b9,2026-05-28,976,5,39.76,
METRO Express Mouttagiaka,6a17dc034c78058cd8b3269d,2026-05-28,099,5,12.64,
METRO Express Larnaca,6a17e04b46ac3cedc5b2621a,2026-05-28,985,5,38.28,
METRO Express Mouttagiaka,6a17d824485661f9201aaef6,2026-05-28,097,5,16.44,
METRO Express Strovolos,6a17e5e9485661f9201ac918,2026-05-28,615,5,59.63,
METRO Express Paralimni,6a17db6ff5a04a153d0eda12,2026-05-28,738,5,118.55,
METRO Express Mouttagiaka,6a17e4e0b464a24c60231bb9,2026-05-28,113,5,40.79,
METRO Express Mouttagiaka,6a17eab19f97691bfbf7b7f9,2026-05-28,123,5,33.85,
METRO Express Larnaca,6a17e30ae5cbceb55a364e93,2026-05-28,987,5,28.47,
METRO Express Larnaca,6a17e79d1d4b769e0722cf43,2026-05-28,993,5,24.77,
METRO Express Aglantzia,6a17f61ebd24cb1ebff8941f,2026-05-28,261,5,47.28,
METRO Express Mouttagiaka,6a17ef580bb871bdf9d46d38,2026-05-28,129,5,33.85,
METRO Express Agias Fylaxeos,6a17f729178111de0db64db6,2026-05-28,570,4,64.92,
METRO Express Mouttagiaka,6a17f2667f3b466731484836,2026-05-28,131,5,48.54,
METRO Express Paralimni,6a17eb31189ad0dcd7751738,2026-05-28,756,5,68.45,
METRO Express Agias Fylaxeos,6a17f5b2377f10d962e6d63c,2026-05-28,569,5,40.1,
METRO Express Paralimni,6a17f692f09bb785db1c0a50,2026-05-28,763,5,49.72,
METRO Express Mouttagiaka,6a17f9d3f09bb785db1c0f02,2026-05-28,140,5,55.75,
METRO Express Strovolos,6a17f85cda3fe70b06f76bd9,2026-05-28,636,4,68.52,
METRO Express Larnaca,6a17fab87cbeaf8b603031b2,2026-05-28,024,5,116.38,
METRO Express Agias Fylaxeos,6a17fbf61873b457d012fac6,2026-05-28,578,5,27.55,
METRO Express Strovolos,6a180275dd0318325eee5115,2026-05-28,645,5,39.71,
METRO Express Larnaca,6a1806a632609f0ad1e2d594,2026-05-28,041,5,39.01,
METRO Express Larnaca,6a180d13a58ef42558653776,2026-05-28,050,5,18.65,
METRO Express Larnaca,6a1808e0e89c34bf547cf642,2026-05-28,043,5,51.46,
METRO Express Larnaca,6a1811fd55ae327e31fa6e41,2026-05-28,058,5,31.41,
METRO Express Larnaca,6a1810a87221c9d7f503d9ea,2026-05-28,056,5,31.88,
METRO Express Aglantzia,6a1816fdce4c19fcfeea047a,2026-05-28,282,5,37.51,
METRO Express Strovolos,6a181898a258786e2e074cc5,2026-05-28,662,5,37.26,
METRO Express Strovolos,6a1815563c2eb1fe8f780b54,2026-05-28,658,5,50.02,
METRO Express Paralimni,6a18182ff6bed44dd4b28692,2026-05-28,785,5,39.17,
METRO Express Agias Fylaxeos,6a1814edd600d85a8ec92a69,2026-05-28,611,5,36.91,
METRO Express Paralimni,6a181a60ac46ce22e5d354ec,2026-05-28,786,5,47.08,
METRO Express Agias Fylaxeos,6a170f070d5d11ec2a7cd2d3,2026-05-28,512,5,19.19,
METRO Express Agias Fylaxeos,6a180f2c4d2a66788e49ab44,2026-05-28,603,5,45.14,
METRO Express Mouttagiaka,6a181914a65322ede7fc112a,2026-05-28,167,4,16.97,
METRO Express Paralimni,6a1825f04a278e7f675c3f92,2026-05-28,790,5,41.86,
METRO Express Larnaca,6a18274354b6c341bb2bf6eb,2026-05-28,092,5,27.07,
METRO Express Strovolos,6a18266539b0fa6b212d07a8,2026-05-28,669,5,43.18,
METRO Express Aglantzia,6a181628bbed8bbd63604fbe,2026-05-28,281,4,41.29,
METRO Express Mouttagiaka,6a1827703a9ff3e739d1172d,2026-05-28,178,4,18.1,
METRO Express Strovolos,6a1835df4c77dadf6c4ac7d8,2026-05-28,683,5,28.01,
METRO Express Mouttagiaka,6a183848b018e9b7ef5172d7,2026-05-28,193,5,78.76,
METRO Express Aglantzia,6a1835b865feb1499f664f6e,2026-05-28,298,5,23.33,
METRO Express Agias Fylaxeos,6a183ca25931a3e364828ba7,2026-05-28,650,4,44.02,
METRO Express Platy,6a183fee71e8351e8c48628b,2026-05-28,343,5,25.48,
METRO Express Agias Fylaxeos,6a183915e6f2100b30ad4e2b,2026-05-28,641,5,63.49,
METRO Express Mouttagiaka,6a183e3684d429aeb5889274,2026-05-28,202,5,119.48,
METRO Express Mouttagiaka,6a184591536907fb4e7cc1ab,2026-05-28,207,5,19.25,
METRO Express Paralimni,6a184198e73f6d87f61dc3d4,2026-05-28,818,4,55.74,
METRO Express Agias Fylaxeos,6a1848dd8f68c747c783586e,2026-05-28,660,4,38.48,
METRO Express Strovolos,6a184d89510230e31d0c1151,2026-05-28,703,4,73.65,
METRO Express Strovolos,6a17db06519016edd78069e4,2026-05-28,605,5,19.66,
METRO Express Larnaca,6a1852f1ef6da7d6cba9c05e,2026-05-28,135,5,67.49,
METRO Express Platy,6a183168762ab39b6a8c4c9c,2026-05-28,341,1,38.42,
METRO Express Larnaca,6a1852f2efb210d536c8218d,2026-05-28,136,4,39.87,
METRO Express Strovolos,6a1852959440e6748c9a2659,2026-05-28,718,5,119.66,
METRO Express Larnaca,6a1855f370eaf74d3ab1f82c,2026-05-28,140,5,19.54,
METRO Express Strovolos,6a18589bdea7e90d5a9881e7,2026-05-28,727,5,30.45,
METRO Express Paralimni,6a171e5eacb4623dcbbe97e2,2026-05-28,719,5,101.23,
METRO Express Larnaca,6a17faf03d31721278f0877d,2026-05-28,026,5,17.48,
METRO Express Aglantzia,6a1864f81233f8ef50cc14c7,2026-05-28,333,5,37.05,
METRO Express Agias Fylaxeos,6a185285f2371d92c47a6c9d,2026-05-28,681,5,45.55,
METRO Express Platy,6a18624c0d6390abea41cd4b,2026-05-28,358,4,48.75,
METRO Express Agias Fylaxeos,6a1825de5ba2e2535880c4e3,2026-05-28,620,5,248.44,
METRO Express Larnaca,6a18668a96936540a245bf16,2026-05-28,154,5,42.12,
METRO Express Paralimni,6a184ad05c097c2a2d0e428e,2026-05-28,832,5,168.77,
METRO Express Larnaca,6a186a87c328c121d3970b06,2026-05-28,164,5,10.8,
METRO Express Mouttagiaka,6a186f3865995448b4eeeeaa,2026-05-28,244,5,26.43,
METRO Express Mouttagiaka,6a186745a48bcd9dded10438,2026-05-28,239,5,38.79,
METRO Express Agias Fylaxeos,6a186b2839d53111933fcc53,2026-05-28,705,4,37.24,
METRO Express Agias Fylaxeos,6a186b2749ec2ef85024033b,2026-05-28,704,5,96.18,
METRO Express Platy,6a187135c1c01086d783be9c,2026-05-28,367,5,36.12,
METRO Express Paralimni,6a18640ba5095e93a51fe4a0,2026-05-29,847,5,47.07,
METRO Express Larnaca,6a192161a98d755957db8264,2026-05-29,179,5,41.82,
METRO Express Strovolos,6a1929a693748b9d167f62de,2026-05-29,766,4,41.6,
METRO Express Agias Fylaxeos,6a191e59459e2b9de63bec42,2026-05-29,712,5,48.98,
METRO Express Larnaca,6a192875fb03a87084a5a1ff,2026-05-29,188,5,19.62,
METRO Express Larnaca,6a1921bdee343279d7f35272,2026-05-29,180,5,87.84,
METRO Express Mouttagiaka,6a192e4ec0679f61b7d86d08,2026-05-29,265,5,55.37,
METRO Express Mouttagiaka,6a193025d8e56503bd597118,2026-05-29,271,5,43.78,
METRO Express Mouttagiaka,6a19327685c56ba4eef24dd6,2026-05-29,272,5,44.62,
METRO Express Larnaca,6a1932a6d8e56503bd5974e7,2026-05-29,194,4,50.34,
METRO Express Mouttagiaka,6a192f489166405676ef2532,2026-05-29,268,5,50.71,
METRO Express Mouttagiaka,6a191a973e94f7c886827147,2026-05-29,253,5,86.91,
METRO Express Mouttagiaka,6a1927793daeb6f1fa037898,2026-05-29,260,5,52.75,
METRO Express Agias Fylaxeos,6a192667fe7f7b1488d313f5,2026-05-29,723,4,56.98,
METRO Express Mouttagiaka,6a1936345da80eed6952200d,2026-05-29,278,5,47.36,
METRO Express Larnaca,6a19341005ee8ecc05b16ac9,2026-05-29,198,5,22.84,
METRO Express Platy,6a1930f3fb03a87084a5ae7e,2026-05-29,382,5,37.01,
METRO Express Paralimni,6a19353331973e2611de3d1f,2026-05-29,878,4,87.53,
METRO Express Paralimni,6a19390efab8fe8611d0df42,2026-05-29,880,5,49.01,
METRO Express Platy,6a193b4669918325ead9aa58,2026-05-29,389,5,81.6,
METRO Express Mouttagiaka,6a193d3821e947c9fa5a0794,2026-05-29,285,5,75.59,
METRO Express Aglantzia,6a194694337a710072df76ff,2026-05-29,380,5,21.94,
METRO Express Larnaca,6a1940211265a632c71f7fc9,2026-05-29,213,5,39.83,
METRO Express Strovolos,6a19438c119c40bd295a6c8b,2026-05-29,795,4,35.68,
METRO Express Agias Fylaxeos,6a193a32f4f3123637501da3,2026-05-29,741,5,74.68,
METRO Express Agias Fylaxeos,6a19396ab4a5dbe7964c9b06,2026-05-29,740,5,36.99,
METRO Express Mouttagiaka,6a18b0aedf6279ead1325843,2026-05-29,251,5,186.96,
METRO Express Larnaca,6a194dff1bae94f73a9c074f,2026-05-29,228,5,69.4,
METRO Express Larnaca,6a195522f2e76d3634b9117c,2026-05-29,239,5,23.07,
METRO Express Mouttagiaka,6a1957b1053228a756e4b98d,2026-05-29,315,5,295.64,
METRO Express Agias Fylaxeos,6a194cd26c5fbb63877b39ba,2026-05-29,766,5,112.4,
METRO Express Larnaca,6a195df67ee2ebd54220f3a5,2026-05-29,258,5,115.9,
METRO Express Mouttagiaka,6a195f2ad2677524db941518,2026-05-29,325,5,69.04,
METRO Express Mouttagiaka,6a195afb109dc5912659c27e,2026-05-29,320,5,51.22,
METRO Express Mouttagiaka,6a196488b765c29a00076391,2026-05-29,332,5,34.4,
METRO Express Agias Fylaxeos,6a196682dc6af90aa6ff505f,2026-05-29,787,5,85.24,
METRO Express Mouttagiaka,6a196f12cdaba68e6265df9b,2026-05-29,344,5,29.53,
METRO Express Paralimni,6a196c6b45d5e01bb4bc77de,2026-05-29,909,5,70.45,
METRO Express Paralimni,6a1971bde6f2ca68bf4d0855,2026-05-29,914,4,33.11,
METRO Express Mouttagiaka,6a196ab819a680aec471abbd,2026-05-29,339,5,54.6,
METRO Express Agias Fylaxeos,6a1974061dce1fe5243d7ef4,2026-05-29,803,5,48.87,
METRO Express Strovolos,6a19740cf2ada6c7f6d613fa,2026-05-29,826,5,67.3,
METRO Express Mouttagiaka,6a196b272d470f3eb1b089c7,2026-05-29,340,5,121.23,
METRO Express Platy,6a1979a7a8615f1968c53bcc,2026-05-29,411,5,47.43,
METRO Express Paralimni,6a1972a6f90b017aac28437a,2026-05-29,915,4,87.27,
METRO Express Agias Fylaxeos,6a19795e0c92ef271f16c51d,2026-05-29,808,5,45.64,
METRO Express Larnaca,6a1981267bb2559834ade50b,2026-05-29,310,5,37.6,
METRO Express Paralimni,6a19799b33b8296625920d29,2026-05-29,921,2,94.64,
METRO Express Mouttagiaka,6a197f67c44cc896ccb8757d,2026-05-29,361,5,47.38,
METRO Express Platy,6a198218fce52716e0c8f06b,2026-05-29,414,5,65.88,
METRO Express Paralimni,6a197de557ceddb996651776,2026-05-29,924,4,160.42,
METRO Express Platy,6a197e725e60f76af96a20be,2026-05-29,413,5,70.66,
METRO Express Aglantzia,6a19073a9937be34cef28439,2026-05-29,344,5,83.34,
METRO Express Mouttagiaka,6a1978dad5ad144a78701dd8,2026-05-29,356,1,83.45,
METRO Express Larnaca,6a19719af5a73d2dbe1f0cf1,2026-05-29,285,5,224.2,
METRO Express Mouttagiaka,6a19128cc75a49fd3ba3a526,2026-05-29,252,5,42.9,
METRO Express Strovolos,6a1988eb0e2078c37e7337fc,2026-05-29,850,5,36.8,
METRO Express Paralimni,6a19876d19d31f64f7368fb0,2026-05-29,931,5,22.23,
METRO Express Paralimni,6a1988e527c2d414cbdfa511,2026-05-29,935,5,60.56,
METRO Express Mouttagiaka,6a198deb91e4b02c4359a6cd,2026-05-29,374,5,66.29,
METRO Express Mouttagiaka,6a198bf0ff2273373d78bb71,2026-05-29,371,5,94.74,
METRO Express Strovolos,6a19944eedb631ffe775aa9e,2026-05-29,861,5,40.3,
METRO Express Larnaca,6a19917d6891afda4c989acb,2026-05-29,336,5,48.62,
METRO Express Strovolos,6a1996dd892a76a8896927d3,2026-05-29,865,5,35.61,
METRO Express Agias Fylaxeos,6a198be1edb631ffe775a0c4,2026-05-29,841,4,65.8,
METRO Express Agias Fylaxeos,6a198b50db944a8633c190d3,2026-05-29,840,5,73.24,
METRO Express Agias Fylaxeos,6a199355c3bcc6c35c7e0e15,2026-05-29,856,3,35.5,
METRO Express Agias Fylaxeos,6a198da8bd68b44237b5197f,2026-05-29,846,5,99.22,
METRO Express Larnaca,6a199de44bc9328fc0375690,2026-05-29,353,5,39.68,
METRO Express Paralimni,6a199ecf11d57d8231c56d58,2026-05-29,949,4,24.92,
METRO Express Agias Fylaxeos,6a1998e5672aee256e31bf54,2026-05-29,866,5,76.99,
METRO Express Agias Fylaxeos,6a1995b1fce52716e0c90b24,2026-05-29,862,5,48.22,
METRO Express Paralimni,6a19a1e659703bdf0baa6eec,2026-05-29,952,4,20.28,
METRO Express Paralimni,6a14fd603292b719b50c5662,2026-05-29,542,5,46.44,
METRO Express Larnaca,6a19a4073065371b4067eee8,2026-05-29,360,5,121.36,
METRO Express Agias Fylaxeos,6a19a7d6cd7a321c674116d9,2026-05-29,869,5,36.91,
METRO Express Strovolos,6a19b5477a0046a064a8df33,2026-05-29,893,1,40.93,
METRO Express Aglantzia,6a19b2d78be186c52e3997c9,2026-05-29,463,5,37.3,
METRO Express Larnaca,6a19adb43c5e812675a8fb14,2026-05-29,372,5,35.36,
METRO Express Larnaca,6a19b71d97f5659398474bc6,2026-05-29,383,3,18.37,
METRO Express Strovolos,6a19b7d87834081dd43b6bc9,2026-05-29,894,5,90.2,
METRO Express Larnaca,6a19b92e6498d2eebf79f3c2,2026-05-29,386,5,27.42,
METRO Express Platy,6a19b7b64da5cfb09794e8f9,2026-05-29,443,5,79.07,
METRO Express Platy,6a19e3cff165951f185347e5,2026-05-30,452,5,46.2,
METRO Express Agias Fylaxeos,6a1a72af9cab12235fa48967,2026-05-30,902,5,37.32,
METRO Express Aglantzia,6a1a75b46d2b9ca1a8d5b592,2026-05-30,489,5,50.28,
METRO Express Aglantzia,6a19c46a9bb478454c8a7f1c,2026-05-30,478,3,149.25,
METRO Express Agias Fylaxeos,6a1a733c33b03889028cf86b,2026-05-30,903,5,21.68,
METRO Express Platy,6a1a76bd766c7a32f68ac251,2026-05-30,461,5,15.13,
METRO Express Larnaca,6a19c43eb89609284787c51c,2026-05-30,394,5,146.93,
METRO Express Larnaca,6a19d05772349563ee256903,2026-05-30,396,5,20.43,
METRO Express Mouttagiaka,6a1a83ed151518ab3257c621,2026-05-30,446,5,15.74,
METRO Express Mouttagiaka,6a1a7d1e2643a8e3e75a1160,2026-05-30,430,5,76.59,
METRO Express Agias Fylaxeos,6a1a6bf2feccd2e23797567a,2026-05-30,899,5,31.57,
METRO Express Mouttagiaka,6a1a6a2e2361e63b27b78fa3,2026-05-30,424,5,41.48,
METRO Express Mouttagiaka,6a1a8f150a78835dee650663,2026-05-30,452,5,41.77,
METRO Express Mouttagiaka,6a19c7babae2f3be3427eef8,2026-05-30,414,5,73.09,
METRO Express Aglantzia,6a1a8c0b3c1cc2648b7c9d3a,2026-05-30,508,5,34.4,
METRO Express Larnaca,6a195c80861df811e9af3e1a,2026-05-30,252,5,158.58,
METRO Express Strovolos,6a189c5e3b38c1b80a8aeb78,2026-05-30,756,5,88.91,
METRO Express Agias Fylaxeos,6a19b8e3c8914a78687750fc,2026-05-30,884,5,152.76,
METRO Express Mouttagiaka,6a1a81c64b2e28a514bfb741,2026-05-30,443,5,95.99,
METRO Express Agias Fylaxeos,6a1a8d4c3c1cc2648b7c9f0e,2026-05-30,929,4,94.35,
METRO Express Paralimni,6a1a8cca85c6556de998ab15,2026-05-30,011,4,129.86,
METRO Express Agias Fylaxeos,6a1a96c8f6a0b56f85ac745a,2026-05-30,943,5,19.39,
METRO Express Paralimni,6a1a24c1da336fe09e79446a,2026-05-30,985,5,43.57,
METRO Express Agias Fylaxeos,6a1a902c7162706c9e4234e0,2026-05-30,934,5,40.75,
METRO Express Larnaca,6a1a8db1a0b05f1a5a1074fc,2026-05-30,436,1,22.44,
METRO Express Larnaca,6a1a91eaf6a0b56f85ac6b4b,2026-05-30,439,5,45.52,
METRO Express Strovolos,6a1a96e8c310e71ddab0a8e9,2026-05-30,957,5,41.69,
METRO Express Paralimni,6a1a9ae0f4328e14d368a538,2026-05-30,024,5,139,
METRO Express Larnaca,6a1a98b57e4a87696f0ea873,2026-05-30,452,5,26.37,
METRO Express Mouttagiaka,6a1a9aaa4f7a0e48ad480786,2026-05-30,460,5,55.63,
METRO Express Agias Fylaxeos,6a1a9ff5c310e71ddab0b72d,2026-05-30,948,5,18.32,
METRO Express Mouttagiaka,6a1a9e727e074b6d468cad00,2026-05-30,466,5,54.76,
METRO Express Strovolos,6a1aa0138000a4678dd931ee,2026-05-30,969,5,27.71,
METRO Express Strovolos,6a1a9b73f7dc12626c4d976c,2026-05-30,963,5,47.19,
METRO Express Larnaca,6a1aa78058e45d9a6bfe1347,2026-05-30,472,5,24.38,
METRO Express Strovolos,6a1aa8dad27d4e26887ff811,2026-05-30,991,5,40.92,
METRO Express Platy,6a1a8ef163a94657193d30be,2026-05-30,471,4,291.1,
METRO Express Paralimni,6a1aa29d3c5bc41ec456a89c,2026-05-30,035,5,72.34,
METRO Express Agias Fylaxeos,6a1aae79336016f76231ef2a,2026-05-30,961,5,35.43,
METRO Express Paralimni,6a1aabe3f121cac607d98fce,2026-05-30,045,5,27.23,
METRO Express Paralimni,6a1aa5ecad6b2463836ea52f,2026-05-30,036,4,56.11,
METRO Express Agias Fylaxeos,6a1ab0cc820ab18af7a0467f,2026-05-30,965,5,87.28,
METRO Express Mouttagiaka,6a1aabe621ba517c17c57f4e,2026-05-30,484,5,29.57,
METRO Express Paralimni,6a1aae622ce9705e2972d318,2026-05-30,048,5,50.47,
METRO Express Aglantzia,6a1ab77968be4f0d28164ae4,2026-05-30,556,5,56.56,
METRO Express Agias Fylaxeos,6a1ab63ecc639bc28a900cad,2026-05-30,970,5,40.83,
METRO Express Mouttagiaka,6a1ab2b772fa381ffd923bbe,2026-05-30,492,4,54.69,
METRO Express Agias Fylaxeos,6a1ab9dc4e3bf308948b3cc1,2026-05-30,973,5,65.14,
METRO Express Platy,6a1ab03a05f1caf9d372e426,2026-05-30,487,5,63.59,
METRO Express Agias Fylaxeos,6a1ab650fc94e603eb5d36dc,2026-05-30,971,5,85.25,
METRO Express Paralimni,6a1ab2f50cd329434dfd8a38,2026-05-30,059,4,58.96,
METRO Express Agias Fylaxeos,6a1abfb897ba9e622a7b856d,2026-05-30,980,5,33.39,
METRO Express Paralimni,6a1ab5c69187d09b45c63d13,2026-05-30,067,5,11,
METRO Express Mouttagiaka,6a1ac560accbf0f01ef91f57,2026-05-30,512,5,86.9,
METRO Express Paralimni,6a1ab1b41d677214be00038c,2026-05-30,057,5,36.83,
METRO Express Platy,6a1ac3138904c95416d0b7e9,2026-05-30,493,5,27.39,
METRO Express Aglantzia,6a1ac4c1f5bcafc4d7f49c28,2026-05-30,562,5,47.83,
METRO Express Mouttagiaka,6a1ac7192fe809121e22f5c9,2026-05-30,513,5,58.46,
METRO Express Aglantzia,6a1aca68f8abf736d95ae4f4,2026-05-30,568,5,37.21,
METRO Express Paralimni,6a1ab4f089347619205981d0,2026-05-30,064,5,97.11,
METRO Express Mouttagiaka,6a1ac7d66ba1dfd762294c92,2026-05-30,514,5,45.14,
METRO Express Larnaca,6a1ac9068904c95416d0bf6f,2026-05-30,501,5,34.59,
METRO Express Larnaca,6a1ac81bed993e885f7ee43a,2026-05-30,500,5,24.09,
METRO Express Mouttagiaka,6a1ac8e5c34c7e850368a0e4,2026-05-30,515,5,89.95,
METRO Express Paralimni,6a1ac4e688ab7ffe9b8993dc,2026-05-30,085,4,46.23,
METRO Express Platy,6a1ac92c5760f6ba3ea07892,2026-05-30,496,5,82.94,
METRO Express Mouttagiaka,6a1ad02ba7a8d57e7755a9a2,2026-05-30,522,5,104.79,
METRO Express Paralimni,6a1acfb23ae85f569ca21516,2026-05-30,094,5,25.92,
METRO Express Agias Fylaxeos,6a1ad2c9321ab0b8d65707c9,2026-05-30,005,4,19.75,
METRO Express Agias Fylaxeos,6a1ad80cfc3bd2e85cb1e040,2026-05-30,022,5,26.83,
METRO Express Mouttagiaka,6a1adc73bd971612ae81e28a,2026-05-30,537,5,26.95,
METRO Express Agias Fylaxeos,6a1ad755098333c802355c48,2026-05-30,020,4,29.37,
METRO Express Mouttagiaka,6a1adfbba23168f63305a97a,2026-05-30,540,5,17.78,
METRO Express Agias Fylaxeos,6a1adfd59c99a65f3013d5f2,2026-05-30,026,5,33.23,
METRO Express Agias Fylaxeos,6a1adaaa7c2d9a29392797ec,2026-05-30,024,5,78.08,
METRO Express Agias Fylaxeos,6a1ad7369ee24e598ec7bfa2,2026-05-30,018,5,100.15,
METRO Express Paralimni,6a1ad69a413811d1cfafc835,2026-05-30,100,4,42.36,
METRO Express Mouttagiaka,6a1ad804744cb8e791ea4fd9,2026-05-30,534,5,35.65,
METRO Express Larnaca,6a1adc74a96fcb27296c825d,2026-05-30,535,5,35.61,
METRO Express Mouttagiaka,6a1ad6bd9f31e12163010f18,2026-05-30,532,5,59.68,
METRO Express Mouttagiaka,6a1ae5287ebbff02c163248c,2026-05-30,544,5,31.75,
METRO Express Agias Fylaxeos,6a1ae13ac836a434ba1e32a2,2026-05-30,029,5,63.17,
METRO Express Strovolos,6a1ae87066a22e8549aee0d1,2026-05-30,049,5,35.05,
METRO Express Agias Fylaxeos,6a1ae856bb6e4cf8deb9738b,2026-05-30,042,5,48.47,
METRO Express Paralimni,6a1ae8cb693922131c265203,2026-05-30,124,5,32.63,
METRO Express Mouttagiaka,6a1af080aaccf5142533125f,2026-05-30,556,5,33.03,
METRO Express Strovolos,6a1ae65a7c2d9a293927aabc,2026-05-30,045,4,46.54,
METRO Express Larnaca,6a1aebbc7ad70807ac20e9b4,2026-05-30,559,5,58.72,
METRO Express Mouttagiaka,6a1af6a2d3214e3ebc93a2b4,2026-05-30,567,5,28.7,
METRO Express Mouttagiaka,6a1af0b7dd2b3b20ca8d7562,2026-05-30,557,4,95.14,
METRO Express Mouttagiaka,6a1af3deadaded6e64961691,2026-05-30,563,4,45.48,
METRO Express Larnaca,6a1afdf15ed53078d05b66da,2026-05-30,569,4,31.68,
METRO Express Agias Fylaxeos,6a1af7208b0990a4920c0378,2026-05-30,061,5,26.77,
METRO Express Larnaca,6a1aed2ecbf8f34261adb267,2026-05-30,561,5,50.9,
METRO Express Agias Fylaxeos,6a1af8f885d8cdfd22ca926f,2026-05-30,063,5,35.24,
METRO Express Larnaca,6a1b000fb7a19383d483be58,2026-05-30,573,5,39.93,
METRO Express Paralimni,6a1ae6c95f326a02b00d6053,2026-05-30,123,1,197.53,
METRO Express Aglantzia,6a1afbef7755de5fb9dff259,2026-05-30,603,5,22.55,
METRO Express Agias Fylaxeos,6a1afe5a2240798478dadaf9,2026-05-30,069,5,35.32,
METRO Express Agias Fylaxeos,6a1b037a8fec1ef2d5396d2c,2026-05-30,071,4,94.78,
METRO Express Agias Fylaxeos,6a1b0c6a3a58b0a1429d32ad,2026-05-30,087,5,18.38,
METRO Express Agias Fylaxeos,6a1b07fd12a1c0cdf63140b0,2026-05-30,080,5,47.39,
METRO Express Mouttagiaka,6a1b01ed0750649daeadb635,2026-05-30,574,4,52.65,
METRO Express Platy,6a1b1499227e50069c16db5b,2026-05-30,524,5,26.84,
METRO Express Agias Fylaxeos,6a1b1274c0f2c5fc330caea5,2026-05-30,101,5,90.44,
METRO Express Aglantzia,6a1bd1617ba897fbe933d160,2026-05-31,634,5,43.94,
METRO Express Larnaca,6a1af0f75935059052b64172,2026-05-31,564,5,92.87,
METRO Express Larnaca,6a1bb58f0413bc1c89c1abd7,2026-05-31,611,5,47.65,
METRO Express Larnaca,6a1bd6715da1d312e9f8557d,2026-05-31,635,5,34.67,
METRO Express Paralimni,6a1a82b086c62c2ba2911919,2026-05-31,003,4,16,
METRO Express Aglantzia,6a1bd504d419bf82b13c5444,2026-05-31,637,5,44.23,
METRO Express Strovolos,6a1bd58138e36d9a514da687,2026-05-31,105,3,29.93,
METRO Express Paralimni,6a1a8a9277902397e1fc92e9,2026-05-31,007,5,95.34,
METRO Express Agias Fylaxeos,6a1bd7e06884250045ac45e0,2026-05-31,122,5,90.76,
METRO Express Agias Fylaxeos,6a1bcee14fc42dcf5daaa9f0,2026-05-31,121,5,58.08,
METRO Express Larnaca,6a1bd7c2427cba0584701456,2026-05-31,637,5,22.71,
METRO Express Paralimni,6a1bd6a17ba897fbe933d877,2026-05-31,176,5,28.49,
METRO Express Mouttagiaka,6a1bd8375da1d312e9f85823,2026-05-31,602,5,64.55,
METRO Express Paralimni,6a1bd551edbb7926563cff76,2026-05-31,174,5,75.89,
METRO Express Mouttagiaka,6a1be2551d35c54db01c7867,2026-05-31,609,5,34.53,
METRO Express Strovolos,6a1be713f81e855a8674ce95,2026-05-31,130,4,101.59,
METRO Express Larnaca,6a1be20118e6d63e109f23ec,2026-05-31,649,5,85.56,
METRO Express Agias Fylaxeos,6a1be120cedab7ce3934af71,2026-05-31,134,4,27.21,
METRO Express Aglantzia,6a1be4a75fb30966e5dfa4b3,2026-05-31,651,5,37.07,
METRO Express Aglantzia,6a1be5bb1c20f4550707a22b,2026-05-31,652,5,85.27,
METRO Express Mouttagiaka,6a1be9636dc4d0691533f3c5,2026-05-31,617,5,57.56,
METRO Express Strovolos,6a1bf090317b5b7c1363e5b8,2026-05-31,135,5,42.11,
METRO Express Aglantzia,6a1b65a18c316902de5a95b6,2026-05-31,631,5,39.65,
METRO Express Strovolos,6a1bf64acd773ceb9e54b6a7,2026-05-31,139,4,35.76,
METRO Express Strovolos,6a1bf74f76313d7ff5b9bc90,2026-05-31,142,5,51.43,
METRO Express Mouttagiaka,6a1bf5d41a54cfdb350b197a,2026-05-31,632,5,29.58,
METRO Express Platy,6a1bfba8214668237fa043fe,2026-05-31,551,5,38.88,
METRO Express Aglantzia,6a1c00422f53765d5f7719a0,2026-05-31,663,5,56.87,
METRO Express Mouttagiaka,6a1bfaace60b95330539989d,2026-05-31,643,5,41.47,
METRO Express Paralimni,6a1bea5a0d7b6e77ac187476,2026-05-31,200,5,142.69,
METRO Express Aglantzia,6a1c0720dcecdef06f4d3ba1,2026-05-31,670,4,56.25,
METRO Express Larnaca,6a1c08340868233c47b6f83b,2026-05-31,708,5,35.01,
METRO Express Mouttagiaka,6a1c02c58e9d6e9cbd86704a,2026-05-31,650,2,105.92,
METRO Express Aglantzia,6a1c0ed38255df4ff9386f88,2026-05-31,674,5,47.67,
METRO Express Strovolos,6a1c10d6a1cc03bcea426be4,2026-05-31,169,5,37.79,
METRO Express Larnaca,6a1c07b30626b08fa4486d5c,2026-05-31,706,5,131.88,
METRO Express Larnaca,6a1c07dbe9e40995cb75a649,2026-05-31,707,5,69.61,
METRO Express Larnaca,6a1c10e6ccfe7733fd915fb4,2026-05-31,724,5,100.03,
METRO Express Larnaca,6a1c11881383e029558e20c9,2026-05-31,725,5,34.31,
METRO Express Paralimni,6a1c19fde9196c8ed31ab163,2026-05-31,251,3,60.54,
METRO Express Mouttagiaka,6a1c0b19c2d7941f7786b8f5,2026-05-31,657,4,44.08,
METRO Express Larnaca,6a1c1b2ae308613e82058e19,2026-05-31,736,5,61.15,
METRO Express Paralimni,6a1c23755c142478b43e7b2a,2026-05-31,261,3,22.64,
METRO Express Mouttagiaka,6a1c23024ffcda74377f240b,2026-05-31,676,3,28.33,
METRO Express Platy,6a1c22c0bf928188c07c664d,2026-05-31,567,5,43.29,
METRO Express Strovolos,6a1c25cc2614eda66e757c7e,2026-05-31,193,5,85.26,
METRO Express Paralimni,6a1c21336c48bdac8138c7c5,2026-05-31,259,5,50.22,
METRO Express Mouttagiaka,6a1c2430c8b5673a61f452a8,2026-05-31,678,5,21.9,
METRO Express Larnaca,6a1c24535bfa3f6f5e2e2e27,2026-05-31,750,2,9.51,
METRO Express Larnaca,6a1c236eca299c55fa43a36d,2026-05-31,748,4,18.55,
METRO Express Paralimni,6a1c32a293b3200072504b8d,2026-05-31,273,5,111.47,
METRO Express Paralimni,6a1c316ca3f4456d3a532182,2026-05-31,272,5,112.84,
METRO Express Strovolos,6a1c44d985d30366be7238a7,2026-05-31,219,5,72.89,
METRO Express Mouttagiaka,6a1c41818a6462b0fc9d3994,2026-05-31,700,5,53.04,
METRO Express Larnaca,6a1c473a0576b2cbe61de81f,2026-05-31,781,5,38.76,
METRO Express Mouttagiaka,6a1c4dd6de1a7154ee2b8b4f,2026-05-31,713,5,20.05,
METRO Express Paralimni,6a1c4d90130c22fe91e8c62a,2026-05-31,296,5,18.55,
METRO Express Larnaca,6a1c5661a26ed66bcc354b0a,2026-05-31,784,5,35.77,
METRO Express Strovolos,6a1c514974d42144d1720dd3,2026-05-31,238,5,90.14,
METRO Express Mouttagiaka,6a1c529bf599e3bf70d8cc37,2026-05-31,723,5,112.03,
METRO Express Platy,6a1c6432e2c85944831b770c,2026-05-31,581,4,24.56,
METRO Express Larnaca,6a1c616c14d3c123e33bb9a6,2026-05-31,792,5,30.42,
METRO Express Paralimni,6a1c66b5299f20204e909db7,2026-05-31,314,4,55.39,
METRO Express Paralimni,6a1d2f49c1e8dfcc53c76be5,2026-06-01,342,5,37.47,
METRO Express Mouttagiaka,6a1cd5a3a13374f5ed2108c5,2026-06-01,754,1,53.67,
METRO Express Mouttagiaka,6a1d30db69a04ce41cae860a,2026-06-01,795,4,18.51,
METRO Express Paralimni,6a1d456909d0bfa19a043d37,2026-06-01,360,5,126.85,
METRO Express Mouttagiaka,6a1d4cbe2ef82b36a550f42e,2026-06-01,810,5,50.25,
METRO Express Paralimni,6a1d5bd2607fe771d651603a,2026-06-01,373,5,30.44,
METRO Express Mouttagiaka,6a1d5c2c00cbc00d3e7f44bf,2026-06-01,824,5,18.67,
METRO Express Paralimni,6a1d5f44d23a9bd82cb675be,2026-06-01,375,4,20.91,
METRO Express Mouttagiaka,6a1d5dce9425742a10866c6b,2026-06-01,826,5,173.78,
METRO Express Paralimni,6a1d6566be3d7185d75ab505,2026-06-01,381,5,53.32,
METRO Express Mouttagiaka,6a1d6ed52023eccae70b758a,2026-06-01,851,5,13.63,
METRO Express Mouttagiaka,6a1d713a0362ba60705cf17f,2026-06-01,856,5,35.11,
METRO Express Paralimni,6a1d77139a040e5467f67867,2026-06-01,393,5,24.16,
METRO Express Mouttagiaka,6a1d742614e48f261ee147b3,2026-06-01,863,2,91.65,
METRO Express Mouttagiaka,6a1d726b7ada5393ddef6a79,2026-06-01,859,4,27.83,
METRO Express Paralimni,6a1d7cbe59de32b74ccb2740,2026-06-01,400,5,27.02,
METRO Express Mouttagiaka,6a1d83ee22baf4cc2590ce1b,2026-06-01,870,5,97.95,
METRO Express Paralimni,6a1d8caa1e293e157a3eba7c,2026-06-01,409,4,91.75,
METRO Express Paralimni,6a1d7d1e943b38f8204b71be,2026-06-01,401,2,15.18,
METRO Express Mouttagiaka,6a1d8763314233df98cf9411,2026-06-01,878,5,30.33,
METRO Express Paralimni,6a1da259ac1f59ef149897ba,2026-06-01,424,5,15.68,
METRO Express Mouttagiaka,6a1da6eff567928b13693b4b,2026-06-01,894,4,21.01,
METRO Express Mouttagiaka,6a1dab72f7d02c069a26a8ad,2026-06-01,902,4,37.67,
METRO Express Platy,6a1e66ca615ddf53a0944375,2026-06-02,588,5,35.76,
METRO Express Aglantzia,6a1dabf8be96390fcafb1910,2026-06-02,725,5,75.82,
METRO Express Larnaca,6a1d7751c67f89d3cb455f3d,2026-06-02,811,5,54.28,
METRO Express Larnaca,6a1e5b5191c463305e961e0c,2026-06-02,827,5,43.26,
METRO Express Larnaca,6a1e7004728a496ce13ee2dd,2026-06-02,834,5,33.05,
METRO Express Larnaca,6a1e713e5f1b503222b2e1be,2026-06-02,836,5,42.63,
METRO Express Agias Fylaxeos,6a1930cc4eba6d77bd267333,2026-06-02,736,4,61.21,
METRO Express Mouttagiaka,6a1d2fa0fcf4d1d5ceae95ca,2026-06-02,793,5,56.29,
METRO Express Aglantzia,6a1e7b9886f891fda35f274f,2026-06-02,752,5,35.09,
METRO Express Agias Fylaxeos,6a1e7f1f98b4fe6773d11d16,2026-06-02,349,5,132.72,
METRO Express Platy,6a1e7c9707d6948f095e226e,2026-06-02,605,5,60.55,
METRO Express Strovolos,6a1e85394a44e073e942fd20,2026-06-02,294,5,38.79,
METRO Express Agias Fylaxeos,6a1e832c7ac5161bd8143216,2026-06-02,354,5,65.83,
METRO Express Platy,6a1e81e1cbe6b9fd4c61915e,2026-06-02,612,5,40.29,
METRO Express Larnaca,6a1e829d9b419cf25da2ab35,2026-06-02,867,5,42.38,
METRO Express Agias Fylaxeos,6a1e90244a44e073e9430c18,2026-06-02,372,5,100.68,
METRO Express Larnaca,6a1e86a771750595dd7c32e9,2026-06-02,881,4,67.82,
METRO Express Aglantzia,6a1e912a8cef094de98f0b5c,2026-06-02,772,5,50.44,
METRO Express Paralimni,6a1ea0c3bc128ad2063296a4,2026-06-02,468,5,37.79,
METRO Express Agias Fylaxeos,6a1e9cbdb175b77e42be25c3,2026-06-02,390,5,61.32,
METRO Express Mouttagiaka,6a1e9b3e42c151796cf7bde6,2026-06-02,970,5,18.41,
METRO Express Larnaca,6a1e96c3ad2648a1147f7a53,2026-06-02,892,5,70.63,
METRO Express Larnaca,6a1e983d91b5234bff1d126a,2026-06-02,900,5,79.17,
METRO Express Agias Fylaxeos,6a1e9b14b5b99fca99f71b42,2026-06-02,388,3,95.16,
METRO Express Agias Fylaxeos,6a1e9e428c7ec9581529bd87,2026-06-02,396,5,55.55,
METRO Express Larnaca,6a1ea68edd289443303cd7aa,2026-06-02,914,4,36.86,
METRO Express Mouttagiaka,6a1ea081f3276bde041d8857,2026-06-02,978,5,60.68,
METRO Express Strovolos,6a1eabad531570e11914f4c6,2026-06-02,345,5,48.27,
METRO Express Larnaca,6a1eaad91c11337559f8e8ca,2026-06-02,924,5,85.91,
METRO Express Aglantzia,6a1eae89bb7d037f61835709,2026-06-02,806,5,12.03,
METRO Express Agias Fylaxeos,6a1eadec92cbedae5d1ce508,2026-06-02,407,5,37.76,
METRO Express Platy,6a1eb5b3dd28348847a9e05f,2026-06-02,641,5,54.13,
METRO Express Paralimni,6a1eadd3a0bba3f64c4ec120,2026-06-02,484,5,144.37,
METRO Express Agias Fylaxeos,6a1eae7f48bb83e2d29a7ac8,2026-06-02,408,5,287.56,
METRO Express Agias Fylaxeos,6a1eb7bee3bd0dd73a04624d,2026-06-02,426,5,20.59,
METRO Express Aglantzia,6a1eb27b3dcca51974967be0,2026-06-02,807,1,23.32,
METRO Express Aglantzia,6a1ec52ba530b7ea8d85daf1,2026-06-02,820,5,28.32,
METRO Express Paralimni,6a1eb94cc4e59f4c6152d84f,2026-06-02,496,2,96.16,
METRO Express Strovolos,6a1ec6d5c50a861428518913,2026-06-02,373,5,23.96,
METRO Express Paralimni,6a1ebb9f31f45d00de485f63,2026-06-02,497,5,82.9,
METRO Express Agias Fylaxeos,6a1eca4217de2fd25f592cec,2026-06-02,459,2,23.26,
METRO Express Platy,6a1ecc94cb41e02f0b00a7be,2026-06-02,648,5,30.42,
METRO Express Agias Fylaxeos,6a1ecacc32cdc030a4cefd9f,2026-06-02,460,5,47.84,
METRO Express Paralimni,6a1ed1d140da609c7b6211fd,2026-06-02,515,5,18.25,
METRO Express Platy,6a1ecb2d327c1112446366fa,2026-06-02,646,5,55.81,
METRO Express Platy,6a1ecd27e427c4f6c324a2b9,2026-06-02,649,5,40.93,
METRO Express Larnaca,6a1ed650bec40354ab5949d4,2026-06-02,988,5,22.69,
METRO Express Larnaca,6a1ec1a3463183fab74d7c38,2026-06-02,974,5,65.07,
METRO Express Agias Fylaxeos,6a1ed9378c177cd2cf86fd15,2026-06-02,474,5,70.16,
METRO Express Mouttagiaka,6a1ed8108ac4babd6fe53aa6,2026-06-02,042,5,35.66,
METRO Express Strovolos,6a1ed7e796a04a2fda6fb9ad,2026-06-02,399,5,35.05,
METRO Express Larnaca,6a1ecd3dcf0e47af33bf956d,2026-06-02,977,5,219.44,
METRO Express Strovolos,6a1ed814e3b0a9f506620845,2026-06-02,402,5,53.2,
METRO Express Larnaca,6a1ee067327c1112446387b4,2026-06-02,993,4,57.33,
METRO Express Strovolos,6a1edd8f15a0377d19bc7eb7,2026-06-02,411,5,70.75,
METRO Express Agias Fylaxeos,6a1edfc96a760885ae874e0b,2026-06-02,488,5,45.29,
METRO Express Agias Fylaxeos,6a1ee1e699cb7e04a7367d03,2026-06-02,495,5,53.95,
METRO Express Larnaca,6a1ec02879963a50c6ba81bf,2026-06-02,971,5,51.75,
METRO Express Strovolos,6a1eefb6adfcbebc8b3b9253,2026-06-02,430,5,34,
METRO Express Platy,6a1ed832862a6da2d84640e7,2026-06-02,656,2,42.72,
METRO Express Larnaca,6a1ee7dfa690dfcef905f23f,2026-06-02,007,4,32.13,
METRO Express Agias Fylaxeos,6a1ee8f9ab0b16eb17ddcf0e,2026-06-02,514,5,91.48,
METRO Express Mouttagiaka,6a1eeb5b94c0e89cdbfeb21d,2026-06-02,062,5,46.52,
METRO Express Agias Fylaxeos,6a1ee24ef75ad617f24bf0a7,2026-06-02,497,4,53.39,
METRO Express Larnaca,6a1ef080437d8adb89bdf9fb,2026-06-02,022,5,19.4,
METRO Express Mouttagiaka,6a1ef378edc28abceac743b8,2026-06-02,073,3,38.75,
METRO Express Agias Fylaxeos,6a1ee9606a760885ae875bfe,2026-06-02,517,5,53.42,
METRO Express Mouttagiaka,6a1ef0e183112ff32cf65670,2026-06-02,066,4,44.95,
METRO Express Agias Fylaxeos,6a1ec37260a00282933e909a,2026-06-02,447,5,37.12,
METRO Express Larnaca,6a1eead8b927d8c78d419a9c,2026-06-02,011,5,36.04,
METRO Express Larnaca,6a1ef30b74ce7f70a6de80be,2026-06-02,032,5,42.32,
METRO Express Mouttagiaka,6a1ef3826ce943c8eac68252,2026-06-02,074,3,31.42,
METRO Express Larnaca,6a1ef248d22e96f283894a87,2026-06-02,028,5,32.83,
METRO Express Aglantzia,6a1eea315160b8fb668ea8db,2026-06-02,850,5,26.83,
METRO Express Paralimni,6a1ef9d2f4baf903a59b9970,2026-06-02,549,5,22.6,
METRO Express Strovolos,6a1efe414701cd5497a8f759,2026-06-02,446,5,51.4,
METRO Express Paralimni,6a1f00c8f9af6a1948ac69c9,2026-06-02,555,5,10.59,
METRO Express Aglantzia,6a1ef6e301f27b327f5115b6,2026-06-02,874,5,36.72,
METRO Express Larnaca,6a1f060039bebf90b21837eb,2026-06-02,048,2,68.29,
METRO Express Platy,6a1f0d3f098b80700cf74e6d,2026-06-02,689,5,59.8,
METRO Express Agias Fylaxeos,6a1f18aa6463cb387fb45c0b,2026-06-03,533,5,52.52,
METRO Express Larnaca,6a1f1cd873bb9da2463e8dfe,2026-06-03,064,5,64.15,
METRO Express Larnaca,6a1f8a47c9804a9d42435941,2026-06-03,067,5,36.25,
METRO Express Larnaca,6a1fb569c9804a9d42437e55,2026-06-03,078,5,51.66,
METRO Express Larnaca,6a1fa83369f20adf53713674,2026-06-03,073,5,32.63,
METRO Express Larnaca,6a1faf29cdc4e77df9dc9249,2026-06-03,074,5,37.1,
METRO Express Aglantzia,6a1fba3d3698018ab7676f5f,2026-06-03,895,5,79.93,
METRO Express Paralimni,6a1fc692f13ccd7f6554b2f0,2026-06-03,583,5,56.41,
METRO Express Mouttagiaka,6a1f9881226e70f272a402ef,2026-06-03,090,5,26.9,
METRO Express Mouttagiaka,6a1ea5fdc530055363a1ab4e,2026-06-03,981,5,38.83,
METRO Express Strovolos,6a1fcafe90b37da84ba26938,2026-06-03,471,5,25.23,
METRO Express Paralimni,6a1fcab7c2d4a4cc12b451a0,2026-06-03,585,5,61.29,
METRO Express Larnaca,6a1fcc2a35a5833398295163,2026-06-03,109,5,19.32,
METRO Express Larnaca,6a1f9c45267b1eb6172ba870,2026-06-03,070,5,75.65,
METRO Express Mouttagiaka,6a1fce6eb4577c997ec78c7a,2026-06-03,107,5,56.58,
METRO Express Larnaca,6a1f1b613231485cff0d924b,2026-06-03,062,4,63.75,
METRO Express Larnaca,6a1fcff8469642f88b6f609e,2026-06-03,115,4,66.72,
METRO Express Mouttagiaka,6a1fd3df9166088409670684,2026-06-03,110,5,82.55,
METRO Express Larnaca,6a1fd11cc771570a4fcf5aea,2026-06-03,116,5,90.64,
METRO Express Agias Fylaxeos,6a1fcd471e2471e888d96a63,2026-06-03,566,5,118.68,
METRO Express Larnaca,6a1fd2d562ca12740321bb64,2026-06-03,119,5,57.72,
METRO Express Paralimni,6a1fd8762c959a2a4232ff61,2026-06-03,594,4,116.27,
METRO Express Platy,6a1fd988d542ca123eb7775e,2026-06-03,708,5,83.11,
METRO Express Mouttagiaka,6a1fe3258205a603ee626b20,2026-06-03,126,5,93.16,
METRO Express Larnaca,6a1fe0b505b24f2ac8ed87d9,2026-06-03,130,4,133.83,
METRO Express Strovolos,6a1fe46f5d7a87ece4bd55b5,2026-06-03,507,5,39.48,
METRO Express Mouttagiaka,6a1fe4704b91aed9c01be419,2026-06-03,129,5,48.92,
METRO Express Larnaca,6a1fe73bdd277da35c997925,2026-06-03,140,5,51.33,
METRO Express Larnaca,6a1feae0773f61c9a460c055,2026-06-03,147,4,46.46,
METRO Express Strovolos,6a1ff4123f1670a886d65154,2026-06-03,529,5,36.2,
METRO Express Strovolos,6a1ff54ea5cc67357e4ae4f7,2026-06-03,530,5,47.17,
METRO Express Agias Fylaxeos,6a1fe9a161d3fe789cd93374,2026-06-03,597,5,50.39,
METRO Express Larnaca,6a1ff473f772a3e388f18c90,2026-06-03,162,5,45.19,
METRO Express Larnaca,6a1fed69a882f32259c9a844,2026-06-03,151,5,134.77,
METRO Express Agias Fylaxeos,6a1ff7390a918ae38d4b2aa4,2026-06-03,613,5,82.23,
METRO Express Agias Fylaxeos,6a1fea5ea3f9c24d267f61b1,2026-06-03,601,4,133.36,
METRO Express Paralimni,6a20054cb1ad46f94ff3e709,2026-06-03,637,5,26.85,
METRO Express Strovolos,6a200aeb48feabe33a9b569a,2026-06-03,547,5,70.76,
METRO Express Agias Fylaxeos,6a200b9c1df686b8ebc77136,2026-06-03,635,2,5.65,
METRO Express Strovolos,6a2010aab657fad85ee5c3e3,2026-06-03,552,5,30.37,
METRO Express Larnaca,6a200798b0068215c0dd1e41,2026-06-03,178,4,46.26,
METRO Express Agias Fylaxeos,6a200f5b7f10249ea533f7a7,2026-06-03,639,4,35.07,
METRO Express Mouttagiaka,6a2014b6f5eae829f07b2c27,2026-06-03,176,5,39.04,
METRO Express Mouttagiaka,6a2016da6452e2f4c578e62c,2026-06-03,179,4,20.43,
METRO Express Paralimni,6a200cb73824ab86ea4f1f21,2026-06-03,650,4,145.72,
METRO Express Paralimni,6a2015a5a244c63cc5fe9277,2026-06-03,658,5,55.55,
METRO Express Strovolos,6a2016524679feb77682a777,2026-06-03,559,5,52.73,
METRO Express Paralimni,6a2010bfa2eba060123391ec,2026-06-03,653,5,76.5,
METRO Express Strovolos,6a201c8188ac2490b3a77071,2026-06-03,570,5,58.05,
METRO Express Mouttagiaka,6a201e49734162d5526c843a,2026-06-03,186,5,53.34,
METRO Express Agias Fylaxeos,6a201503a2eba0601233978d,2026-06-03,649,5,122.18,
METRO Express Mouttagiaka,6a1ff2873efe5f15ac358125,2026-06-03,145,4,35.04,
METRO Express Mouttagiaka,6a201f64cdcb458e7b4d6d90,2026-06-03,188,5,40.14,
METRO Express Agias Fylaxeos,6a20214580d3d5e26d6bc857,2026-06-03,677,5,55,
METRO Express Agias Fylaxeos,6a2022e0ceda326df961692f,2026-06-03,680,3,28.46,
METRO Express Strovolos,6a202707c81ce84a48476268,2026-06-03,586,5,230.29,
METRO Express Strovolos,6a1ee1c4292b66b6c5e985e5,2026-06-03,421,5,38.86,
METRO Express Paralimni,6a2009cb2ad166143ae47ea4,2026-06-03,648,4,25.01,
METRO Express Agias Fylaxeos,6a1ff4cc4b3cdbdf9aa5b3a5,2026-06-03,610,5,35.65,
METRO Express Mouttagiaka,6a203ef7363708fcc0d261cd,2026-06-03,225,5,32.65,
METRO Express Agias Fylaxeos,6a202bf1a75734b67f997768,2026-06-03,699,2,33.86,
METRO Express Aglantzia,6a201beb62f2f96750d3acf8,2026-06-03,976,4,73.02,
METRO Express Agias Fylaxeos,6a202e9a76d2a1a543410c9f,2026-06-03,709,3,40.22,
METRO Express Mouttagiaka,6a20405bacd3b9bbfcb4b279,2026-06-03,227,5,31.38,
METRO Express Mouttagiaka,6a20413b0d63745df3869cf6,2026-06-03,230,5,49.25,
METRO Express Larnaca,6a2036bd4ad880d2c40c7997,2026-06-03,251,5,99.9,
METRO Express Platy,6a204f3ce8d27117fdf06390,2026-06-03,800,5,34.98,
METRO Express Mouttagiaka,6a2051bf13cf89bbc3eb0b7a,2026-06-03,236,5,32.74,
METRO Express Strovolos,6a204dfc78e91577eb0f43b2,2026-06-03,630,5,49.76,
METRO Express Larnaca,6a204f44ae19f62d09cfd96b,2026-06-03,283,5,75.33,
METRO Express Mouttagiaka,6a2054b7af189c948433567e,2026-06-03,244,5,18.95,
METRO Express Aglantzia,6a204d4f5b434c0912a2c063,2026-06-03,024,2,34.78,
METRO Express Platy,6a2057fe4d0cde2703bee3a9,2026-06-03,812,5,77.28,
METRO Express Aglantzia,6a2108f592ee1b2962877c39,2026-06-04,029,5,33.41,
METRO Express Paralimni,6a210c51202d3b560b2956ca,2026-06-04,715,5,67.41,
METRO Express Paralimni,6a2107b4202d3b560b294d7a,2026-06-04,712,4,75.19,
METRO Express Strovolos,6a21159a8ca817a60a37ff5c,2026-06-04,662,5,17.17,
METRO Express Strovolos,6a211c187324cb1e099c055f,2026-06-04,673,5,21.47,
METRO Express Aglantzia,6a211859ded94d7d71addde7,2026-06-04,036,5,50.98,
METRO Express Paralimni,6a211740faa07de604628ef5,2026-06-04,718,5,80.08,
METRO Express Aglantzia,6a2128d1c3ee4b43a3259c98,2026-06-04,050,5,17.84,
METRO Express Mouttagiaka,6a2129ff6048a81720a471e6,2026-06-04,288,4,38.04,
METRO Express Larnaca,6a212a94430df86f877da237,2026-06-04,332,5,37.72,
METRO Express Larnaca,6a2123d6760fda9985052fd6,2026-06-04,326,5,52.64,
METRO Express Agias Fylaxeos,6a21259a5471774f7f0edeb4,2026-06-04,768,5,42.53,
METRO Express Mouttagiaka,6a2127ccded94d7d71adf609,2026-06-04,284,5,46.87,
METRO Express Mouttagiaka,6a212ba90247b3c2f951992a,2026-06-04,291,5,32.53,
METRO Express Paralimni,6a212f6761c69e52e24e75ba,2026-06-04,729,5,42.36,
METRO Express Mouttagiaka,6a20611ce76e689be2f7dfda,2026-06-04,253,5,30.43,
METRO Express Mouttagiaka,6a2125e849c608bf0c76597b,2026-06-04,283,5,52.26,
METRO Express Platy,6a21245fcdb6e199320b03c5,2026-06-04,838,5,45.83,
METRO Express Larnaca,6a2137e00a94c4962a212fb2,2026-06-04,349,5,31.27,
METRO Express Platy,6a21310aeeb4051bed06f59c,2026-06-04,846,5,94.5,
METRO Express Mouttagiaka,6a213583dfe5913eeac4b2f4,2026-06-04,304,5,87.76,
METRO Express Platy,6a2138329edb9da887aeb5ff,2026-06-04,849,5,36.49,
METRO Express Larnaca,6a2032e1ae302d7cc83e8094,2026-06-04,249,5,80.05,
METRO Express Agias Fylaxeos,6a2140980a94c4962a213c97,2026-06-04,787,5,39.43,
METRO Express Mouttagiaka,6a213da2ad41bbc42e3f1386,2026-06-04,316,5,32.73,
METRO Express Larnaca,6a212985ded94d7d71adf945,2026-06-04,330,5,90.47,
METRO Express Larnaca,6a21475a8c1b0e4dee531766,2026-06-04,371,5,56.26,
METRO Express Agias Fylaxeos,6a21432edf7d2994674d55b5,2026-06-04,794,5,31.05,
METRO Express Agias Fylaxeos,6a2148e3ba68b0795af008f7,2026-06-04,809,5,25.42,
METRO Express Agias Fylaxeos,6a2147f41f84df09910b5091,2026-06-04,805,5,77.79,
METRO Express Agias Fylaxeos,6a21443d8b06903e531c38de,2026-06-04,796,5,26.13,
METRO Express Paralimni,6a214bdbc2635bb32ac9de14,2026-06-04,754,5,29.48,
METRO Express Agias Fylaxeos,6a215c8be09a61829fd46fbb,2026-06-04,820,5,67.84,
METRO Express Aglantzia,6a2163ffa797a31ec6e44209,2026-06-04,087,5,24.74,
METRO Express Strovolos,6a2166516d1539fa3c7b2f05,2026-06-04,752,2,30.01,
METRO Express Paralimni,6a213f9c1396a91e058d90a3,2026-06-04,745,5,20.46,
METRO Express Mouttagiaka,6a2161fe37b1b9babdeea097,2026-06-04,352,5,33.7,
METRO Express Paralimni,6a2165b3d2516c7a8875a59e,2026-06-04,767,5,52.11,
METRO Express Larnaca,6a216496dc682f85cb04d78f,2026-06-04,406,5,94.36,
METRO Express Agias Fylaxeos,6a21674e934e3336b8b56a95,2026-06-04,828,5,49.39,
METRO Express Larnaca,6a216cb36f2a99c2a5a9b0a5,2026-06-04,414,5,53.59,
METRO Express Platy,6a216637ea05427caa4ed52a,2026-06-04,863,5,58.92,
METRO Express Mouttagiaka,6a21623ca964e267d132545b,2026-06-04,355,5,18.43,
METRO Express Larnaca,6a216b368328644b680416f4,2026-06-04,413,5,38.06,
METRO Express Platy,6a216d20b75c8f60fb81a2cd,2026-06-04,869,5,46.9,
METRO Express Platy,6a216c3b1a3ddd26be7575da,2026-06-04,866,5,43.01,
METRO Express Agias Fylaxeos,6a2169b7a797a31ec6e448c5,2026-06-04,831,5,52.34,
METRO Express Larnaca,6a216f65cc20fffc6e19dff1,2026-06-04,417,5,29.97,
METRO Express Mouttagiaka,6a2177e75a96f9746b78eb15,2026-06-04,374,5,34.41,
METRO Express Paralimni,6a2178e85263d94975214b33,2026-06-04,782,5,10.84,
METRO Express Mouttagiaka,6a217b2841d6fbe036958e41,2026-06-04,377,5,86.07,
METRO Express Agias Fylaxeos,6a217a26e919d9f6d2fbeb52,2026-06-04,851,5,33.35,
METRO Express Larnaca,6a21821a033144605db41a53,2026-06-04,444,5,78.24,
METRO Express Mouttagiaka,6a217fc06c8d51f794bdfa67,2026-06-04,382,5,27.86,
METRO Express Larnaca,6a21786669bdb33bfd48d06f,2026-06-04,434,5,44.7,
METRO Express Agias Fylaxeos,6a217c819ef44292e4d70953,2026-06-04,855,5,26.1,
METRO Express Larnaca,6a2180fb8f9bb63cb2531f94,2026-06-04,443,4,47.92,
METRO Express Larnaca,6a218362e5be9d2026e7d425,2026-06-04,447,5,36.12,
METRO Express Larnaca,6a2163bb7f256ca9bbc1c300,2026-06-04,403,5,39.13,
METRO Express Mouttagiaka,6a2186f2b9ff0bc3c952285a,2026-06-04,391,3,26.17,
METRO Express Mouttagiaka,6a2184fde47ab52fb00bf580,2026-06-04,389,4,46.25,
METRO Express Paralimni,6a2187f8f74d3a4189d752c5,2026-06-04,796,5,236.2,
METRO Express Aglantzia,6a2189f3a297f3efdd9d4bb4,2026-06-04,114,5,47.54,
METRO Express Larnaca,6a21915da603aa084fcb4166,2026-06-04,467,5,61.62,
METRO Express Mouttagiaka,6a218a2e20997fe570d226bf,2026-06-04,398,5,32.99,
METRO Express Paralimni,6a218dd99f5d77da795e1a22,2026-06-04,800,5,37.5,
METRO Express Aglantzia,6a2193976d4b535712206706,2026-06-04,121,5,41.45,
METRO Express Agias Fylaxeos,6a217e3140fe98274f105784,2026-06-04,858,4,66.06,
METRO Express Aglantzia,6a219369cc48c1e5d999a297,2026-06-04,120,5,45.19,
METRO Express Agias Fylaxeos,6a218705ae73420143e5d823,2026-06-04,863,5,33,
METRO Express Larnaca,6a21a3347ddbffb967b90845,2026-06-04,484,5,57.18,
METRO Express Agias Fylaxeos,6a2197dab980c5f7f8ab8fa5,2026-06-04,872,5,43.26,
METRO Express Larnaca,6a21a591c80e0b5b9067a068,2026-06-04,487,5,41.88,
METRO Express Larnaca,6a21a9f366d3f7aaf08e1eb0,2026-06-04,493,5,77.1,
METRO Express Larnaca,6a21aafda422e7cc4ee4554f,2026-06-04,494,5,52.25,
METRO Express Platy,6a219e8a952e1cc0db90b635,2026-06-04,896,4,56.1,
METRO Express Agias Fylaxeos,6a21aa3b97a785eaef66dece,2026-06-04,898,5,9.55,
METRO Express Platy,6a21abf170b5db5c763d2ba8,2026-06-04,908,4,61.62,
METRO Express Platy,6a21af00d12ba71d47dbc4c0,2026-06-04,910,1,27.45,
METRO Express Larnaca,6a225a5534989f1e08a24020,2026-06-05,509,5,37.68,
METRO Express Paralimni,6a21e1f87332bcb7a46e20c8,2026-06-05,828,5,26.94,
METRO Express Larnaca,6a21c7297a74a3038cd76312,2026-06-05,500,5,111.6,
METRO Express Aglantzia,6a22536daa308e7a9f888bf0,2026-06-05,154,5,61.28,
METRO Express Platy,6a225b3c61c98673bd973049,2026-06-05,915,5,83.8,
METRO Express Mouttagiaka,6a21475c1d9fa4869c9ec0e9,2026-06-05,323,5,57.96,
METRO Express Agias Fylaxeos,6a21cf680ab54e19f6e294c8,2026-06-05,902,5,83.9,
METRO Express Mouttagiaka,6a22682ce8ef5f08fb624fe2,2026-06-05,425,5,72.15,
METRO Express Aglantzia,6a226eecdf2bf400a80f52c8,2026-06-05,169,5,23.66,
METRO Express Aglantzia,6a226d73739201a4b4d4bb8d,2026-06-05,167,5,38.35,
METRO Express Mouttagiaka,6a2264098b892f5db7ac44e1,2026-06-05,424,5,30.64,
METRO Express Larnaca,6a2268fc68084278d6190c97,2026-06-05,521,5,126.5,
METRO Express Larnaca,6a227267c55a5cb132872368,2026-06-05,536,5,44.48,
METRO Express Larnaca,6a226e91af2819a6d62c0bb3,2026-06-05,526,5,37.04,
METRO Express Mouttagiaka,6a227360be2f5eb23af189d7,2026-06-05,438,5,65.99,
METRO Express Paralimni,6a22732c739201a4b4d4c555,2026-06-05,843,5,40.79,
METRO Express Strovolos,6a227e752cdbb57491b12e16,2026-06-05,860,5,43.5,
METRO Express Platy,6a2265397e7c09de82ddd65b,2026-06-05,918,5,86.99,
METRO Express Aglantzia,6a227f8311633d06046456b9,2026-06-05,180,5,20.63,
METRO Express Mouttagiaka,6a2274f3fe02e1890413bafd,2026-06-05,440,5,70.51,
METRO Express Agias Fylaxeos,6a227463d70204446dca2d0f,2026-06-05,928,5,62.55,
METRO Express Mouttagiaka,6a227a0db196edd478a84e51,2026-06-05,447,5,51.82,
METRO Express Larnaca,6a227e2d1accfba8eb687701,2026-06-05,558,5,22.86,
METRO Express Mouttagiaka,6a22716b3a41653384076917,2026-06-05,437,5,128.24,
METRO Express Mouttagiaka,6a22875087ca2f926c009fd8,2026-06-05,452,5,29.16,
METRO Express Strovolos,6a228976ab94f9725eaaed6d,2026-06-05,870,4,43.25,
METRO Express Mouttagiaka,6a228ab9f67eb37ce47a1001,2026-06-05,458,4,57.92,
METRO Express Larnaca,6a228a37fa498fcb1841ec3a,2026-06-05,576,5,60.5,
METRO Express Agias Fylaxeos,6a229005d5a031c18f813c97,2026-06-05,946,5,59.62,
METRO Express Agias Fylaxeos,6a228d0dede12b1a77915486,2026-06-05,943,5,21.3,
METRO Express Mouttagiaka,6a229649429594fee1664d3d,2026-06-05,472,5,13.97,
METRO Express Paralimni,6a2293327f7f4b52559a7a72,2026-06-05,855,5,118.42,
METRO Express Mouttagiaka,6a2294f995fd7d3fbd5300be,2026-06-05,470,5,36.43,
METRO Express Paralimni,6a2293fc74837b45f6224bc6,2026-06-05,857,5,14.88,
METRO Express Strovolos,6a229ee5037c016a01a866cd,2026-06-05,899,5,21.03,
METRO Express Paralimni,6a229edb0f905a1d283ddd50,2026-06-05,876,3,18.66,
METRO Express Paralimni,6a22a341fb8bcd818bd460c5,2026-06-05,880,5,52.92,
METRO Express Mouttagiaka,6a2297377235da1a59a60a2e,2026-06-05,473,5,189.53,
METRO Express Platy,6a229bb5d4adb19ef294e39a,2026-06-05,933,5,70.43,
METRO Express Agias Fylaxeos,6a22a317e3effb2a53f794d3,2026-06-05,972,5,109.4,
METRO Express Larnaca,6a22a0f96076c1c47f1af517,2026-06-05,609,5,10.64,
METRO Express Larnaca,6a22a33f7d4bee0bf610c12b,2026-06-05,613,5,36.43,
METRO Express Larnaca,6a22a5174ba5892dade12436,2026-06-05,619,5,41.61,
METRO Express Agias Fylaxeos,6a22a784942311e7664c47ae,2026-06-05,978,5,38.39,
METRO Express Agias Fylaxeos,6a22ab0e7e0f581dda7ecde9,2026-06-05,981,5,44.11,
METRO Express Mouttagiaka,6a22ab0fd81d9ba8ee7c5bf1,2026-06-05,490,5,50.76,
METRO Express Paralimni,6a229e3117e12196988ffaa8,2026-06-05,872,5,88.59,
METRO Express Mouttagiaka,6a22aa4dd1378af2e21f0b3a,2026-06-05,488,5,46.5,
METRO Express Paralimni,6a22b2818c20bf519f6c2848,2026-06-05,892,5,11.74,
METRO Express Mouttagiaka,6a22b1057cbf89aa437be285,2026-06-05,499,5,76.33,
METRO Express Aglantzia,6a22b99edd53800647195433,2026-06-05,211,4,46.5,
METRO Express Mouttagiaka,6a22b696bc028e6c28502c5a,2026-06-05,504,5,131.53,
METRO Express Agias Fylaxeos,6a22bf4b466a20757294d584,2026-06-05,004,5,18.86,
METRO Express Mouttagiaka,6a22b3e238e0e8c643e3e063,2026-06-05,502,5,83.74,
METRO Express Mouttagiaka,6a22bb9ce6f0b798487ab876,2026-06-05,509,5,91.76,
METRO Express Larnaca,6a22bcc75bdfd4a561e2268b,2026-06-05,634,5,57.32,
METRO Express Mouttagiaka,6a22c506cf01d51eb39a4eaa,2026-06-05,515,5,56.16,
METRO Express Agias Fylaxeos,6a22c08269e7b07cfd2622cd,2026-06-05,007,5,53.2,
METRO Express Mouttagiaka,6a22c9b094e2680edb36fe6a,2026-06-05,519,5,79.69,
METRO Express Aglantzia,6a22c51a9cb3c31029d53b42,2026-06-05,218,5,18.38,
METRO Express Paralimni,6a22cd3305f260268c49090c,2026-06-05,911,5,26.5,
METRO Express Larnaca,6a22d0976f7f622fc4ee8f01,2026-06-05,657,5,44.72,
METRO Express Larnaca,6a22d02e3ce7f511d1701c32,2026-06-05,656,5,45.82,
METRO Express Mouttagiaka,6a22d82d949d206ad3ceb2f6,2026-06-05,538,5,32.59,
METRO Express Mouttagiaka,6a21b717bfdd99c23c6792d9,2026-06-05,414,5,151.26,
METRO Express Platy,6a22dc54e340b34f62b40fab,2026-06-05,956,5,38.8,
METRO Express Mouttagiaka,6a22e14b07d7b3a18cb807a5,2026-06-05,547,5,39.27,
METRO Express Mouttagiaka,6a22e395efe65b9daeb30dac,2026-06-05,549,5,17.86,
METRO Express Aglantzia,6a22e1ef30e1d04e055e29e9,2026-06-05,240,5,49.82,
METRO Express Mouttagiaka,6a22e212054ad756a18f8f6e,2026-06-05,548,4,39.83,
METRO Express Agias Fylaxeos,6a22e2fcc717a163bbc03db5,2026-06-05,036,4,18.84,
METRO Express Platy,6a22dd66fbb03b3706819168,2026-06-05,959,5,79.18,
METRO Express Aglantzia,6a22e128bd39c2b239f94b76,2026-06-05,237,5,60.26,
METRO Express Strovolos,6a22eb1c60b1a1e04fa5d063,2026-06-05,972,5,76.63,
METRO Express Strovolos,6a22f14e90c8a287be147e72,2026-06-05,984,4,17.83,
METRO Express Platy,6a22f0b90567c594b45f2645,2026-06-05,967,5,30.38,
METRO Express Larnaca,6a22da4af16adfb803ed9794,2026-06-05,667,3,95.54,
METRO Express Aglantzia,6a22ea7b1f339f4adc3abfda,2026-06-05,257,5,46.89,
METRO Express Paralimni,6a22f1124f37c8bd381716de,2026-06-05,936,5,101.75,
METRO Express Mouttagiaka,6a22f455c429f892e9b2901e,2026-06-05,569,5,158.31,
METRO Express Agias Fylaxeos,6a230036603fb6d928621a41,2026-06-05,060,5,31.46,
METRO Express Larnaca,6a2311e4ea6ddee11c860740,2026-06-06,704,5,122.26,
METRO Express Paralimni,6a23059c7aec5f68fbd5e52d,2026-06-06,944,4,54.7,
METRO Express Aglantzia,6a230852dd8322266f7a8808,2026-06-06,266,4,117.79,
METRO Express Paralimni,6a23acb415f8029c1d72c858,2026-06-06,952,3,31.68,
METRO Express Agias Fylaxeos,6a23b176f8dc4e3c6b5293d2,2026-06-06,076,5,19.3,
METRO Express Strovolos,6a23b5a960ae325b3ce67a4c,2026-06-06,021,5,53.86,
METRO Express Larnaca,6a23b5f1d07dfadf32fc1f31,2026-06-06,730,5,45.41,
METRO Express Larnaca,6a23b3cc05fef9a48ab434d5,2026-06-06,728,5,66.76,
METRO Express Mouttagiaka,6a23b2f6b9e7d73eb2d94ec1,2026-06-06,588,5,36.78,
METRO Express Larnaca,6a23b9a33917619bf735d4e5,2026-06-06,737,5,80.39,
METRO Express Agias Fylaxeos,6a23b88ed005f394afebb10f,2026-06-06,091,5,19.81,
METRO Express Mouttagiaka,6a23b34f2a49232184d92206,2026-06-06,589,5,45.86,
METRO Express Mouttagiaka,6a21092d7e73084124f3829d,2026-06-06,259,5,39.26,
METRO Express Paralimni,6a22aa9594e2680edb36d02e,2026-06-06,885,4,86.33,
METRO Express Platy,6a23b4d0f8dc4e3c6b529b31,2026-06-06,989,1,70.13,
METRO Express Strovolos,6a231f50618ccdf79d3c67ae,2026-06-06,002,5,86.33,
METRO Express Larnaca,6a23c24bd07dfadf32fc3180,2026-06-06,743,5,26.4,
METRO Express Mouttagiaka,6a23be66e8cc515efc40278b,2026-06-06,604,5,49.12,
METRO Express Paralimni,6a23c3fca4e573d7130578f3,2026-06-06,962,5,18.04,
METRO Express Mouttagiaka,6a23c8ff6e3f4a084a41a3fb,2026-06-06,616,5,24.44,
METRO Express Aglantzia,6a23c859e5e3b87e50db2872,2026-06-06,299,5,83.89,
METRO Express Larnaca,6a237884b28d0ed7457dd66d,2026-06-06,712,5,110.92,
METRO Express Agias Fylaxeos,6a23c910a59b5a0e0a766a72,2026-06-06,107,4,18.17,
METRO Express Paralimni,6a236363c9ae618106568c71,2026-06-06,948,5,20,
METRO Express Strovolos,6a23ca90b18795286139b6e2,2026-06-06,046,5,40.35,
METRO Express Aglantzia,6a23cf73fdf8f5f17153a102,2026-06-06,305,5,91.42,
METRO Express Paralimni,6a23c75da4e573d713057ed3,2026-06-06,964,5,20.95,
METRO Express Agias Fylaxeos,6a23d090abd9c989f7acbc9b,2026-06-06,117,4,32.9,
METRO Express Aglantzia,6a23d88fb3baa072881d5c88,2026-06-06,314,5,41.64,
METRO Express Mouttagiaka,6a23d76cfdf8f5f17153ae3e,2026-06-06,632,5,32.23,
METRO Express Larnaca,6a23ca2de8cc515efc403b94,2026-06-06,757,4,91.44,
METRO Express Mouttagiaka,6a23d7575ce2b3d9c3d11b0c,2026-06-06,630,5,58.51,
METRO Express Larnaca,6a23e132f387e8fc5d5f4a55,2026-06-06,781,5,24.57,
METRO Express Platy,6a23d5a3344365edb0686d20,2026-06-06,009,3,43.21,
METRO Express Agias Fylaxeos,6a23e1ca320bbc9440517564,2026-06-06,141,4,21.4,
METRO Express Agias Fylaxeos,6a23de7860d109af9d7a2dc9,2026-06-06,137,5,24.64,
METRO Express Agias Fylaxeos,6a23dd91be1064cb3748a76d,2026-06-06,135,5,25.59,
METRO Express Mouttagiaka,6a23eb555639a541256358e0,2026-06-06,650,5,48.76,
METRO Express Aglantzia,6a23e6707e5fe2a88e91d616,2026-06-06,332,5,37.53,
METRO Express Larnaca,6a23e21af6d0f44a7641a1a5,2026-06-06,783,5,45.19,
METRO Express Paralimni,6a23f28981cea6f76cb7e48b,2026-06-06,993,5,31.49,
METRO Express Agias Fylaxeos,6a23e2293bd313b3d4efa13e,2026-06-06,142,4,98.67,
METRO Express Aglantzia,6a23f4e2547ba58b86ba149d,2026-06-06,341,4,29,
METRO Express Strovolos,6a23f721a4a3e751bc39a573,2026-06-06,082,5,24.38,
METRO Express Agias Fylaxeos,6a23f108c86e72a0411c80d0,2026-06-06,171,5,93.28,
METRO Express Mouttagiaka,6a23fc0f5299889eb910b6e1,2026-06-06,673,5,43.32,
METRO Express Larnaca,6a23fcda7f3ac6e4a25211dd,2026-06-06,828,4,44.98,
METRO Express Paralimni,6a23fbe5f87344d912c33f20,2026-06-06,002,5,72.99,
METRO Express Agias Fylaxeos,6a23fe135a8d41eeba78fdfe,2026-06-06,185,4,45.3,
METRO Express Larnaca,6a23c2acbf021ed3f96f955d,2026-06-06,744,5,15.27,
METRO Express Larnaca,6a23e41d04fc0dfe583119f3,2026-06-06,791,3,51.88,
METRO Express Mouttagiaka,6a24013a95654a7a03cb83a7,2026-06-06,677,5,72.23,
METRO Express Larnaca,6a23fe686e4a025a55765e7c,2026-06-06,834,5,88.27,
METRO Express Mouttagiaka,6a24047329bf56ebbc40ba14,2026-06-06,681,5,86.02,
METRO Express Larnaca,6a23ff21d5da26cc8b685326,2026-06-06,840,5,40.87,
METRO Express Mouttagiaka,6a2409d15f4b654e6b3a6ee2,2026-06-06,690,5,39.28,
METRO Express Mouttagiaka,6a240a9ea2bc411950d66b33,2026-06-06,692,5,48.62,
METRO Express Agias Fylaxeos,6a240f6691a0aaa4a52a212a,2026-06-06,208,5,30.32,
METRO Express Larnaca,6a23fe6cb3a90d9febcb0178,2026-06-06,836,5,89.85,
METRO Express Mouttagiaka,6a2411273a6db4df477d9432,2026-06-06,697,5,49.68,
METRO Express Larnaca,6a2413d40844ee1210c04fe6,2026-06-06,859,5,59.22,
METRO Express Paralimni,6a238cfe5905f8759b6770a2,2026-06-06,949,4,101.65,
METRO Express Paralimni,6a241195de5cb6bb44c82844,2026-06-06,013,4,127.82,
METRO Express Agias Fylaxeos,6a242046f000589e865a8328,2026-06-06,227,5,94.4,
METRO Express Agias Fylaxeos,6a241b611afe7e798e5a5636,2026-06-06,224,5,109.24,
METRO Express Aglantzia,6a23f30c004d07b953823f4f,2026-06-06,340,5,71.46,
METRO Express Larnaca,6a24232646dd6772b8ec0792,2026-06-06,882,5,87.25,
METRO Express Mouttagiaka,6a24238bd1405ede4b52ec6e,2026-06-06,710,5,48.61,
METRO Express Paralimni,6a24235646dd6772b8ec07e6,2026-06-06,028,2,51.3,
METRO Express Larnaca,6a24132f580f1397ee94d675,2026-06-06,857,5,76.38,
METRO Express Larnaca,6a24250b6a8c9ce165d99e86,2026-06-06,884,5,43.78,
METRO Express Paralimni,6a242cb3e827a6f668a70c62,2026-06-06,035,5,50.97,
METRO Express Strovolos,6a2432575efcaec275e397cc,2026-06-06,142,5,44.25,
METRO Express Aglantzia,6a243567274219ceec6c9bc6,2026-06-06,396,4,24.97,
METRO Express Larnaca,6a243050ddab265a65e094c6,2026-06-06,896,5,82.93,
METRO Express Strovolos,6a243baa8b2835c45b95eb24,2026-06-06,151,5,11.73,
METRO Express Agias Fylaxeos,6a2437c7e52ec5241f66b1db,2026-06-06,253,5,77.59,
METRO Express Larnaca,6a2441cee5bf53435d72d93f,2026-06-06,909,5,32.77,
METRO Express Mouttagiaka,6a2437f8cf1e32340ad1f69d,2026-06-06,731,5,65.4,
METRO Express Strovolos,6a243eafd8ac174ea981c3da,2026-06-06,154,5,47.64,
METRO Express Agias Fylaxeos,6a243b8c571a041acb391fa8,2026-06-06,260,5,58.21,
METRO Express Platy,6a243b155b62dedd51976a30,2026-06-06,065,5,53.65,
METRO Express Paralimni,6a244e2bb137144d3d1d561d,2026-06-06,050,5,21.21,
METRO Express Strovolos,6a24469f39461aa9a73e7539,2026-06-06,172,5,7.92,
METRO Express Agias Fylaxeos,6a2448ac92ed89f0a2379e19,2026-06-06,272,5,90.23,
METRO Express Strovolos,6a2445de5ef901fe94eed93a,2026-06-06,170,5,112.98,
METRO Express Larnaca,6a23d4a81cb878bd2d842f19,2026-06-07,767,5,27.85,
METRO Express Aglantzia,6a24a69ed4dc9ae0ce3d8ebd,2026-06-07,412,5,49.82,
METRO Express Paralimni,6a250f98d47fb31e494af0be,2026-06-07,065,5,52.78,
METRO Express Aglantzia,6a25168a7fe54fd8fe654f5a,2026-06-07,431,5,21.39,
METRO Express Agias Fylaxeos,6a245ae263e7b8a2bcda5747,2026-06-07,282,5,36.33,
METRO Express Mouttagiaka,6a24e78840c693efd3864e25,2026-06-07,749,4,18.32,
METRO Express Agias Fylaxeos,6a25152cc149497c49e7936f,2026-06-07,301,5,31.57,
METRO Express Mouttagiaka,6a251c57735b6746bd92054d,2026-06-07,759,4,19.83,
METRO Express Mouttagiaka,6a250995cc98ca7570f6e347,2026-06-07,751,5,78.72,
METRO Express Strovolos,6a2513539a07f079a0b9739d,2026-06-07,192,5,78.46,
METRO Express Agias Fylaxeos,6a251cfe3b936f5a3e7a95d6,2026-06-07,313,4,96.86,
METRO Express Strovolos,6a25250e57077fab9789d982,2026-06-07,194,5,57.79,
METRO Express Aglantzia,6a25284cfd713ee5eb48e3c7,2026-06-07,440,5,44.13,
METRO Express Strovolos,6a2528bfdc0c947cf30d93b6,2026-06-07,199,5,32.23,
METRO Express Mouttagiaka,6a252447523fc905b0e4c1b9,2026-06-07,765,5,93.43,
METRO Express Mouttagiaka,6a252764d5d6278742c9da47,2026-06-07,776,4,19.85,
METRO Express Platy,6a251f7a2f412af71ed48a81,2026-06-07,095,5,31.28,
METRO Express Agias Fylaxeos,6a25285bf99997048fe7c1a0,2026-06-07,327,5,31.65,
METRO Express Agias Fylaxeos,6a252e0ef7e1f8be08d2e26b,2026-06-07,334,5,22.82,
METRO Express Mouttagiaka,6a25363ff6f7699e73ea7f84,2026-06-07,785,5,31.32,
METRO Express Agias Fylaxeos,6a2528c657077fab9789e0da,2026-06-07,328,3,89.83,
METRO Express Paralimni,6a252ecd0d3c9d81013cb454,2026-06-07,083,1,52.55,
METRO Express Paralimni,6a2539cd295da96ad4868577,2026-06-07,089,5,38.6,
METRO Express Agias Fylaxeos,6a2535cb150a738615688a7c,2026-06-07,342,5,47.14,
METRO Express Agias Fylaxeos,6a25408523217f15c60fb1d0,2026-06-07,358,5,29.36,
METRO Express Mouttagiaka,6a2544408d4919ff25d4a065,2026-06-07,810,4,19.5,
METRO Express Aglantzia,6a2548225dafe582b208068f,2026-06-07,455,5,88,
METRO Express Mouttagiaka,6a2541e31c42375a7dbf0090,2026-06-07,806,4,36.15,
METRO Express Paralimni,6a25458a6d56ff12db3b2e91,2026-06-07,098,5,51.15,
METRO Express Agias Fylaxeos,6a254fd8b1814bee455073c8,2026-06-07,379,5,60.35,
METRO Express Larnaca,6a2549cef8194fb558a03841,2026-06-07,994,5,32.28,
METRO Express Agias Fylaxeos,6a254e4ae47c581b218c0647,2026-06-07,373,4,15.67,
METRO Express Larnaca,6a2548e2139e9eafbb17813b,2026-06-07,993,5,35.12,
METRO Express Aglantzia,6a255205bf457e3691c83688,2026-06-07,461,4,36.25,
METRO Express Mouttagiaka,6a2550c9abc94e129cfe6f25,2026-06-07,828,4,94.77,
METRO Express Agias Fylaxeos,6a2553f27795cb6e05511557,2026-06-07,385,5,27.08,
METRO Express Larnaca,6a254f283494d7640cd26d4c,2026-06-07,008,5,39.91,
METRO Express Agias Fylaxeos,6a2557e233e2ed3bbc1191b8,2026-06-07,390,5,149.99,
METRO Express Agias Fylaxeos,6a25114f7fe54fd8fe654496,2026-06-07,290,5,39.95,
METRO Express Larnaca,6a25536a36cea4b3fbb617ab,2026-06-07,015,5,45.29,
METRO Express Paralimni,6a255709c9d8963a2fffd357,2026-06-07,112,1,25.7,
METRO Express Mouttagiaka,6a25666e84c196097a7d9ffe,2026-06-07,858,5,36.22,
METRO Express Paralimni,6a255a89480c2207454212e7,2026-06-07,119,1,46.81,
METRO Express Aglantzia,6a256a0beced356b8ec9a939,2026-06-07,480,5,32.72,
METRO Express Paralimni,6a2568f37b07ff9a5a379c26,2026-06-07,132,4,4.15,
METRO Express Larnaca,6a256a132fc5faf68250c674,2026-06-07,026,5,41.75,
METRO Express Larnaca,6a2571b539d5e703113f8f36,2026-06-07,034,1,22.78,
METRO Express Strovolos,6a256e34271db2033c3ccecf,2026-06-07,279,5,29.06,
METRO Express Strovolos,6a25713aecbf36c8f2985895,2026-06-07,286,5,24.72,
METRO Express Strovolos,6a25719cfca4f94e0fa0925c,2026-06-07,288,5,34.44,
METRO Express Platy,6a2570e344efdc31218f92b2,2026-06-07,132,5,88.43,
METRO Express Strovolos,6a257899557e94800d3a5d06,2026-06-07,303,4,34.43,
METRO Express Strovolos,6a257f92ebaff3a22a47e5ae,2026-06-07,315,4,43.81,
METRO Express Paralimni,6a258107616d7beac62003a3,2026-06-07,170,5,23.03,
METRO Express Aglantzia,6a2586ed05a89abd51d9d9fa,2026-06-07,507,5,31.82,
METRO Express Mouttagiaka,6a258591632650a37de38feb,2026-06-07,894,4,21.88,
METRO Express Mouttagiaka,6a258659f94a6653121a2fd4,2026-06-07,896,5,46.64,
METRO Express Mouttagiaka,6a258c69d6fd85b2ea5bc1eb,2026-06-07,904,5,35.31,
METRO Express Platy,6a2584b766118382dbf286d9,2026-06-07,139,5,42.22,
METRO Express Paralimni,6a25729db3c06ba4155760bc,2026-06-07,156,5,62.07,
METRO Express Aglantzia,6a2595873082b8aa820fc143,2026-06-07,525,5,42.62,
METRO Express Paralimni,6a259118988f0321b2f9bb95,2026-06-07,179,4,69.59,
METRO Express Aglantzia,6a25946b328d5b41900e2bc5,2026-06-07,524,5,27.47,
METRO Express Aglantzia,6a259682216f5ce2c31994e5,2026-06-07,526,5,39.26,
METRO Express Larnaca,6a2587269238d916b164fda5,2026-06-07,064,2,48.98,
METRO Express Platy,6a258877e45a2a5fa257386c,2026-06-07,140,5,72.73,
METRO Express Larnaca,6a25898e4d16ddab5adc0169,2026-06-07,067,5,43.03,
METRO Express Strovolos,6a25912084b14431fae9292b,2026-06-07,341,5,37.31,
METRO Express Agias Fylaxeos,6a259211d6d380c9d9e3f6f4,2026-06-07,475,5,89.27,
METRO Express Platy,6a258f0e816e95d53c02af10,2026-06-07,146,5,26.81,
METRO Express Paralimni,6a2594544ccb628655413223,2026-06-07,182,5,33.01,
METRO Express Mouttagiaka,6a2597a8c87e3927e2afd008,2026-06-07,922,5,26.71,
METRO Express Aglantzia,6a2599e7ad49b8259d462633,2026-06-07,530,5,30.26,
METRO Express Larnaca,6a2591b73beec3171aa64d5f,2026-06-07,077,5,43.22,
METRO Express Mouttagiaka,6a259f65180c924af2778521,2026-06-07,929,5,34.4,
METRO Express Mouttagiaka,6a259c2b09c8f2f50d06848c,2026-06-07,927,4,12.64,
METRO Express Paralimni,6a264de677318765aacec0ea,2026-06-08,198,5,56.87,
METRO Express Agias Fylaxeos,6a252062735b6746bd920cc7,2026-06-08,317,5,38.54,
METRO Express Mouttagiaka,6a265cac07f174eabc18500a,2026-06-08,940,5,104.27,
METRO Express Mouttagiaka,6a265da26d6926b302573e0c,2026-06-08,947,5,53.04,
METRO Express Agias Fylaxeos,6a265f27cae02dc514ccbc61,2026-06-08,519,4,31.37,
METRO Express Strovolos,6a26603bba0753d624e38bd0,2026-06-08,374,5,15.6,
METRO Express Paralimni,6a2661bff8af9e50abc3a97a,2026-06-08,210,4,103.34,
METRO Express Aglantzia,6a265d916d6926b302573ded,2026-06-08,553,5,97.35,
METRO Express Larnaca,6a26674601d59e2576728b87,2026-06-08,118,5,84.88,
METRO Express Aglantzia,6a266aedaf7d63d7370e5790,2026-06-08,556,5,36.61,
METRO Express Paralimni,6a25f0e699f1fc897019ff61,2026-06-08,195,5,42.12,
METRO Express Platy,6a26730b5dfa3c806ffa3121,2026-06-08,170,2,58.43,
METRO Express Larnaca,6a267439c82790802e640479,2026-06-08,140,5,69.38,
METRO Express Mouttagiaka,6a265ac934673ee952a58ace,2026-06-08,937,5,35.69,
METRO Express Strovolos,6a2667ce05273f550083c802,2026-06-08,383,5,104.88,
METRO Express Agias Fylaxeos,6a2677a0771476ca9de14825,2026-06-08,543,4,22.32,
METRO Express Agias Fylaxeos,6a2675a367a1060a2f18e196,2026-06-08,541,5,45.23,
METRO Express Agias Fylaxeos,6a2670c303ec4659dbdcce61,2026-06-08,536,5,68.45,
METRO Express Mouttagiaka,6a26865bfe514892200df686,2026-06-08,980,5,35.82,
METRO Express Mouttagiaka,6a267f0d771476ca9de153ef,2026-06-08,973,5,68.9,
METRO Express Aglantzia,6a268d6fa2386ddae8079623,2026-06-08,583,5,42.6,
METRO Express Mouttagiaka,6a265d9c7fbe1ab303e05593,2026-06-08,946,5,222.18,
METRO Express Larnaca,6a2683bb69db163f8e397ef0,2026-06-08,155,5,22.72,
METRO Express Strovolos,6a268ba2bbb9c4401246c164,2026-06-08,420,5,62.14,
METRO Express Paralimni,6a268a4128a9eb84ad78ba9d,2026-06-08,245,5,180.71,
METRO Express Paralimni,6a2691c3d18e5ab97420dced,2026-06-08,248,1,25.39,
METRO Express Agias Fylaxeos,6a267bdb90261f45d42586f1,2026-06-08,551,5,48.72,
METRO Express Paralimni,6a2698aaeed2992dbd8eb9fc,2026-06-08,254,4,31,
METRO Express Strovolos,6a2692cbbcfed8aaf13d4319,2026-06-08,429,5,37.12,
METRO Express Mouttagiaka,6a2694d56cf5ba4e72af0217,2026-06-08,994,5,31.82,
METRO Express Paralimni,6a2677a0771476ca9de14822,2026-06-08,227,5,112.27,
METRO Express Platy,6a269ef9153d4a85ab131793,2026-06-08,189,5,39.18,
METRO Express Mouttagiaka,6a269ec784e2eb010cb4b613,2026-06-08,005,4,76.71,
METRO Express Larnaca,6a269f439e68e734534992c7,2026-06-08,197,5,17.67,
METRO Express Larnaca,6a26a1558616a457107b45cf,2026-06-08,200,5,43.98,
METRO Express Mouttagiaka,6a269d0046d66f3240355a6d,2026-06-08,000,5,19.9,
METRO Express Agias Fylaxeos,6a26aaf5c0defcfab0068e57,2026-06-08,607,5,55.43,
METRO Express Aglantzia,6a26ad0527504a47c8009dfb,2026-06-08,607,5,80.42,
METRO Express Mouttagiaka,6a26a9c89d330037867a0cbf,2026-06-08,015,4,51.19,
METRO Express Larnaca,6a26b105880e6653fb1afb7f,2026-06-08,215,5,103.63,
METRO Express Aglantzia,6a26b94e3bece6e6c0035113,2026-06-08,617,5,26.7,
METRO Express Agias Fylaxeos,6a26ad2284e2eb010cb4cbce,2026-06-08,612,5,70.33,
METRO Express Larnaca,6a26b3b008f38cab4897ba6d,2026-06-08,220,5,120.97,
METRO Express Agias Fylaxeos,6a26bb941bc70735417e5ec4,2026-06-08,629,3,13.76,
METRO Express Aglantzia,6a26bdb6ce7eba40bb2d7444,2026-06-08,624,5,34.46,
METRO Express Larnaca,6a26ba4b9de54cc6b55e9480,2026-06-08,228,2,45.15,
METRO Express Mouttagiaka,6a26c1b09137d8b2040b7268,2026-06-08,039,4,21.09,
METRO Express Paralimni,6a26c0929bcdd71bd9366763,2026-06-08,279,5,30.53,
METRO Express Larnaca,6a26be75f748ae0dd366cea4,2026-06-08,236,5,48.94,
METRO Express Larnaca,6a26bed487faf6c9a64bdb97,2026-06-08,237,5,89.84,
METRO Express Paralimni,6a26c707e1f403ab53923a10,2026-06-08,285,5,35.16,
METRO Express Strovolos,6a26c2286ea636b5fff0ced3,2026-06-08,474,5,75.23,
METRO Express Larnaca,6a26c64315d23c7d61372574,2026-06-08,243,4,61.76,
METRO Express Paralimni,6a26be5d0b7a143d6eef6658,2026-06-08,277,5,76.11,
METRO Express Strovolos,6a26c8213f87d4e3d0ee410b,2026-06-08,484,5,70.1,
METRO Express Larnaca,6a26c5be2fb7653ce968c134,2026-06-08,241,5,40.87,
METRO Express Agias Fylaxeos,6a26c88a2fd2b76966c386d0,2026-06-08,650,5,36.69,
METRO Express Mouttagiaka,6a26bfe029c420f26016b5d7,2026-06-08,036,5,97.12,
METRO Express Agias Fylaxeos,6a26ceac2da6a56d84694a9e,2026-06-08,662,5,75.54,
METRO Express Aglantzia,6a26d188c6b4ecc448bbc8b3,2026-06-08,637,5,86.69,
METRO Express Agias Fylaxeos,6a26cf3a1fe60775e6487d2d,2026-06-08,667,4,37.11,
METRO Express Paralimni,6a26ce0e2a6aa309d79ee072,2026-06-08,290,1,21.57,
METRO Express Paralimni,6a26dc39b95ebd4280f89df6,2026-06-08,302,5,38.04,
METRO Express Larnaca,6a26e0333da3cb41612a6795,2026-06-08,282,5,60.64,
METRO Express Strovolos,6a26e231105b4b23c78cb248,2026-06-08,529,5,50.74,
METRO Express Agias Fylaxeos,6a26e325e9eb49a452f2fd7d,2026-06-08,704,5,57,
METRO Express Paralimni,6a26e801215fd7d97f1d5963,2026-06-08,318,4,35.16,
METRO Express Mouttagiaka,6a26bdac159f633b82d30d90,2026-06-08,033,3,54.39,
METRO Express Agias Fylaxeos,6a26edefc1f566cadb79d8a9,2026-06-08,716,4,20.78,
METRO Express Aglantzia,6a26ec5d7c09605684d41059,2026-06-08,658,5,65.99,
METRO Express Platy,6a26e5e43272acb275f3be2d,2026-06-08,223,1,24.74,
METRO Express Mouttagiaka,6a26ed686b2fbc0fc4200a82,2026-06-08,088,5,44.87,
METRO Express Aglantzia,6a26f00377c8d5bd98c43bce,2026-06-08,666,5,85.41,
METRO Express Agias Fylaxeos,6a2798efb7fedf7791256b74,2026-06-09,723,5,38.3,
METRO Express Aglantzia,6a27bebe6f7a4e0d34395a8f,2026-06-09,700,5,68.21,
METRO Express Paralimni,6a27bb40a4323ac098d8f083,2026-06-09,339,5,21.57,
METRO Express Agias Fylaxeos,6a27c033696aa01e20bbe63b,2026-06-09,747,5,18.43,
METRO Express Mouttagiaka,6a27bf44ae07d38bc518000d,2026-06-09,117,5,31.95,
METRO Express Strovolos,6a27c99435b01ed72b96418c,2026-06-09,590,5,39.21,
METRO Express Agias Fylaxeos,6a27c5897901606916e39393,2026-06-09,752,5,76.25,
METRO Express Paralimni,6a27cbcce636f0591e33627c,2026-06-09,346,5,49.58,
METRO Express Larnaca,6a27cd9872ada434cf46e345,2026-06-09,365,5,36.41,
METRO Express Mouttagiaka,6a27cda04c9c006e4757032d,2026-06-09,133,5,42.45,
METRO Express Mouttagiaka,6a27c011e2a279aa0ec0f4c1,2026-06-09,119,5,18.94,
METRO Express Strovolos,6a27d8d05051a33cfee49fd0,2026-06-09,610,5,49.39,
METRO Express Agias Fylaxeos,6a27cd841a5421d8cc79046a,2026-06-09,763,5,48.38,
METRO Express Agias Fylaxeos,6a27d623081762ad2fdf4820,2026-06-09,775,5,33.37,
METRO Express Strovolos,6a27dd88db660780ce713d04,2026-06-09,612,5,57.35,
METRO Express Mouttagiaka,6a27dd58e795f11a6a9c2058,2026-06-09,153,5,42.7,
METRO Express Mouttagiaka,6a27e4b98943703b5d9c422c,2026-06-09,158,5,48.3,
METRO Express Aglantzia,6a27dddca367c2000aab3d19,2026-06-09,724,4,42.15,
METRO Express Paralimni,6a27e63f000aaa6a81cb110e,2026-06-09,358,5,94.08,
METRO Express Mouttagiaka,6a27ddab655dbdef531d79a0,2026-06-09,154,5,66.93,
METRO Express Mouttagiaka,6a27c92ed0cf5aef5d17b783,2026-06-09,127,5,100.66,
METRO Express Mouttagiaka,6a27e27124ab2f2f8f74cb9f,2026-06-09,157,5,122.43,
METRO Express Paralimni,6a27eccf0e381a104dabf36b,2026-06-09,361,5,58.54,
METRO Express Paralimni,6a27f0c0ab79e6deb1cfeb8b,2026-06-09,365,4,42.13,
METRO Express Mouttagiaka,6a27fc75cd1a3bd3d43f2960,2026-06-09,180,4,47.25,
METRO Express Strovolos,6a27ff27fa843839ab566a63,2026-06-09,646,4,2.6,
METRO Express Larnaca,6a27fa01cb29dfdc6b96efb2,2026-06-09,416,5,26.99,
METRO Express Larnaca,6a2800b83f730d601b3487a4,2026-06-09,431,5,34.22,
METRO Express Agias Fylaxeos,6a28061a8d4d0c2952f4e949,2026-06-09,811,4,29.11,
METRO Express Paralimni,6a27ffa9fd8a9a3b696562cb,2026-06-09,380,5,154.11,
METRO Express Larnaca,6a280074b337345bb3e48ec6,2026-06-09,429,5,96.72,
METRO Express Mouttagiaka,6a2810651db9ad4b8a11f6de,2026-06-09,197,5,45.79,
METRO Express Agias Fylaxeos,6a281034593dff37ff452afc,2026-06-09,822,5,49.49,
METRO Express Mouttagiaka,6a281646c5152dd63d57c6e9,2026-06-09,202,5,1.99,
METRO Express Agias Fylaxeos,6a2819683ef4a99b3b07747b,2026-06-09,829,5,75.51,
METRO Express Strovolos,6a281912e94f27bdcba99b7d,2026-06-09,667,5,46.15,
METRO Express Aglantzia,6a281b4b924380097c8fde1e,2026-06-09,749,5,46.53,
METRO Express Larnaca,6a28160ce94f27bdcba9964e,2026-06-09,458,5,53.31,
METRO Express Mouttagiaka,6a281e65b66c4bb5ce0c28dc,2026-06-09,208,5,28.93,
METRO Express Strovolos,6a281d911ce1d0f54ab4a712,2026-06-09,671,5,35.8,
METRO Express Larnaca,6a28187416e0a1746a2bb9b2,2026-06-09,460,5,100.13,
METRO Express Paralimni,6a281f5244ab7aa552323c38,2026-06-09,402,5,34.41,
METRO Express Mouttagiaka,6a282522cedf8cbc99c85fd5,2026-06-09,219,5,42.18,
METRO Express Mouttagiaka,6a2827ae3108a09df96557e2,2026-06-09,221,4,58.15,
METRO Express Paralimni,6a28203cba0ab0cd125dfd01,2026-06-09,404,5,54.46,
METRO Express Mouttagiaka,6a28284002167859999fd9c7,2026-06-09,223,5,209.49,
METRO Express Strovolos,6a2821b8c2250717398f81d7,2026-06-09,680,5,60.75,
METRO Express Larnaca,6a2828637637162fa97e432b,2026-06-09,482,5,56.66,
METRO Express Mouttagiaka,6a2830bdae4b266abb87a793,2026-06-09,231,5,89.84,
METRO Express Larnaca,6a28263919dde076735879da,2026-06-09,481,5,38.05,
METRO Express Aglantzia,6a2832a1bbcc46ae3844a9b9,2026-06-09,777,3,58.97,
METRO Express Strovolos,6a283841247555d414d347a9,2026-06-09,723,5,45.86,
METRO Express Agias Fylaxeos,6a282c6e968fcd6b09839a65,2026-06-09,866,4,56.31,
METRO Express Mouttagiaka,6a283bb82c172b32f709fb8d,2026-06-09,256,5,36.33,
METRO Express Aglantzia,6a2838c3c64f8d4999374168,2026-06-09,781,5,8.95,
METRO Express Strovolos,6a283c2a3e040ff2d832a779,2026-06-09,729,5,35.57,
METRO Express Larnaca,6a283cc61abf616ff6a3b54e,2026-06-09,559,5,84.03,
METRO Express Agias Fylaxeos,6a283f95a26802ccfdfa7b5c,2026-06-09,924,5,55.94,
METRO Express Paralimni,6a283ff4dd72d3d56f2eee98,2026-06-09,433,4,15.77,
METRO Express Larnaca,6a284578c68323ab1a5cbcf4,2026-06-09,565,1,34.68,
METRO Express Larnaca,6a2844cf7dd17b8814308458,2026-06-09,564,4,49.25,
METRO Express Paralimni,6a2841876728e66750ad33f3,2026-06-09,434,5,56.35,
METRO Express Larnaca,6a28f27a1e607c38829c885b,2026-06-10,583,1,22.81,
METRO Express Larnaca,6a28ed0cc7ec94241635c723,2026-06-10,579,5,75.02,
METRO Express Platy,6a28f4261047b88cbf7993c0,2026-06-10,305,4,68.62,
METRO Express Larnaca,6a28694859d68b93c6027364,2026-06-10,571,4,18.42,
METRO Express Larnaca,6a28fdf60a9cc9baffaf498f,2026-06-10,587,5,36.08,
METRO Express Agias Fylaxeos,6a28f2910ca12a84e5e60ee6,2026-06-10,949,5,35.61,
METRO Express Mouttagiaka,6a29019067999b2bcfd8379d,2026-06-10,268,5,44.72,
METRO Express Agias Fylaxeos,6a28fadf39930cf2c32f7e60,2026-06-10,958,1,17.92,
METRO Express Aglantzia,6a2903b306d0b13b1c50aca2,2026-06-10,802,5,26.45,
METRO Express Larnaca,6a28eed1deed0ef5903ea20d,2026-06-10,581,5,36.57,
METRO Express Mouttagiaka,6a2907cbd93bcaa70e8d52b2,2026-06-10,272,5,48.77,
METRO Express Paralimni,6a290d7d88c2d66eab2ab207,2026-06-10,452,5,26.29,
METRO Express Agias Fylaxeos,6a290d5e88c2d66eab2ab1d5,2026-06-10,965,5,83.44,
METRO Express Paralimni,6a290ec567999b2bcfd84f91,2026-06-10,453,5,38.31,
METRO Express Larnaca,6a290f3e7dbe6d3694323823,2026-06-10,608,5,62.95,
METRO Express Paralimni,6a290fc7fb19f5143b7c9ea0,2026-06-10,456,5,48.46,
METRO Express Mouttagiaka,6a2918b55a30b4e07441755a,2026-06-10,293,5,19.84,
METRO Express Paralimni,6a291360ddd5c906441bf26c,2026-06-10,459,5,19.99,
METRO Express Larnaca,6a291baa82dc9ae282d2efe3,2026-06-10,621,5,38.44,
METRO Express Paralimni,6a2914b4c5cd2b7f9f092cae,2026-06-10,460,5,87.42,
METRO Express Paralimni,6a2919281822eb94fa1eb9c5,2026-06-10,464,5,72.56,
METRO Express Aglantzia,6a2922a3ae1a58eeb3bfbe20,2026-06-10,816,5,38.24,
METRO Express Agias Fylaxeos,6a291c6a48eff1c7c3c5a012,2026-06-10,980,4,33.62,
METRO Express Mouttagiaka,6a2929f4163a4deee764d4bd,2026-06-10,306,5,48.95,
METRO Express Aglantzia,6a29285108dca66971be4f1d,2026-06-10,821,5,35.9,
METRO Express Paralimni,6a29258f6612292a99a5806e,2026-06-10,474,4,25.72,
METRO Express Aglantzia,6a292aa171894b34938b9fff,2026-06-10,823,5,34.23,
METRO Express Larnaca,6a292b34ab636cbdab26e101,2026-06-10,642,4,35.6,
METRO Express Aglantzia,6a292e2043a83ef014643a54,2026-06-10,827,5,42.76,
METRO Express Mouttagiaka,6a29312f56f3d5f9c20e2613,2026-06-10,310,5,40.59,
METRO Express Aglantzia,6a2931d4b76507527009eaf7,2026-06-10,828,4,43.48,
METRO Express Strovolos,6a2930b5d9028d4bfce42b37,2026-06-10,794,5,24.44,
METRO Express Agias Fylaxeos,6a29374e7596470a698b3888,2026-06-10,998,4,81.26,
METRO Express Agias Fylaxeos,6a2940d54ccaf26de3972fa9,2026-06-10,009,5,32.73,
METRO Express Strovolos,6a293c63ca20b54d4b1f38a1,2026-06-10,804,5,95.57,
METRO Express Platy,6a293efb3e156f6a3bb0c05e,2026-06-10,332,5,36.85,
METRO Express Mouttagiaka,6a2946e305d5a3cd53c9ee02,2026-06-10,338,5,37.01,
METRO Express Paralimni,6a292dad30993cfddf9f2bf5,2026-06-10,479,5,38.23,
METRO Express Larnaca,6a2950e8e0b76ee2c24a99c5,2026-06-10,701,5,36.04,
METRO Express Paralimni,6a294cb7a9b9fea8777f9292,2026-06-10,500,5,18.18,
METRO Express Paralimni,6a282633190ea7a47c10d917,2026-06-10,416,5,33.24,
METRO Express Larnaca,6a295f6c931058fb5690e3d2,2026-06-10,713,4,47.7,
METRO Express Aglantzia,6a296041b2026f42a9def9a7,2026-06-10,849,5,18.51,
METRO Express Paralimni,6a29538b8d6dd2fda3f40d3a,2026-06-10,505,5,73.89,
METRO Express Agias Fylaxeos,6a295df7b51bc28cc54e7539,2026-06-10,039,5,49.21,
METRO Express Mouttagiaka,6a2963f7eec4479b0ae2c3d4,2026-06-10,363,4,58.19,
METRO Express Paralimni,6a2960217d84ab3a0749d4ae,2026-06-10,514,5,36.07,
METRO Express Strovolos,6a29535b45a957b4634829f9,2026-06-10,812,5,37.47,
METRO Express Aglantzia,6a2962a01a94da3da13039e8,2026-06-10,851,5,76.68,
METRO Express Agias Fylaxeos,6a2961025a6c3939625992e8,2026-06-10,043,5,81.59,
METRO Express Larnaca,6a295f3b8915406340aab7c8,2026-06-10,712,5,47.76,
METRO Express Strovolos,6a296a0e1fdf0912426ad9a7,2026-06-10,831,4,18.08,
METRO Express Agias Fylaxeos,6a2961472f5a1b177b8b610c,2026-06-10,044,5,19.38,
METRO Express Agias Fylaxeos,6a29593fc4bdafb23dacf33e,2026-06-10,032,5,49.02,
METRO Express Mouttagiaka,6a296f1831bd93b7e8180b5f,2026-06-10,371,5,44.99,
METRO Express Agias Fylaxeos,6a296854eec4479b0ae2c9c8,2026-06-10,048,3,63.45,
METRO Express Mouttagiaka,6a29721c8fa575fbf7c0ca8f,2026-06-10,379,4,25.69,
METRO Express Mouttagiaka,6a29810fbdcc4b8252b7ce3d,2026-06-10,389,5,55.32,
METRO Express Agias Fylaxeos,6a29797a91b67741b30e8fd1,2026-06-10,065,5,37.61,
METRO Express Paralimni,6a2916161074a7e91b589866,2026-06-10,461,4,73.19,
METRO Express Strovolos,6a29863319e528b78b83f9db,2026-06-10,865,5,20.94,
METRO Express Larnaca,6a29845fda6f6ad347e09181,2026-06-10,754,5,36.71,
METRO Express Mouttagiaka,6a2983ab47e66fbab3fd3eca,2026-06-10,393,5,86.63,
METRO Express Strovolos,6a2984f0145194fa4c0dddeb,2026-06-10,861,5,69.69,
METRO Express Paralimni,6a2986cbb141466e299c8f38,2026-06-10,538,5,59.01,
METRO Express Strovolos,6a298e186ff0cf85dfd63286,2026-06-10,875,2,37.52,
METRO Express Aglantzia,6a298f2952d8a6982739e250,2026-06-10,883,5,37.44,
METRO Express Platy,6a2987f7527328767299af51,2026-06-10,368,5,45.13,
METRO Express Agias Fylaxeos,6a2984beb1410ac7f425cfcf,2026-06-10,083,4,47.42,
METRO Express Larnaca,6a298728fc2285c4df7af345,2026-06-10,758,5,45.15,
METRO Express Mouttagiaka,6a29920863560fd556caa2fc,2026-06-10,404,5,52.91,
METRO Express Agias Fylaxeos,6a298c0b9621c1ad5278741c,2026-06-10,096,1,18.75,
METRO Express Paralimni,6a298929ba04016717475760,2026-06-10,540,1,52.95,
METRO Express Paralimni,6a298f60fd8f1f1bceb45121,2026-06-10,548,4,41.64,
METRO Express Paralimni,6a299012f5b04a75ca43758d,2026-06-10,549,5,62.89,
METRO Express Agias Fylaxeos,6a29908cd2bd1ce97c72a5c6,2026-06-10,103,4,37.06,
METRO Express Larnaca,6a2a3beda81e9672ec278e5d,2026-06-11,781,5,100.23,
METRO Express Larnaca,6a2a44d886e333536a97422c,2026-06-11,785,4,18.7,
METRO Express Larnaca,6a29e802b435493968931a54,2026-06-11,778,4,39.71,
METRO Express Paralimni,6a29759ac9740d12e4c56522,2026-06-11,534,4,64.55,
METRO Express Paralimni,6a2a3fd791cf4b044327b8e5,2026-06-11,565,4,86.25,
METRO Express Platy,6a2a465d0d57d9ea236db81c,2026-06-11,384,5,119.15,
METRO Express Agias Fylaxeos,6a2a4f9f7d32eadfbb3bcedf,2026-06-11,133,5,187.84,
METRO Express Mouttagiaka,6a2a585b39b1251365f3bff4,2026-06-11,429,5,14.75,
METRO Express Mouttagiaka,6a2a57dfc437d749be8c4b57,2026-06-11,428,5,30.35,
METRO Express Agias Fylaxeos,6a2a5a93d75ff648f660211d,2026-06-11,142,5,34.04,
METRO Express Paralimni,6a2a5c3357bb5808fe9cab32,2026-06-11,576,5,44.32,
METRO Express Larnaca,6a2a670965b5772d9b3c3657,2026-06-11,821,4,2.04,
METRO Express Larnaca,6a2a5be565b5772d9b3c20a3,2026-06-11,804,5,24.78,
METRO Express Agias Fylaxeos,6a2a60e0705bcf1d2f8e8c99,2026-06-11,150,4,64.05,
METRO Express Mouttagiaka,6a2a6cce13cf32cc3f4a3e4b,2026-06-11,458,5,66.65,
METRO Express Larnaca,6a2a69852eb44a5583ebc945,2026-06-11,826,5,35.17,
METRO Express Agias Fylaxeos,6a2a670cd16159dff7dec6ad,2026-06-11,161,2,35.46,
METRO Express Paralimni,6a29f34d27b27a78877fe1b3,2026-06-11,558,5,47.9,
METRO Express Platy,6a2a611f6e7f22e37ef8437f,2026-06-11,397,5,71.72,
METRO Express Paralimni,6a2a73194f68ad6526df92dc,2026-06-11,591,3,67.84,
METRO Express Agias Fylaxeos,6a2a6ad6e3b2533129467504,2026-06-11,167,5,71.91,
METRO Express Platy,6a2a80df69094146e2024150,2026-06-11,403,5,49.87,
METRO Express Strovolos,6a2a75682eb44a5583ebdf3c,2026-06-11,945,2,95.06,
METRO Express Agias Fylaxeos,6a2a72f60a617699e0500a05,2026-06-11,176,5,35.49,
METRO Express Strovolos,6a2a7e562bc3618ba80bef9a,2026-06-11,960,5,25.33,
METRO Express Agias Fylaxeos,6a2a765b3cbf2d62c94d094c,2026-06-11,179,5,20.28,
METRO Express Strovolos,6a2a6c88f4371ff27095c150,2026-06-11,934,5,88.04,
METRO Express Strovolos,6a2a861361a03e048c6e1bb1,2026-06-11,963,5,32.79,
METRO Express Mouttagiaka,6a2a8673b4a19f58d71b6eb5,2026-06-11,485,5,15.88,
METRO Express Agias Fylaxeos,6a2a8534c1ed290b54f4b0cd,2026-06-11,194,4,18.17,
METRO Express Agias Fylaxeos,6a2a7b08ae4a0a48210ff2f0,2026-06-11,184,4,20.41,
METRO Express Aglantzia,6a2a8a1588aa939f4c3faa35,2026-06-11,926,5,43.36,
METRO Express Agias Fylaxeos,6a2a8a25dc01374a51f29ff4,2026-06-11,203,5,27.99,
METRO Express Strovolos,6a2a906b6aef8f119441cb33,2026-06-11,973,5,66.57,
METRO Express Larnaca,6a2a83c5c5cb1d2eec4e4dfd,2026-06-11,860,5,64.57,
METRO Express Paralimni,6a2a971ba034e533ec7bcd07,2026-06-11,616,5,48.04,
METRO Express Agias Fylaxeos,6a2a9e73b94545073f68f65e,2026-06-11,219,4,33.24,
METRO Express Paralimni,6a2a920c266892351bcf3aa9,2026-06-11,609,5,94.65,
METRO Express Agias Fylaxeos,6a2a98f316b7594ada5eb47a,2026-06-11,215,5,31.56,
METRO Express Aglantzia,6a2aa17d3507f0dbe1f46485,2026-06-11,945,5,22.23,
METRO Express Paralimni,6a2aa12bf010fa76b284ba20,2026-06-11,631,5,33.78,
METRO Express Platy,6a2aa20279e06d22e8e91936,2026-06-11,415,5,46.72,
METRO Express Mouttagiaka,6a2a9c7d3b2cd246a5bdf67e,2026-06-11,512,5,51.6,
METRO Express Agias Fylaxeos,6a2aa85c574b143db73f5ec6,2026-06-11,228,4,35.74,
METRO Express Larnaca,6a2a9a0baf1e6ae513905585,2026-06-11,888,5,124.93,
METRO Express Mouttagiaka,6a2aa6e113cb325a6ec6d1ba,2026-06-11,517,5,54.46,
METRO Express Agias Fylaxeos,6a2aab75811def9bea3a8cd2,2026-06-11,230,5,30.55,
METRO Express Larnaca,6a2aa3ae60be4426fc5cf0e0,2026-06-11,897,3,42.26,
METRO Express Aglantzia,6a2ab817cc8a855b08bfa37a,2026-06-11,961,4,26.01,
METRO Express Larnaca,6a2aac4c6ed37437548de7f0,2026-06-11,911,5,49.04,
METRO Express Aglantzia,6a2ab9a3b56bc20819950479,2026-06-11,963,5,39.43,
METRO Express Strovolos,6a2ab9ba82e241520b813aa8,2026-06-11,015,5,30.48,
METRO Express Agias Fylaxeos,6a2aba9ab56bc20819950608,2026-06-11,244,4,33.02,
METRO Express Mouttagiaka,6a2ab9fc0d4ca5fa79af9a84,2026-06-11,546,5,71.97,
METRO Express Paralimni,6a2ab6e7b04b7a319a04f8ea,2026-06-11,650,5,144.79,
METRO Express Agias Fylaxeos,6a2ac00909f2da54230325a5,2026-06-11,248,5,18.8,
METRO Express Mouttagiaka,6a2ac177a58c5ccdc2d69ab0,2026-06-11,556,5,21.67,
METRO Express Mouttagiaka,6a299242c7347bfd38f59b24,2026-06-11,406,5,69.28,
METRO Express Strovolos,6a2ac26206db0fe329b9b95e,2026-06-11,032,5,53.79,
METRO Express Mouttagiaka,6a2ac3b6406c7155846e3302,2026-06-11,562,5,10.2,
METRO Express Larnaca,6a2ac5401919949fdd2c3d08,2026-06-11,938,5,152.18,
METRO Express Strovolos,6a2ac8c03c1f063b2e844917,2026-06-11,040,5,51.13,
METRO Express Platy,6a2ac95e8e40e948153414cf,2026-06-11,437,5,105.06,
METRO Express Aglantzia,6a2ad6dd8675f3c3f91594de,2026-06-11,981,5,50.22,
METRO Express Agias Fylaxeos,6a2ad26b4b47d19ab84032c5,2026-06-11,280,5,80.49,
METRO Express Aglantzia,6a2adcff923d25612b46c243,2026-06-11,993,5,18.61,
METRO Express Agias Fylaxeos,6a2ad58feeaf79293ca939d1,2026-06-11,283,5,71.9,
METRO Express Paralimni,6a2adbcc86e0903b6b823f9e,2026-06-11,685,5,12.25,
METRO Express Larnaca,6a2ade6a7c858adc74404801,2026-06-11,961,5,47,
METRO Express Strovolos,6a2ae41baca1ca2162908658,2026-06-11,076,5,46.67,
METRO Express Strovolos,6a2ae35e19947dcceff44cd5,2026-06-11,075,5,21.86,
METRO Express Paralimni,6a268527e1c7ac03d9119bc7,2026-06-12,241,4,64.24,
METRO Express Strovolos,6a2b96593845a354edae36cb,2026-06-12,087,5,18.14,
METRO Express Agias Fylaxeos,6a2b9ce30a446f749378aded,2026-06-12,332,5,58.86,
METRO Express Mouttagiaka,6a2ba222614412cdb742517f,2026-06-12,597,5,27.35,
METRO Express Larnaca,6a2ba19df3d8ece261fbf20d,2026-06-12,995,5,75.92,
METRO Express Larnaca,6a2b99fe073076beba29dfd1,2026-06-12,985,5,112.07,
METRO Express Larnaca,6a2ba4585f0d7a763818b079,2026-06-12,999,5,59.55,
METRO Express Mouttagiaka,6a2b995386dcc8034e3bc53a,2026-06-12,596,5,47.53,
METRO Express Mouttagiaka,6a2bad9c224bb371d4e603de,2026-06-12,607,5,26.59,
METRO Express Paralimni,6a2baee1df3e356b99ecbc27,2026-06-12,706,5,19.34,
METRO Express Larnaca,6a2bb60f23b011de091b47fd,2026-06-12,032,5,24.36,
METRO Express Larnaca,6a2bb415292792bc7c1e0a49,2026-06-12,026,5,31.95,
METRO Express Agias Fylaxeos,6a2bb0f3d6e91a2afa015c7c,2026-06-12,357,5,43.82,
METRO Express Larnaca,6a2bb3d2495cfaa87f415e77,2026-06-12,025,5,53.7,
METRO Express Larnaca,6a2bbc5945368a66461ede47,2026-06-12,039,5,40.43,
METRO Express Mouttagiaka,6a2bb33a0b7e2df8f469c0d4,2026-06-12,616,5,55.21,
METRO Express Paralimni,6a2bc99830f4b3d076df9a11,2026-06-12,720,5,57.42,
METRO Express Mouttagiaka,6a2bcabf6256959ab6e8eb73,2026-06-12,642,5,35.01,
METRO Express Platy,6a2bcf58cecd566a0aed9347,2026-06-12,487,5,54.84,
METRO Express Aglantzia,6a2bd02aecc34de1acb1d513,2026-06-12,049,5,21.24,
METRO Express Agias Fylaxeos,6a2bcdc216f4c34220f03b32,2026-06-12,384,4,31.28,
METRO Express Agias Fylaxeos,6a2bcac1b52d6f2eba8f33d8,2026-06-12,381,4,29.13,
METRO Express Larnaca,6a2bc22e5ea630315c003c28,2026-06-12,045,5,185.72,
METRO Express Larnaca,6a2bcf7bb4d69dcf388e1a64,2026-06-12,061,5,157.58,
METRO Express Larnaca,6a2bd9145711ce2543c193d9,2026-06-12,071,5,24.8,
METRO Express Strovolos,6a2bd67e23c3ab3f43d121e6,2026-06-12,143,5,42.06,
METRO Express Mouttagiaka,6a2bd322dd943e56fae44ed1,2026-06-12,656,5,46.26,
METRO Express Larnaca,6a2bdb74f7e3fc69c12d2981,2026-06-12,075,5,50.75,
METRO Express Agias Fylaxeos,6a2bdf32dba4a01fc83eacc9,2026-06-12,416,5,69.13,
METRO Express Larnaca,6a2bdfdfa8bf71904e2a2f82,2026-06-12,081,5,41.95,
METRO Express Mouttagiaka,6a2be67fe7b9c33b47b79027,2026-06-12,682,5,35.94,
METRO Express Mouttagiaka,6a2be328b4a1594d6cac7b66,2026-06-12,679,5,24.61,
METRO Express Larnaca,6a2bdfec5f950151e45a7008,2026-06-12,082,5,73.5,
METRO Express Larnaca,6a2be6478e108586cbe5bb9d,2026-06-12,091,5,47,
METRO Express Strovolos,6a2be9fd7ad9bcc2353c5ea6,2026-06-12,152,5,37.36,
METRO Express Mouttagiaka,6a2beb826b9d6d7ef917aa12,2026-06-12,688,5,89.07,
METRO Express Mouttagiaka,6a2bf1d916ceade6f7d69750,2026-06-12,690,5,19.26,
METRO Express Strovolos,6a2bf2684286c9827aaf929b,2026-06-12,161,5,18.79,
METRO Express Larnaca,6a2beddae9d7e6f23038d0de,2026-06-12,096,5,123.11,
METRO Express Agias Fylaxeos,6a2bee3c8f542ab5b8fa6a0f,2026-06-12,435,5,106.77,
METRO Express Platy,6a2bf20e5cf1e85f26f24baa,2026-06-12,497,5,79.48,
METRO Express Larnaca,6a2bf330bab65ee1f78052f0,2026-06-12,102,4,41.61,
METRO Express Agias Fylaxeos,6a2bf6bb893a641f4e0a2a41,2026-06-12,446,1,128.89,
METRO Express Mouttagiaka,6a2bfc7039ea483f2ad8e5a4,2026-06-12,697,4,12.6,
METRO Express Larnaca,6a2c00124e554d9bd9716693,2026-06-12,114,5,57.68,
METRO Express Mouttagiaka,6a2bffa8297938427dacd30f,2026-06-12,702,5,109.68,
METRO Express Larnaca,6a2bd6eb9c07dd3512d4c597,2026-06-12,068,4,33.45,
METRO Express Larnaca,6a2c0884a20fb70c35de6eed,2026-06-12,129,5,30,
METRO Express Paralimni,6a2c08954d61f5e1a45c55d0,2026-06-12,760,5,178.18,
METRO Express Larnaca,6a2c0655760d06fc181fe0f8,2026-06-12,127,5,38.77,
METRO Express Mouttagiaka,6a2c07d78033a3f26a4e195c,2026-06-12,712,5,13.35,
METRO Express Larnaca,6a2c0e0c2ab68168f536c32b,2026-06-12,139,5,59.12,
METRO Express Larnaca,6a2c0c37b4bc4e04e0c424fb,2026-06-12,134,5,78.64,
METRO Express Mouttagiaka,6a2c17108b540575c0c9751d,2026-06-12,734,5,36.12,
METRO Express Larnaca,6a2c1c377e765741ed6eb3a8,2026-06-12,151,5,20.1,
METRO Express Agias Fylaxeos,6a2c1bcb370b30938d69f6d3,2026-06-12,482,5,98.88,
METRO Express Platy,6a2c1437a20fb70c35de8257,2026-06-12,511,5,59.64,
METRO Express Paralimni,6a2c1b3f63036e64baa9d95f,2026-06-12,776,5,41.21,
METRO Express Larnaca,6a2c1f44cd5b56142f7a9f49,2026-06-12,153,5,82.66,
METRO Express Mouttagiaka,6a2c17c21ec187618164e707,2026-06-12,736,5,43.89,
METRO Express Strovolos,6a2c2007bede8895376807b0,2026-06-12,203,5,37.56,
METRO Express Aglantzia,6a2c220e4b69fd9c77436fc2,2026-06-12,089,5,86.41,
METRO Express Platy,6a2c1ad839ea483f2ad91392,2026-06-12,517,5,35.91,
METRO Express Paralimni,6a2c2310c191528d5d9cb244,2026-06-12,784,5,66.35,
METRO Express Agias Fylaxeos,6a2c23a8b708a5639732e3bb,2026-06-12,496,5,57.64,
METRO Express Paralimni,6a2c2d5f0e7571f537880409,2026-06-12,802,5,16.58,
METRO Express Agias Fylaxeos,6a2c2d3b84438753da5ab7f9,2026-06-12,516,5,59.61,
METRO Express Agias Fylaxeos,6a2c328a5409c1075b74711c,2026-06-12,523,5,20.13,
METRO Express Mouttagiaka,6a2c2e542c7914582d120520,2026-06-12,751,5,21.7,
METRO Express Larnaca,6a2c33966f6142545e6f8c44,2026-06-12,175,5,18.35,
METRO Express Aglantzia,6a2c31d3c1728a85164934b4,2026-06-12,102,5,4.54,
METRO Express Agias Fylaxeos,6a2c37aca53e5f99b8da3d6a,2026-06-12,529,5,39.57,
METRO Express Strovolos,6a2c38338260314a6673f55e,2026-06-12,223,5,34.22,
METRO Express Platy,6a2c3e814b6167c4990efa8f,2026-06-12,537,4,17.23,
METRO Express Agias Fylaxeos,6a2ce7c2d9bf3c3a8d6379c4,2026-06-13,547,4,57.7,
METRO Express Strovolos,6a2c78203c4018b19b52b88b,2026-06-13,230,5,76.98,
METRO Express Larnaca,6a2cc16c29c9d8d922c1d79f,2026-06-13,191,5,100.88,
METRO Express Larnaca,6a2c4a6d60d12c885ef2e954,2026-06-13,185,5,23.92,
METRO Express Larnaca,6a2c612f1873e36ca32797ea,2026-06-13,188,5,35.41,
METRO Express Larnaca,6a2ce7620eadd83fb83eda91,2026-06-13,198,1,47.41,
METRO Express Aglantzia,6a2c41df917e8ce645654194,2026-06-13,107,4,179.29,
METRO Express Agias Fylaxeos,6a2cf2379f183e72080826de,2026-06-13,557,4,112.6,
METRO Express Paralimni,6a2cda2f29c9d8d922c1ebe5,2026-06-13,820,4,21.87,
METRO Express Agias Fylaxeos,6a2cf4f3144ffd830b783c91,2026-06-13,561,4,28.34,
METRO Express Paralimni,6a2cf0e502c51119f777a0d6,2026-06-13,827,4,49.85,
METRO Express Strovolos,6a2c4372d6a52c1a644f0b61,2026-06-13,225,5,81.08,
METRO Express Aglantzia,6a2cfa9c2b04f1c53a78c87a,2026-06-13,132,5,55.81,
METRO Express Aglantzia,6a2cf9593026df16a163b18c,2026-06-13,130,5,60.51,
METRO Express Mouttagiaka,6a2bc0f4846363e58b08a564,2026-06-13,632,4,76.91,
METRO Express Agias Fylaxeos,6a2cf7875b74987ac7d74888,2026-06-13,564,5,21.15,
METRO Express Agias Fylaxeos,6a2cf84973f34e405e623466,2026-06-13,565,5,22.05,
METRO Express Paralimni,6a2cabb28bd3af49a45e8bb1,2026-06-13,818,5,303.82,
METRO Express Larnaca,6a2cfacd20d96425886e5527,2026-06-13,224,5,39.34,
METRO Express Paralimni,6a2cfd979420b22075cbadbf,2026-06-13,848,5,37.86,
METRO Express Larnaca,6a2cf616d1c5fa32a6b58145,2026-06-13,215,5,132.78,
METRO Express Paralimni,6a2cff7579298512382f675b,2026-06-13,852,5,20.6,
METRO Express Platy,6a2d06b57aa6c87def101d49,2026-06-13,557,5,49.39,
METRO Express Mouttagiaka,6a2d00909f183e720808460e,2026-06-13,779,5,58.44,
METRO Express Aglantzia,6a2d099592f1b27b5674cc88,2026-06-13,138,4,40.72,
METRO Express Paralimni,6a2cf5109f183e7208082d2b,2026-06-13,831,4,147.66,
METRO Express Mouttagiaka,6a2d04b5ee7eee3fc33bef7a,2026-06-13,782,5,87.95,
METRO Express Paralimni,6a2d01ab3026df16a163c226,2026-06-13,854,5,134.5,
METRO Express Strovolos,6a2d10f11c4279752bbf18a2,2026-06-13,291,5,29.44,
METRO Express Larnaca,6a2d0dc248e9fe778fb19830,2026-06-13,238,5,42.1,
METRO Express Agias Fylaxeos,6a2d0b2e2f86b47ee5548052,2026-06-13,589,5,76.15,
METRO Express Platy,6a2d1f76d5d85346fb8a37b9,2026-06-13,573,5,35.78,
METRO Express Paralimni,6a2d1a36b2aed41e29451137,2026-06-13,882,4,28.03,
METRO Express Paralimni,6a2d1a337f2de80e8478e22c,2026-06-13,881,5,33.73,
METRO Express Larnaca,6a2d1939fee8a3b3ffb4f1bc,2026-06-13,258,5,39.13,
METRO Express Strovolos,6a2d17141fc3b0bfde85248a,2026-06-13,302,5,55.47,
METRO Express Mouttagiaka,6a2d177abfce91bc456b4616,2026-06-13,805,5,48.6,
METRO Express Paralimni,6a2d19d482a8941af1810d5d,2026-06-13,879,5,62.65,
METRO Express Strovolos,6a2d1c3f92348ea2c03d4626,2026-06-13,313,5,76.42,
METRO Express Mouttagiaka,6a2d1a775fd974bd12aa26f1,2026-06-13,809,5,37.9,
METRO Express Agias Fylaxeos,6a2d184669a92037596c2a01,2026-06-13,607,5,30.13,
METRO Express Aglantzia,6a2d26a474a0f3d37698e093,2026-06-13,168,5,56.71,
METRO Express Paralimni,6a2d13641c4279752bbf1d5c,2026-06-13,874,5,74.63,
METRO Express Aglantzia,6a2d1f553d5aaefdad7f67a6,2026-06-13,156,5,25.53,
METRO Express Larnaca,6a2d17c00da4bdcd3e3c0e46,2026-06-13,251,5,64.16,
METRO Express Agias Fylaxeos,6a2d218a434ce61edb1b55c5,2026-06-13,629,5,34.86,
METRO Express Agias Fylaxeos,6a2d1e4431b158431bfb3842,2026-06-13,621,4,64.69,
METRO Express Aglantzia,6a2d268a3142a76ecacbbd4b,2026-06-13,167,5,44.18,
METRO Express Larnaca,6a2d27db111d9405bbf23aec,2026-06-13,275,4,42.07,
METRO Express Mouttagiaka,6a2d29737f794d898c133832,2026-06-13,810,5,32.74,
METRO Express Agias Fylaxeos,6a2d26f73142a76ecacbbdf3,2026-06-13,635,5,53.67,
METRO Express Agias Fylaxeos,6a2d230cc3c843d3f0c0681a,2026-06-13,631,5,46.79,
METRO Express Aglantzia,6a2d30f888682511ba6aede3,2026-06-13,176,5,25.15,
METRO Express Mouttagiaka,6a2d30cf880140bb63e2d9db,2026-06-13,817,5,100.36,
METRO Express Mouttagiaka,6a2d322d6d527c40de4e083a,2026-06-13,819,5,17.16,
METRO Express Larnaca,6a2d290392f1b27b5675024c,2026-06-13,281,2,94.73,
METRO Express Aglantzia,6a2d38af55ed33adfe3e703d,2026-06-13,181,5,60.91,
METRO Express Paralimni,6a2d1c4582a8941af18110e0,2026-06-13,887,5,53.59,
METRO Express Agias Fylaxeos,6a2d38c9f901c0fff2b9488c,2026-06-13,650,5,46.22,
METRO Express Agias Fylaxeos,6a2d3eea6c99c97ab552545a,2026-06-13,659,3,71.1,
METRO Express Agias Fylaxeos,6a2d39c9576aec1900ed13cc,2026-06-13,652,5,44.2,
METRO Express Agias Fylaxeos,6a2d41de120f055d5b33b62c,2026-06-13,668,5,45.1,
METRO Express Aglantzia,6a2d4331c513659f1ea883a2,2026-06-13,188,4,40.61,
METRO Express Agias Fylaxeos,6a2d45b24598982a1648ceb4,2026-06-13,672,5,43.25,
METRO Express Strovolos,6a2d4a2d880140bb63e3066c,2026-06-13,360,5,22.76,
METRO Express Larnaca,6a2d447fb08a6daa6264b09d,2026-06-13,305,5,34.38,
METRO Express Paralimni,6a2d43057ae5c7da23906ecb,2026-06-13,920,5,19.27,
METRO Express Aglantzia,6a2d4d6f42fb19f109b30049,2026-06-13,201,5,33.24,
METRO Express Agias Fylaxeos,6a2d4b7590bceb6355211a81,2026-06-13,686,5,51.01,
METRO Express Larnaca,6a2d3f5d6d527c40de4e1f5c,2026-06-13,301,5,74.73,
METRO Express Larnaca,6a2d4dbe935b74023a8ac2a5,2026-06-13,315,1,47.57,
METRO Express Agias Fylaxeos,6a2d4e966b5aba5e306cccb6,2026-06-13,690,5,20.85,
METRO Express Agias Fylaxeos,6a2d52db9c2cac0f0598e3d8,2026-06-13,695,5,82.75,
METRO Express Paralimni,6a2d4fadc16af9893e9c94ff,2026-06-13,941,5,69.37,
METRO Express Larnaca,6a2d4f7f92bd1a373b38cfaf,2026-06-13,319,5,57.83,
METRO Express Agias Fylaxeos,6a2d584671aab01328463f78,2026-06-13,698,5,34.05,
METRO Express Aglantzia,6a2d574eedb723ecd1e19488,2026-06-13,207,5,44.85,
METRO Express Mouttagiaka,6a2d4988c16af9893e9c8af9,2026-06-13,851,5,57.39,
METRO Express Larnaca,6a2d4eaac8b508be4e7b3311,2026-06-13,316,5,48.52,
METRO Express Aglantzia,6a2d5e8b7a5591999560bcd4,2026-06-13,215,5,64.82,
METRO Express Strovolos,6a2d650770668479806a52eb,2026-06-13,388,5,5.44,
METRO Express Mouttagiaka,6a2d62d4fca2ad378ca759a4,2026-06-13,872,5,47.54,
METRO Express Larnaca,6a2d64500222f2b51304c46c,2026-06-13,342,5,47.29,
METRO Express Mouttagiaka,6a2d60666db97dcb49840da1,2026-06-13,869,5,20.01,
METRO Express Paralimni,6a2d65129e6df36edc2bccef,2026-06-13,951,5,46.27,
METRO Express Paralimni,6a2d68ab6058b02e54494527,2026-06-13,957,5,187.55,
METRO Express Strovolos,6a2d725e8457f9bd38944a8b,2026-06-13,399,5,22.05,
METRO Express Larnaca,6a2d6bc892d85ff41d560aec,2026-06-13,352,4,23.2,
METRO Express Aglantzia,6a2d790bd6c0204bd55d3f18,2026-06-13,234,5,5.36,
METRO Express Larnaca,6a2d6ccdf5a8999fdd248d26,2026-06-13,354,5,72.37,
METRO Express Mouttagiaka,6a2d752841acdc6b47153fd2,2026-06-13,892,5,89.99,
METRO Express Aglantzia,6a2d7ab3a069c94522faaa8c,2026-06-13,237,5,32.08,
METRO Express Strovolos,6a2d7b51e7ed9fcbe3e6858f,2026-06-13,408,5,98.75,
METRO Express Larnaca,6a2d7908ab87b74e3d905d73,2026-06-13,376,5,18.69,
METRO Express Agias Fylaxeos,6a2d806734f4b151eaf0c026,2026-06-13,749,5,31.39,
METRO Express Paralimni,6a2d78c583958d9f8d821abb,2026-06-13,970,4,32.8,
METRO Express Aglantzia,6a2d815b8071f058ae059d9e,2026-06-13,243,5,107.59,
METRO Express Agias Fylaxeos,6a2d8984790083b053814059,2026-06-13,760,5,18.07,
METRO Express Larnaca,6a2d78d1df5b035d85d3ae52,2026-06-13,375,4,55.83,
METRO Express Paralimni,6a2d7de9d8ac2a5e3797a93a,2026-06-13,975,5,114.67,
METRO Express Paralimni,6a2d889bcbe4fd4b7aaa17f4,2026-06-13,986,5,50.92,
METRO Express Larnaca,6a2e2d146ae16a27e333a5d3,2026-06-14,390,5,45.97,
METRO Express Paralimni,6a2e325e4886e266989f3362,2026-06-14,994,5,195.31,
METRO Express Larnaca,6a2d671861ea92a6e3e0fcbb,2026-06-14,346,5,159.63,
METRO Express Larnaca,6a2e43bd76e5a84f7a9881d1,2026-06-14,395,5,204.74,
METRO Express Paralimni,6a2e4fdd70703aeea7b17a97,2026-06-14,010,5,36.67,
METRO Express Strovolos,6a2e5264240a3f0f9e350002,2026-06-14,446,4,30.46,
METRO Express Agias Fylaxeos,6a2e59b0d51f647b5e42272f,2026-06-14,781,5,21.67,
METRO Express Larnaca,6a2da76aa5555035d569f77a,2026-06-14,386,5,67.89,
METRO Express Paralimni,6a2e50ac6c5b5d584be91c53,2026-06-14,013,5,40.9,
METRO Express Mouttagiaka,6a2e4a158bc6468f62b5876b,2026-06-14,922,5,48.95,
METRO Express Aglantzia,6a2e5c9e418263dcc2ea7362,2026-06-14,268,5,45.29,
METRO Express Mouttagiaka,6a2e5af316e1873cf6700761,2026-06-14,933,5,44.97,
METRO Express Platy,6a2e5c7a2bff96a84b9630f3,2026-06-14,634,5,39.72,
METRO Express Platy,6a2e5f2016e1873cf670103b,2026-06-14,638,5,36.44,
METRO Express Strovolos,6a2e61ff0760f0dbb53b621c,2026-06-14,456,5,87.67,
METRO Express Platy,6a2e61e4c1140ac590d37863,2026-06-14,643,5,37.64,
METRO Express Strovolos,6a2e67941c8963863523f2a9,2026-06-14,465,4,121.54,
METRO Express Aglantzia,6a2e6f50b6b3a071bc76a19b,2026-06-14,282,5,31.73,
METRO Express Mouttagiaka,6a2e67e21676b12e20364727,2026-06-14,952,5,46.8,
METRO Express Larnaca,6a2e5c4b30218675b9182822,2026-06-14,424,5,260.77,
METRO Express Mouttagiaka,6a2e6a647e70e2d868fb92b9,2026-06-14,956,5,66.19,
METRO Express Paralimni,6a2e769015d40093f4d1de9f,2026-06-14,028,5,45.81,
METRO Express Paralimni,6a2e5a51bf1b646e21449bf5,2026-06-14,021,5,129.87,
METRO Express Aglantzia,6a2e7776957434be5299dfb6,2026-06-14,291,5,73.43,
METRO Express Strovolos,6a2e7c9c5ab7dc96edb67b2b,2026-06-14,484,5,20.99,
METRO Express Mouttagiaka,6a2e74c7d8c38b71400e8fb7,2026-06-14,968,5,37.47,
METRO Express Agias Fylaxeos,6a2e77725e09d6a57119766e,2026-06-14,831,5,41.68,
METRO Express Strovolos,6a2e796ebed1c0d4ba9364c2,2026-06-14,481,5,51.05,
METRO Express Aglantzia,6a2e8384a13b5cf532c20a85,2026-06-14,299,5,18.88,
METRO Express Agias Fylaxeos,6a2e7af29c7c87cf63d45d2e,2026-06-14,839,5,100.03,
METRO Express Platy,6a2e727ea95df6411838abdb,2026-06-14,649,5,30.26,
METRO Express Strovolos,6a2e887b03dfc08b2f910d49,2026-06-14,505,4,47.14,
METRO Express Platy,6a2e7b77b8299c0524c0964b,2026-06-14,653,5,89.45,
METRO Express Agias Fylaxeos,6a2e888260faed307ea88d90,2026-06-14,856,5,37.62,
METRO Express Strovolos,6a2e90db9c7c87cf63d480c4,2026-06-14,516,5,69.13,
METRO Express Larnaca,6a2e8815f78af82988f9870b,2026-06-14,481,4,64.78,
METRO Express Strovolos,6a2e9aee44986122e6a4beee,2026-06-14,530,5,53.73,
METRO Express Agias Fylaxeos,6a2e9b1efa5be6385ab26864,2026-06-14,881,5,84.47,
METRO Express Strovolos,6a2ea3e0a2ef8e6c796736ae,2026-06-14,538,5,70.59,
METRO Express Paralimni,6a2ea240a14d5282a4e6eab1,2026-06-14,063,4,26.11,
METRO Express Agias Fylaxeos,6a2ea10e0ae24a708eef2551,2026-06-14,896,4,37.6,
METRO Express Agias Fylaxeos,6a2e9c3a5f6cf4542cb221de,2026-06-14,885,4,207.19,
METRO Express Platy,6a2ea1082684d01c1a4eb3bf,2026-06-14,670,5,36.11,
METRO Express Mouttagiaka,6a2ea363d5566fed8ab537c0,2026-06-14,019,5,56.02,
METRO Express Strovolos,6a2ea61f913120ba6cf3deab,2026-06-14,543,5,203.83,
METRO Express Strovolos,6a2ea9e82fa5fd5749f1575b,2026-06-14,546,5,32.58,
METRO Express Aglantzia,6a2eaf4637e5fb4e0a388896,2026-06-14,323,5,55.78,
METRO Express Larnaca,6a2e99ade283d4bdd9fbd09a,2026-06-14,508,3,109.47,
METRO Express Aglantzia,6a2eb06cbbb69dfcb0cae5c2,2026-06-14,325,5,46.12,
METRO Express Aglantzia,6a2eb934b809c8fb00ff1a61,2026-06-14,332,4,22.74,
METRO Express Paralimni,6a2eb31f55ed8a3cdd344475,2026-06-14,072,5,43.22,
METRO Express Agias Fylaxeos,6a2eb68242a20ac20b8dad5f,2026-06-14,929,5,52.94,
METRO Express Larnaca,6a2eab0eed4ceea491a400d6,2026-06-14,523,3,58.58,
METRO Express Mouttagiaka,6a2ebeff807b42f565373229,2026-06-14,047,5,54.16,
METRO Express Aglantzia,6a2ec115e4758003b005e178,2026-06-14,340,5,49.36,
METRO Express Larnaca,6a2ead59e8f4914de9a50a1f,2026-06-14,527,5,101.27,
METRO Express Strovolos,6a2eb8a1f54d758c7813635d,2026-06-14,558,4,24.05,
METRO Express Platy,6a2ebafd4320cc1818cc17f6,2026-06-14,686,5,58.12,
METRO Express Aglantzia,6a2ec4daa7ef5351306eda03,2026-06-14,351,5,25.69,
METRO Express Paralimni,6a2ebe6a989837a2dc502387,2026-06-14,087,5,42.19,
METRO Express Paralimni,6a2ebe5586ef55f6e7e9b921,2026-06-14,085,5,54.67,
METRO Express Agias Fylaxeos,6a2ec0ff25b3f49b3962907e,2026-06-14,943,5,51.73,
METRO Express Mouttagiaka,6a2ec7463707f2b05f85fed5,2026-06-14,055,5,38.16,
METRO Express Paralimni,6a2ec949bbc1c97503cc387b,2026-06-14,100,4,27.6,
METRO Express Paralimni,6a2ec041d183559863ba0c04,2026-06-14,088,5,82.26,
METRO Express Aglantzia,6a2eca2497e4887518a8647c,2026-06-14,363,5,35.26,
METRO Express Strovolos,6a2ecfed314102a3efe8ca0a,2026-06-14,571,5,65.27,
METRO Express Paralimni,6a2ec48dc3e941b99f4c6f8f,2026-06-14,092,5,135.12,
METRO Express Paralimni,6a2ed2b18de8c686f53e264f,2026-06-14,107,4,45.79,
METRO Express Aglantzia,6a2edad5ca0525c3b28b3a82,2026-06-14,373,1,26.69,
METRO Express Agias Fylaxeos,6a2ed71cbe277c6503f77033,2026-06-14,996,5,43.56,
METRO Express Paralimni,6a2f89df1b25953796decbb9,2026-06-15,119,5,39.98,
METRO Express Larnaca,6a2f8b1225328f04a722c6fa,2026-06-15,569,5,46.61,
METRO Express Larnaca,6a2f8d62361b88e3d3306a47,2026-06-15,572,5,43.03,
METRO Express Paralimni,6a2ef5b0f70adf3a5dab5ef9,2026-06-15,117,5,68.56,
METRO Express Agias Fylaxeos,6a2f913237935e867bdb0d89,2026-06-15,020,4,69.84,
METRO Express Agias Fylaxeos,6a2f900acdabf50be6e73db2,2026-06-15,018,5,74.35,
METRO Express Larnaca,6a2f955b45fa611e6294a2f3,2026-06-15,578,5,43,
METRO Express Agias Fylaxeos,6a2c1c8f8033a3f26a4e398d,2026-06-15,484,5,26.1,
METRO Express Mouttagiaka,6a2f97b9b92366dd5d54dd5b,2026-06-15,091,5,30.02,
METRO Express Aglantzia,6a2bd94947abfd026a106c9e,2026-06-15,056,4,36.93,
METRO Express Agias Fylaxeos,6a2bb2877160f2bf1f597799,2026-06-15,360,4,217.88,
METRO Express Larnaca,6a2f9f5f3da0fd7fe92532b5,2026-06-15,588,5,18.18,
METRO Express Agias Fylaxeos,6a2f571304c863983506ae77,2026-06-15,009,5,119.22,
METRO Express Mouttagiaka,6a2f43d1d9b952e83a61bf5c,2026-06-15,081,5,53.14,
METRO Express Aglantzia,6a2f9a88e2fdf31096c3d544,2026-06-15,391,5,126.5,
METRO Express Mouttagiaka,6a2f9af8f9f815e8dcc81d75,2026-06-15,094,5,83.85,
METRO Express Platy,6a2edbd0abec94de07eac337,2026-06-15,696,5,35.35,
METRO Express Mouttagiaka,6a2fa4435bb0a60fc8b7bb19,2026-06-15,105,5,56.95,
METRO Express Paralimni,6a2fa153bd4b652f379f7f62,2026-06-15,133,5,33.88,
METRO Express Larnaca,6a2fa9befaedd62defe17fcb,2026-06-15,599,5,60.78,
METRO Express Mouttagiaka,6a2fa9d5eb42744f7859ee62,2026-06-15,115,5,19.61,
METRO Express Larnaca,6a2fac4b0dec2e3254399fbe,2026-06-15,600,5,43.22,
METRO Express Mouttagiaka,6a2fafad15dc4de5c565aebe,2026-06-15,119,5,45.6,
METRO Express Strovolos,6a2ed77eb07a97e0b7a00eca,2026-06-15,578,3,115.13,
METRO Express Larnaca,6a2fb01afa1562fce0cdbaa5,2026-06-15,604,5,54.01,
METRO Express Larnaca,6a2fb419e9f98b897d6f0f74,2026-06-15,609,5,62.07,
METRO Express Mouttagiaka,6a2fb54ef681a4e46459a9ce,2026-06-15,128,5,58.87,
METRO Express Agias Fylaxeos,6a2fa5501fad238977a0e881,2026-06-15,046,1,48.23,
METRO Express Paralimni,6a2fb9661b9138951c360fc2,2026-06-15,152,4,55.74,
METRO Express Mouttagiaka,6a2fc083dc773e925d7b5fcf,2026-06-15,134,5,35.3,
METRO Express Agias Fylaxeos,6a2fc6e5fee6a2a9d5864c19,2026-06-15,074,5,21.1,
METRO Express Platy,6a2fbda3a25a420049dbbf25,2026-06-15,721,5,57.71,
METRO Express Aglantzia,6a2fc4b3a2bb5b65bb3ac725,2026-06-15,410,4,40.01,
METRO Express Strovolos,6a2fbfb75bd3b7d57dea9919,2026-06-15,630,2,90.42,
METRO Express Agias Fylaxeos,6a2fcb8b1b63ba22e305fa61,2026-06-15,082,4,42.27,
METRO Express Platy,6a2fb9e6ea414cd17eb1c5e7,2026-06-15,718,5,41.03,
METRO Express Larnaca,6a2fc592421d7fae3f67f5c3,2026-06-15,641,4,114.15,
METRO Express Larnaca,6a2fc8d3c14229d4507cd93e,2026-06-15,644,5,91.32,
METRO Express Aglantzia,6a2fccd6386e8355d712be9a,2026-06-15,420,5,50.07,
METRO Express Agias Fylaxeos,6a2fc3d839df9d71599ab9d8,2026-06-15,073,5,100.85,
METRO Express Agias Fylaxeos,6a2fd13bf63243dce12d338f,2026-06-15,091,5,79.51,
METRO Express Agias Fylaxeos,6a2fd2d0700796b02fc66d8c,2026-06-15,097,5,25.61,
METRO Express Agias Fylaxeos,6a2fd6c702e4ffdf86075e70,2026-06-15,100,4,40.43,
METRO Express Mouttagiaka,6a2fda177070f3a533f53d91,2026-06-15,155,5,47.47,
METRO Express Larnaca,6a2fd154ced77ff4ded5a9de,2026-06-15,656,5,56.19,
METRO Express Mouttagiaka,6a2fd84fd7e0bf609db0b922,2026-06-15,152,4,39.1,
METRO Express Strovolos,6a2fda45a05d0de3c0e8fff7,2026-06-15,654,4,89.58,
METRO Express Larnaca,6a2fdbe7d87bfc8c3348fb85,2026-06-15,668,5,73.93,
METRO Express Mouttagiaka,6a2fdec3b763648b660710f7,2026-06-15,161,5,62.58,
METRO Express Paralimni,6a2fe4380ce62d46806d33f1,2026-06-15,178,5,46.89,
METRO Express Strovolos,6a2fea4b498bc980246066bf,2026-06-15,673,5,35.35,
METRO Express Agias Fylaxeos,6a2fe5eacdbdd8e8294d349b,2026-06-15,119,5,41.76,
METRO Express Paralimni,6a2feb379d86fcaedc48dab9,2026-06-15,185,5,184.48,
METRO Express Aglantzia,6a2ff1bb9129702dfe782d1b,2026-06-15,435,4,25.1,
METRO Express Larnaca,6a2ff425b555d71dd31afffc,2026-06-15,704,5,33.61,
METRO Express Platy,6a2ff0595589fb6bc2a5329e,2026-06-15,740,5,95.63,
METRO Express Larnaca,6a2ff8db5e2f18611ba74731,2026-06-15,710,5,64.15,
METRO Express Paralimni,6a2ff6d007aaa5d9b49b8a1e,2026-06-15,199,4,34.07,
METRO Express Mouttagiaka,6a2fff1351f7bde9b6c5262c,2026-06-15,196,5,28.96,
METRO Express Larnaca,6a300008424f83e0eadc5d71,2026-06-15,724,5,52.27,
METRO Express Mouttagiaka,6a30038d37dac704dbd3e79d,2026-06-15,199,5,84.62,
METRO Express Agias Fylaxeos,6a3004d0c7c8ce923371cdc7,2026-06-15,163,5,38.44,
METRO Express Agias Fylaxeos,6a300622ba58b1cb1131e221,2026-06-15,165,5,36.68,
METRO Express Aglantzia,6a300e606ec19518fe27e302,2026-06-15,456,3,58.53,
METRO Express Mouttagiaka,6a3013ec7192f7f3c7895ff3,2026-06-15,212,5,34.74,
METRO Express Larnaca,6a300d1244954abc2b99c665,2026-06-15,739,4,37.81,
METRO Express Aglantzia,6a3016bbfd48c9103e6cfe5b,2026-06-15,464,5,43.91,
METRO Express Agias Fylaxeos,6a30106f90319b922e48e54c,2026-06-15,179,5,47.54,
METRO Express Paralimni,6a2f9b8af9f815e8dcc81e96,2026-06-15,128,5,95.57,
METRO Express Mouttagiaka,6a3016f52e05c9be3bdba73c,2026-06-15,217,5,41.01,
METRO Express Aglantzia,6a301dd49b5e0370877f4e03,2026-06-15,480,5,36.89,
METRO Express Strovolos,6a3019da67cdaca253b15df9,2026-06-15,725,5,58.17,
METRO Express Agias Fylaxeos,6a3019ba256d4310457d260c,2026-06-15,196,4,36.46,
METRO Express Mouttagiaka,6a302c31aa49becce9e162e0,2026-06-15,237,5,20.67,
METRO Express Larnaca,6a30234e40076b8ccb0f3872,2026-06-15,768,5,30.51,
METRO Express Aglantzia,6a301a09a0d046e7dc577d39,2026-06-15,474,5,286.72,
METRO Express Agias Fylaxeos,6a302788ca1968b634bf1656,2026-06-15,218,5,64.81,
METRO Express Platy,6a302fe3c87fa49e7e31d186,2026-06-15,767,5,44.74,
METRO Express Agias Fylaxeos,6a30d2739b4434400fe9b1f7,2026-06-16,223,5,46.01,
METRO Express Paralimni,6a30de531b86e6987ef48293,2026-06-16,257,5,68.39,
METRO Express Aglantzia,6a30ec8025f23e0704a4692b,2026-06-16,506,5,40.74,
METRO Express Paralimni,6a30dfd2c14b0408c371e3f3,2026-06-16,259,5,41.3,
METRO Express Strovolos,6a30fd21323c33b052be581c,2026-06-16,773,5,50.42,
METRO Express Larnaca,6a30f8a768cf2f32193a00fc,2026-06-16,815,5,44.3,
METRO Express Aglantzia,6a30fdb25defe5d841a3c147,2026-06-16,522,5,30.05,
METRO Express Aglantzia,6a31012b33171e727037c62f,2026-06-16,526,5,35.61,
METRO Express Aglantzia,6a31041efbf5a19cfa39b793,2026-06-16,532,2,46.58,
METRO Express Agias Fylaxeos,6a3103e21b4d4701a4feb9cc,2026-06-16,261,4,21.23,
METRO Express Aglantzia,6a310c9a612f6d692dfa5e9f,2026-06-16,537,5,18.12,
METRO Express Strovolos,6a31064912d723acf25d362b,2026-06-16,779,5,37.85,
METRO Express Agias Fylaxeos,6a310b444bba2334a1fc568d,2026-06-16,269,5,30.33,
METRO Express Aglantzia,6a310bd3697f9be3f054e5b0,2026-06-16,536,5,73.7,
METRO Express Mouttagiaka,6a310b3d47a8aff658a120a6,2026-06-16,276,1,79.01,
METRO Express Larnaca,6a3110d2ab80b8c46cfb9826,2026-06-16,852,5,41.59,
METRO Express Strovolos,6a310e492de198db0cd1bd05,2026-06-16,790,5,58.42,
METRO Express Platy,6a304aad97502f7322ce51fc,2026-06-16,771,5,62.1,
METRO Express Mouttagiaka,6a3114cbeff1430b47c6a528,2026-06-16,287,4,25.08,
METRO Express Paralimni,6a310ea3eaf614fb990dd16d,2026-06-16,281,5,58.88,
METRO Express Larnaca,6a311e9381fe1b461d860426,2026-06-16,866,5,35.41,
METRO Express Mouttagiaka,6a311fa9b827df2a817afa70,2026-06-16,304,4,46.76,
METRO Express Agias Fylaxeos,6a31286f78d62e6cdd7c173d,2026-06-16,294,4,19.54,
METRO Express Agias Fylaxeos,6a3118d109c91c3f024d9ded,2026-06-16,275,5,47.32,
METRO Express Agias Fylaxeos,6a31290ef155b89303ae6c76,2026-06-16,296,1,18.27,
METRO Express Mouttagiaka,6a3130c57d064e96fb60c526,2026-06-16,323,5,58.36,
METRO Express Agias Fylaxeos,6a312e3c892d4f6a51f53436,2026-06-16,301,5,109.96,
METRO Express Agias Fylaxeos,6a3139719ebfc8469c9f427e,2026-06-16,308,5,31.92,
METRO Express Platy,6a313741067d7c3db5fa8882,2026-06-16,807,5,23.15,
METRO Express Strovolos,6a313b972f81d75df175df0f,2026-06-16,832,5,43.63,
METRO Express Aglantzia,6a312ec378d62e6cdd7c2239,2026-06-16,548,2,24.79,
METRO Express Strovolos,6a313f076b686f6e9c8dc93b,2026-06-16,839,5,69.11,
METRO Express Mouttagiaka,6a3145ac07d9cd7437673c9f,2026-06-16,337,5,35.99,
METRO Express Mouttagiaka,6a3146c049d2571c009dbe7a,2026-06-16,342,4,8.77,
METRO Express Paralimni,6a31426c05b9ef112d935f83,2026-06-16,315,4,44.73,
METRO Express Larnaca,6a314888736720b5c51397ae,2026-06-16,915,4,61.33,
METRO Express Mouttagiaka,6a3147166ec0dbcc2dce2139,2026-06-16,343,5,34.25,
METRO Express Agias Fylaxeos,6a314be60cd26dd9e99f0a2f,2026-06-16,327,5,47.43,
METRO Express Agias Fylaxeos,6a315050d88019a558e1b156,2026-06-16,334,5,38.22,
METRO Express Strovolos,6a315226cf6b22574dabc311,2026-06-16,848,4,21.8,
METRO Express Larnaca,6a3152ffc4be80eb13794a31,2026-06-16,936,5,61.15,
METRO Express Mouttagiaka,6a315d39d294b9993d5415f0,2026-06-16,365,5,40.38,
METRO Express Mouttagiaka,6a31618b8b77a75fbf019bf0,2026-06-16,369,5,32.7,
METRO Express Strovolos,6a3166751d8d17c5e9ef01bc,2026-06-16,873,5,8.45,
METRO Express Aglantzia,6a3163d0356145a908b4d22d,2026-06-16,580,4,19.66,
METRO Express Strovolos,6a31617afe0c0f382a97defc,2026-06-16,868,5,36.06,
METRO Express Aglantzia,6a316ad0b3eff7d2fcfaa926,2026-06-16,585,5,33.75,
METRO Express Paralimni,6a316e44db7da6fb56b50c94,2026-06-16,341,5,41.9,
METRO Express Larnaca,6a316463660651622555cac3,2026-06-16,960,5,20.4,
METRO Express Agias Fylaxeos,6a317058fa2c40068720758d,2026-06-16,388,5,53.29,
METRO Express Paralimni,6a316c94a2e29ffb11792f6c,2026-06-16,340,5,47.06,
METRO Express Mouttagiaka,6a3172bee9c5d2103b2c643e,2026-06-16,383,5,73.62,
METRO Express Mouttagiaka,6a31731aed75258ffaf56cf8,2026-06-16,384,5,17.8,
METRO Express Aglantzia,6a31781339aa5a64541ce6ad,2026-06-16,593,5,28.26,
METRO Express Mouttagiaka,6a317331d52a958dfb71adb1,2026-06-16,385,5,51.7,
METRO Express Larnaca,6a3171552c2f783eb4fd88a4,2026-06-16,988,5,59.17,
METRO Express Larnaca,6a317018ea312efe8824e85b,2026-06-16,985,5,51.67,
METRO Express Paralimni,6a317bdcaed5cdcceb252281,2026-06-16,356,5,91.5,
METRO Express Paralimni,6a31fc729e3d8a09debbfb37,2026-06-17,364,5,57,
METRO Express Platy,6a32316450944b7842cd9291,2026-06-17,861,4,22.81,
METRO Express Paralimni,6a313ef0ceebc9934fe841e2,2026-06-17,313,5,591.56,
METRO Express Larnaca,6a3237bcbf1c94e21f31177d,2026-06-17,013,5,57.69,
METRO Express Larnaca,6a32389bb0c913cbdd12c535,2026-06-17,015,5,44.79,
METRO Express Aglantzia,6a3239b0fe2cbf5fe0ecfe8c,2026-06-17,603,5,74.18,
METRO Express Platy,6a323514df7652a81c44cd05,2026-06-17,863,5,87.63,
METRO Express Mouttagiaka,6a321081d93f2c1e1e762532,2026-06-17,394,5,65.61,
METRO Express Larnaca,6a3230d0421872733bc44b65,2026-06-17,009,4,40.7,
METRO Express Mouttagiaka,6a31a0d4bc38b687904316f0,2026-06-17,391,5,18.85,
METRO Express Larnaca,6a323ce745761e45c41cc185,2026-06-17,020,5,56.61,
METRO Express Aglantzia,6a32415c90a5e068a47dbd7f,2026-06-17,610,5,45.8,
METRO Express Paralimni,6a323e77a4310a76cc012fbb,2026-06-17,380,5,43.95,
METRO Express Paralimni,6a323df2a4310a76cc012efd,2026-06-17,378,4,87.33,
METRO Express Mouttagiaka,6a324cfe096591898236a6d5,2026-06-17,420,5,6.75,
METRO Express Strovolos,6a324ac177fb323336cdb773,2026-06-17,933,5,23.08,
METRO Express Paralimni,6a3249d73d513a0f6875cc5b,2026-06-17,393,4,73.21,
METRO Express Mouttagiaka,6a324afe577524c2a70096bc,2026-06-17,416,4,65.04,
METRO Express Paralimni,6a324d86f899dadd16f86f0f,2026-06-17,396,5,47.42,
METRO Express Paralimni,6a324df641a68dc85dd3d536,2026-06-17,397,5,29.9,
METRO Express Mouttagiaka,6a3258c4da354c4c2cd0454a,2026-06-17,431,5,38.81,
METRO Express Aglantzia,6a32588366df049fbcb3155a,2026-06-17,626,4,33.75,
METRO Express Larnaca,6a32501f577524c2a7009ff1,2026-06-17,048,5,56.29,
METRO Express Larnaca,6a3250c608758808c9b24825,2026-06-17,051,5,97.18,
METRO Express Strovolos,6a325f9a45761e45c41d04e6,2026-06-17,953,4,11.95,
METRO Express Platy,6a32579a0b36eea712ee068f,2026-06-17,876,5,89.91,
METRO Express Mouttagiaka,6a3252c136cc94c23678f5d6,2026-06-17,427,5,93.66,
METRO Express Agias Fylaxeos,6a32511e34899f6c975f282b,2026-06-17,452,5,11.52,
METRO Express Platy,6a3263e7023ea1c012509860,2026-06-17,879,5,21.26,
METRO Express Mouttagiaka,6a325e000242cd41ae1bcbba,2026-06-17,440,5,33.66,
METRO Express Mouttagiaka,6a325105e09babb91c8f6681,2026-06-17,424,5,368.58,
METRO Express Agias Fylaxeos,6a32584190a5e068a47debd0,2026-06-17,467,5,37.43,
METRO Express Paralimni,6a325fd81e9d2c4eb39dfc16,2026-06-17,408,5,107.41,
METRO Express Strovolos,6a326cf15876611d5ad0f4e7,2026-06-17,971,5,40.14,
METRO Express Strovolos,6a326cf90f65fba05a8040fc,2026-06-17,972,5,52.01,
METRO Express Mouttagiaka,6a32573245761e45c41cf70c,2026-06-17,430,3,47.16,
METRO Express Paralimni,6a32620b495fdc5e5c3f9c4c,2026-06-17,414,5,71.5,
METRO Express Agias Fylaxeos,6a32660daa5829006f4eed8a,2026-06-17,486,5,45.37,
METRO Express Larnaca,6a32731f9bf22f221ff899e7,2026-06-17,093,5,62.1,
METRO Express Larnaca,6a32761a4a11b7a3c6d155cb,2026-06-17,100,4,10.85,
METRO Express Larnaca,6a3266860a7eb89426de8fcc,2026-06-17,082,5,45.61,
METRO Express Mouttagiaka,6a327cc2449ec9fd4fbc133d,2026-06-17,473,5,6.75,
METRO Express Paralimni,6a3278973d1134e8dc988ab6,2026-06-17,437,5,92.42,
METRO Express Agias Fylaxeos,6a3266ee376b0c3acfccdd1d,2026-06-17,489,1,67.84,
METRO Express Mouttagiaka,6a327908fda5c768e3da50af,2026-06-17,468,5,39.29,
METRO Express Agias Fylaxeos,6a3271bcdfff6eac82586d0f,2026-06-17,510,5,46.91,
METRO Express Mouttagiaka,6a327b17bd8aa07ee65bd44f,2026-06-17,471,5,152.08,
METRO Express Larnaca,6a327c681cc6a319d7be8598,2026-06-17,111,5,52.51,
METRO Express Larnaca,6a3265dccbe2c10100aa9bf3,2026-06-17,080,5,25.85,
METRO Express Mouttagiaka,6a327d2aed82597f27e8ab63,2026-06-17,474,5,35.57,
METRO Express Agias Fylaxeos,6a3279fd3b9911a96b33c5c2,2026-06-17,532,2,69.87,
METRO Express Agias Fylaxeos,6a328719e8a986ade50493b6,2026-06-17,541,5,22.83,
METRO Express Mouttagiaka,6a328e7f44838ccdcbb158ab,2026-06-17,491,5,77.61,
METRO Express Mouttagiaka,6a328ffce8a986ade5049ff3,2026-06-17,493,5,84.52,
METRO Express Aglantzia,6a32916f9d6db02dba4c7bd6,2026-06-17,658,5,33.31,
METRO Express Agias Fylaxeos,6a3293c99179825f5c360cbc,2026-06-17,552,5,21.94,
METRO Express Larnaca,6a3291d16300723b9b338ebd,2026-06-17,129,5,48.8,
METRO Express Strovolos,6a32990fef0b59b977212523,2026-06-17,013,5,14.82,
METRO Express Mouttagiaka,6a329c97e4bfdd2eca26e429,2026-06-17,508,5,23.44,
METRO Express Paralimni,6a329405d37daec442ac2a9f,2026-06-17,461,5,159.53,
METRO Express Agias Fylaxeos,6a32968df0ba3b553b906572,2026-06-17,554,5,35.69,
METRO Express Aglantzia,6a329db8edeed484dcc71245,2026-06-17,668,4,47.95,
METRO Express Aglantzia,6a32a090034f70cf01a03b18,2026-06-17,669,5,33.95,
METRO Express Mouttagiaka,6a329d6e8c03fa7b380d6fc4,2026-06-17,510,5,35.76,
METRO Express Mouttagiaka,6a329f4242387e4a69cbbd17,2026-06-17,519,5,39.19,
METRO Express Platy,6a32a335a5596d83bcf11fb2,2026-06-17,900,5,20.12,
METRO Express Mouttagiaka,6a32b0bbaeb3c127316b9807,2026-06-17,535,5,35.64,
METRO Express Agias Fylaxeos,6a32a65f10ae2dc23e761392,2026-06-17,576,5,36.42,
METRO Express Paralimni,6a32b6c63111b98021258e49,2026-06-17,491,5,43.85,
METRO Express Larnaca,6a32b5471b03a3880d2d01b1,2026-06-17,167,5,50.1,
METRO Express Larnaca,6a32aea056ac76236e15c78d,2026-06-17,154,5,27.75,
METRO Express Agias Fylaxeos,6a32bc171a384d8aa6410dcc,2026-06-17,603,5,36.48,
METRO Express Aglantzia,6a32beeb4c32df134b248c27,2026-06-17,691,5,97.12,
METRO Express Strovolos,6a32c4510009897e3d10f99c,2026-06-17,062,5,8.45,
METRO Express Strovolos,6a32c236e11ca45ea4a408e3,2026-06-17,059,5,61.82,
METRO Express Agias Fylaxeos,6a32be75af618768ac9fd348,2026-06-17,606,5,48.26,
METRO Express Paralimni,6a32b1ece36a366271c26092,2026-06-17,490,5,36.11,
METRO Express Strovolos,6a32c82df2e3ad69c166991e,2026-06-17,066,5,86.46,
METRO Express Paralimni,6a32c64aba897d7dc80dc426,2026-06-17,499,4,27.33,
METRO Express Aglantzia,6a32d0132400ed6888c8fd9b,2026-06-17,702,5,38.09,
METRO Express Agias Fylaxeos,6a32c6b6dab43a5b106c9345,2026-06-17,616,5,48.1,
METRO Express Paralimni,6a32cbdee8909fe9935b6bef,2026-06-17,501,5,36.89,
METRO Express Aglantzia,6a32c91772412b42d360195f,2026-06-17,698,5,67.93,
METRO Express Platy,6a32cb8f09fc3dad9fddde2a,2026-06-17,911,5,72.86,
METRO Express Strovolos,6a338262de39d3eb80bcc5c5,2026-06-18,083,5,31.05,
METRO Express Aglantzia,6a3383e6de39d3eb80bcc8fc,2026-06-18,708,5,18.96,
METRO Express Strovolos,6a338525371089c93d4b07a9,2026-06-18,085,5,49.79,
METRO Express Larnaca,6a3385444cc9826df310fb1c,2026-06-18,200,5,60.5,
METRO Express Paralimni,6a337774627d400d5dcefa94,2026-06-18,516,5,38.26,
METRO Express Aglantzia,6a338bf9ea13a0041273fb6e,2026-06-18,714,5,22,
METRO Express Agias Fylaxeos,6a338672f943d78328d9ad75,2026-06-18,636,4,53.13,
METRO Express Strovolos,6a338f0b23b9703a08ab09a9,2026-06-18,095,5,54.19,
METRO Express Larnaca,6a33947137290a58130bbccb,2026-06-18,212,5,18.94,
METRO Express Strovolos,6a33921137290a58130bb7ea,2026-06-18,098,5,45.38,
METRO Express Larnaca,6a33956f371089c93d4b299b,2026-06-18,214,5,58.52,
METRO Express Mouttagiaka,6a339355a7c111325e21af0b,2026-06-18,581,5,42.5,
METRO Express Agias Fylaxeos,6a339758a7c111325e21b88e,2026-06-18,652,5,88.47,
METRO Express Strovolos,6a339b3e537d918e1bc0415e,2026-06-18,101,5,55.02,
METRO Express Strovolos,6a32a52ff74e6c856e0e8cad,2026-06-18,027,5,47.83,
METRO Express Paralimni,6a339397b9ed378d7cc72f12,2026-06-18,529,5,22.97,
METRO Express Agias Fylaxeos,6a33a422fe9c8e02ab1138d0,2026-06-18,680,5,49.79,
METRO Express Aglantzia,6a33a821ada86a28d0953f3d,2026-06-18,722,5,38.38,
METRO Express Mouttagiaka,6a3399fc51068cf1fc2acbfe,2026-06-18,591,5,64.25,
METRO Express Paralimni,6a339eeb0a57f977d32b84b8,2026-06-18,536,1,153.68,
METRO Express Larnaca,6a33a7b1ad72ef07d34c27ad,2026-06-18,245,5,33.08,
METRO Express Mouttagiaka,6a33af802de9d348e6897aa2,2026-06-18,608,4,48.47,
METRO Express Paralimni,6a338da9cd8c715b61fa923c,2026-06-18,524,5,100.6,
METRO Express Agias Fylaxeos,6a339d5f95a2cbba0f3d8c4c,2026-06-18,664,4,137.37,
METRO Express Paralimni,6a33b0d925b6ae8509705e1e,2026-06-18,552,5,25.61,
METRO Express Platy,6a33b6ce671c90402face52c,2026-06-18,944,5,29.77,
METRO Express Paralimni,6a3349b9d3bdb817c5eb58ff,2026-06-18,514,5,39.65,
METRO Express Aglantzia,6a33be69adeef18866a2794a,2026-06-18,735,5,22.65,
METRO Express Agias Fylaxeos,6a33ba0170c6f68094964ad3,2026-06-18,723,5,55.62,
METRO Express Larnaca,6a33ba80d4ca384332efba66,2026-06-18,260,5,95.67,
METRO Express Agias Fylaxeos,6a33c38658a77e8cde05a9d4,2026-06-18,736,5,18.3,
METRO Express Strovolos,6a33afed8ec33de3e34c73fd,2026-06-18,121,5,79.3,
METRO Express Mouttagiaka,6a33c3a2569992d4d3b6a0ae,2026-06-18,628,4,40.43,
METRO Express Platy,6a33c8ff3c04318c7c4a46ca,2026-06-18,947,5,48.22,
METRO Express Larnaca,6a33d024dd0614b68ffe2429,2026-06-18,281,1,47.62,
METRO Express Paralimni,6a33ce65ec87aede789a6a32,2026-06-18,575,5,138.09,
METRO Express Mouttagiaka,6a33e032d1c9eba21e90f4c3,2026-06-18,653,5,34.64,
METRO Express Paralimni,6a33d89df040317c805f865f,2026-06-18,583,5,38.17,
METRO Express Larnaca,6a33d5251cbe0fec76f86065,2026-06-18,290,5,36.15,
METRO Express Mouttagiaka,6a33deead80b2467f30e49e6,2026-06-18,651,4,19.83,
METRO Express Larnaca,6a33cd3f8a5ad6e927f103d9,2026-06-18,278,5,137.86,
METRO Express Larnaca,6a33d197fdd0a9ebdd19b433,2026-06-18,283,5,76.15,
METRO Express Mouttagiaka,6a33dbd92e6b2903172253d5,2026-06-18,648,5,31.26,
METRO Express Mouttagiaka,6a33e10b917e5a938a52613f,2026-06-18,657,5,27.64,
METRO Express Agias Fylaxeos,6a33df38563ee621844da861,2026-06-18,761,5,91.22,
METRO Express Paralimni,6a33e0e9e619f30b49382a39,2026-06-18,589,5,42.74,
METRO Express Aglantzia,6a33e072b6adb8d612facdf2,2026-06-18,762,5,92.23,
METRO Express Platy,6a33e5348e3ea7f18500c266,2026-06-18,959,5,57.82,
METRO Express Mouttagiaka,6a33e4e371e36a2674001e9a,2026-06-18,659,4,71.92,
METRO Express Paralimni,6a33dec1d4f512b65f1acdd1,2026-06-18,585,5,42.45,
METRO Express Agias Fylaxeos,6a33e6a7060b9a89a9f641b1,2026-06-18,771,5,95.56,
METRO Express Agias Fylaxeos,6a33e85e872f080009607d5d,2026-06-18,774,4,89.24,
METRO Express Paralimni,6a33e005ac5430c9f2ed341e,2026-06-18,587,5,60.15,
METRO Express Aglantzia,6a33e4c46eeb41ed4cf0f151,2026-06-18,768,2,87.44,
METRO Express Strovolos,6a33e8beb30bc859411d6959,2026-06-18,167,5,77.41,
METRO Express Mouttagiaka,6a33f28d8caf20589ad3f590,2026-06-18,678,5,33.3,
METRO Express Mouttagiaka,6a33f3b82bd4c0c7dc627004,2026-06-18,682,5,56.48,
METRO Express Paralimni,6a33e89137b93a521cbf9e54,2026-06-18,596,4,38.6,
METRO Express Larnaca,6a33f58dfaccd478333c5a45,2026-06-18,318,5,24.56,
METRO Express Strovolos,6a33fc10f1b988e6ccc63b3f,2026-06-18,184,5,26.16,
METRO Express Paralimni,6a33f1c8f880529a15fd4f01,2026-06-18,604,4,36.82,
METRO Express Paralimni,6a33ef9f8bb0e1b893a4e0a3,2026-06-18,601,5,120.33,
METRO Express Agias Fylaxeos,6a33fd04e68c9f2bebcbe44b,2026-06-18,797,4,51.26,
METRO Express Mouttagiaka,6a33f9bdc55e3a095397fba1,2026-06-18,689,5,56.2,
METRO Express Larnaca,6a33f4683df1627238e93667,2026-06-18,316,4,78.87,
METRO Express Agias Fylaxeos,6a33ffb0c427edb1c39b92c5,2026-06-18,801,4,135.91,
METRO Express Mouttagiaka,6a3404c24f57da406f42aed5,2026-06-18,704,5,43.1,
METRO Express Agias Fylaxeos,6a3404c5a778a627cc27647e,2026-06-18,808,5,51.95,
METRO Express Mouttagiaka,6a3409787d4a34d0aed97e8b,2026-06-18,714,4,21.33,
METRO Express Aglantzia,6a34121d242263a2999b474c,2026-06-18,796,5,44.81,
METRO Express Strovolos,6a3416d67e085e3a095f66de,2026-06-18,212,5,34.44,
METRO Express Agias Fylaxeos,6a341b6ca4550e1f1cd2d92e,2026-06-18,835,5,18.19,
METRO Express Strovolos,6a3423098ff4ac0184f64364,2026-06-18,220,5,19.14,
METRO Express Agias Fylaxeos,6a341c3fc2a2fa2ca62d1795,2026-06-18,836,5,95.38,
METRO Express Mouttagiaka,6a341af99a1a7c26a627c482,2026-06-18,725,5,30.44,
METRO Express Platy,6a342738565782ac250b0755,2026-06-18,987,4,20.78,
METRO Express Paralimni,6a342184d1ca15fea9845c09,2026-06-18,653,5,94.43,
METRO Express Agias Fylaxeos,6a34d9172df7f26aade60e6b,2026-06-19,861,5,19.25,
METRO Express Mouttagiaka,6a34d87ab1f44cfe803616b8,2026-06-19,745,4,68.05,
METRO Express Mouttagiaka,6a3467418ca33922ed99e5a4,2026-06-19,737,5,59.09,
METRO Express Larnaca,6a34dee9f5b899e533296269,2026-06-19,387,5,65.07,
METRO Express Paralimni,6a34e2b084b26f65d0d60974,2026-06-19,673,4,23.88,
METRO Express Larnaca,6a34dd49c2cd044de641f925,2026-06-19,384,5,83.12,
METRO Express Larnaca,6a34e1d6375660d338d11220,2026-06-19,390,5,36.95,
METRO Express Mouttagiaka,6a34ea58389388a0768e7360,2026-06-19,761,5,45.42,
METRO Express Larnaca,6a34e4fe1c4346b7ded51e32,2026-06-19,395,5,61.45,
METRO Express Aglantzia,6a34f5ced64927ce15b88c2a,2026-06-19,846,5,29.66,
METRO Express Mouttagiaka,6a34f04ac1a335d70883a75f,2026-06-19,767,5,26.42,
METRO Express Aglantzia,6a34f858633d2ce021b4f82b,2026-06-19,848,5,8.45,
METRO Express Strovolos,6a34fdefdd164cb979ef3b79,2026-06-19,261,5,18.63,
METRO Express Agias Fylaxeos,6a34fbcf31b16d6fc33809a4,2026-06-19,896,5,23.87,
METRO Express Mouttagiaka,6a34fa2605346a8ca87a8d7e,2026-06-19,777,5,51.02,
METRO Express Mouttagiaka,6a34fb2a1bb28fc8666c075c,2026-06-19,781,4,22.89,
METRO Express Strovolos,6a3500fe2da5759a551af4e7,2026-06-19,265,5,46.16,
METRO Express Platy,6a34fab9c497653f6bd4378d,2026-06-19,009,1,68.99,
METRO Express Paralimni,6a34ff2cff37343d9c40d2fc,2026-06-19,697,3,106.58,
METRO Express Agias Fylaxeos,6a350532636c6656327bc706,2026-06-19,905,4,49.78,
METRO Express Agias Fylaxeos,6a350b1b25480fa3a3c9ecd9,2026-06-19,912,5,20.47,
METRO Express Mouttagiaka,6a3505c75b61801a57185eda,2026-06-19,792,5,54.51,
METRO Express Paralimni,6a34d7592d862f2acbffa0c7,2026-06-19,668,4,15.3,
METRO Express Agias Fylaxeos,6a350f0b786f6ef726815533,2026-06-19,919,5,25.1,
METRO Express Paralimni,6a351076092792f1bbf5c0f5,2026-06-19,703,4,21.58,
METRO Express Agias Fylaxeos,6a3430eecf15d02dd6c1049e,2026-06-19,844,1,18.5,
METRO Express Mouttagiaka,6a34cf5404a009e588a6177b,2026-06-19,741,4,52.97,
METRO Express Larnaca,6a351b1c4b3b2de50ae95900,2026-06-19,453,5,14.38,
METRO Express Larnaca,6a351a02ec6a1e7d6c1dc791,2026-06-19,452,5,51.36,
METRO Express Larnaca,6a351c47a1e16d4d93fe9090,2026-06-19,456,4,43.87,
METRO Express Aglantzia,6a3524f728af0bd8a6410746,2026-06-19,880,5,48.43,
METRO Express Strovolos,6a35243ce8140fe3ff24a9de,2026-06-19,289,5,54.62,
METRO Express Larnaca,6a352c8d22275c16393ec5f5,2026-06-19,472,5,34.9,
METRO Express Larnaca,6a3527d08be25d9c74a7e1b3,2026-06-19,470,5,53.91,
METRO Express Paralimni,6a35191479138e8099c0bb4a,2026-06-19,713,5,126.3,
METRO Express Paralimni,6a352da706927f9c99dd7c5a,2026-06-19,725,5,52.03,
METRO Express Mouttagiaka,6a352f5ac0bf069d7eeb8d9e,2026-06-19,824,5,38.87,
METRO Express Larnaca,6a3531716b8d229ac9c8e262,2026-06-19,479,5,56.55,
METRO Express Strovolos,6a353a69d1a6468d3655d78a,2026-06-19,307,5,117.59,
METRO Express Strovolos,6a353c1d6f1f08d32b8f1615,2026-06-19,308,5,20.05,
METRO Express Paralimni,6a33babc837b4191c7b7850d,2026-06-19,556,4,58.7,
METRO Express Mouttagiaka,6a353d7c58511fe41ac969cb,2026-06-19,838,3,33.04,
METRO Express Agias Fylaxeos,6a353a800b58717c9ae2f1f7,2026-06-19,965,5,83.05,
METRO Express Mouttagiaka,6a353bb5106018108cc2d976,2026-06-19,837,4,79.03,
METRO Express Larnaca,6a354342e3aa7b9c4638adae,2026-06-19,510,5,33.33,
METRO Express Aglantzia,6a3545087ffd10e68b92626b,2026-06-19,901,4,50.88,
METRO Express Aglantzia,6a3546e476a2df7224fb8e83,2026-06-19,906,5,49.58,
METRO Express Larnaca,6a354562f3e946a36bb24ebf,2026-06-19,516,5,41.18,
METRO Express Mouttagiaka,6a3549ff155cb6242e9ea92d,2026-06-19,849,5,38.16,
METRO Express Aglantzia,6a3546781890edd11c4058b7,2026-06-19,905,4,92.94,
METRO Express Mouttagiaka,6a354ad85386448e0ab29836,2026-06-19,851,5,59.1,
METRO Express Mouttagiaka,6a35500058511fe41ac98327,2026-06-19,856,5,28.31,
METRO Express Strovolos,6a34ebf0d64927ce15b87a3c,2026-06-19,244,5,44.94,
METRO Express Strovolos,6a355757ee6cca1698021de6,2026-06-19,334,5,39.64,
METRO Express Aglantzia,6a355a17fa4a2d0dd16b4165,2026-06-19,917,5,30.84,
METRO Express Mouttagiaka,6a3556c41890edd11c4070eb,2026-06-19,865,5,37.5,
METRO Express Aglantzia,6a3552546ea4a0dd0ac34955,2026-06-19,914,5,36.22,
METRO Express Aglantzia,6a35603ca961a54aaedf6fa8,2026-06-19,919,5,20.44,
METRO Express Larnaca,6a355b5172438feda0db9504,2026-06-19,542,5,79.02,
METRO Express Agias Fylaxeos,6a350a0a8e9da9babb3b67c3,2026-06-19,911,5,51.67,
METRO Express Larnaca,6a35602a7f3ac171edfbd76a,2026-06-19,548,5,52.45,
METRO Express Strovolos,6a3566151944e21f3072749f,2026-06-19,349,5,55.28,
METRO Express Strovolos,6a356add3a931f25ed25a0e9,2026-06-19,355,5,27.5,
METRO Express Agias Fylaxeos,6a3569755d1addb6e7b6a111,2026-06-19,025,5,53.43,
METRO Express Larnaca,6a356c94f4b780ccd0c405ea,2026-06-19,564,5,35.66,
METRO Express Platy,6a355a5d86bf062a76b166ce,2026-06-19,055,5,241.01,
METRO Express Aglantzia,6a3571bbb4f4ec2800289f26,2026-06-19,929,5,57.93,
METRO Express Mouttagiaka,6a3574060deab22eb5cd2377,2026-06-19,892,5,41.16,
METRO Express Paralimni,6a3571bcb4cc0f30d2a75211,2026-06-19,776,5,43.07,
METRO Express Platy,6a357679674df53ba94a42f0,2026-06-19,066,5,53.32,
METRO Express Agias Fylaxeos,6a356c213fc6e5bd46894393,2026-06-19,031,5,62.14,
METRO Express Agias Fylaxeos,6a35a907fcc6797accbb93bc,2026-06-20,048,5,37.54,
METRO Express Larnaca,6a35b160a6992e8b2cba6b23,2026-06-20,572,5,188.97,
METRO Express Agias Fylaxeos,6a3624068aa95927ac32f291,2026-06-20,054,5,43.34,
METRO Express Strovolos,6a361dda8a8494870493f412,2026-06-20,370,4,91.67,
METRO Express Strovolos,6a33e042d3296f554814bc5e,2026-06-20,157,5,104.06,
METRO Express Aglantzia,6a3633c938ae489b386a0c06,2026-06-20,947,5,48.69,
METRO Express Strovolos,6a3638b2f6c58fde5dfba0fa,2026-06-20,406,5,27.11,
METRO Express Mouttagiaka,6a3636255907ae5a49d01694,2026-06-20,918,5,45.58,
METRO Express Agias Fylaxeos,6a3638cec852495e9ccf3ea9,2026-06-20,077,5,58.06,
METRO Express Agias Fylaxeos,6a361ae0a9706ed941ea82a3,2026-06-20,050,3,39.41,
METRO Express Larnaca,6a362d50ceef5824bf52650c,2026-06-20,596,5,80.12,
METRO Express Aglantzia,6a364171fad358646def0c5f,2026-06-20,961,5,17.65,
METRO Express Strovolos,6a363d211647f1e2867f307f,2026-06-20,409,4,13.32,
METRO Express Aglantzia,6a36413644c446b637f36483,2026-06-20,960,5,29.76,
METRO Express Larnaca,6a3639f1f6c58fde5dfba2f7,2026-06-20,614,4,46.98,
METRO Express Platy,6a362c2da9706ed941eaa22d,2026-06-20,079,5,120.37,
METRO Express Paralimni,6a363edaab5459ef485cdef7,2026-06-20,791,5,64.51,
METRO Express Larnaca,6a363b1577543a4d51d1008e,2026-06-20,615,5,47.73,
METRO Express Strovolos,6a3649eb70a6c1cefa40f209,2026-06-20,429,5,19.16,
METRO Express Platy,6a3639f4933407606ec36371,2026-06-20,090,5,82.44,
METRO Express Platy,6a363a7161cf7e5514445103,2026-06-20,091,5,79.24,
METRO Express Paralimni,6a364a05cd627ff80f3e5972,2026-06-20,805,5,76.58,
METRO Express Mouttagiaka,6a364af9c4876a82cbc8b0ae,2026-06-20,948,4,68.63,
METRO Express Aglantzia,6a365043d75c03e5db253507,2026-06-20,973,5,51.16,
METRO Express Paralimni,6a3650eb79c9f3ebfe804c8f,2026-06-20,815,5,40.04,
METRO Express Larnaca,6a3653b7de7b1eaec9bcd28c,2026-06-20,636,5,15.61,
METRO Express Larnaca,6a358473443d7ef5ef41dcdd,2026-06-20,568,5,78.43,
METRO Express Mouttagiaka,6a364e13b7d08e86ba116561,2026-06-20,950,5,53.72,
METRO Express Mouttagiaka,6a365238bd09751ff1c9a980,2026-06-20,953,5,38.36,
METRO Express Larnaca,6a3654323c029f60af26104e,2026-06-20,639,5,120.25,
METRO Express Mouttagiaka,6a365b9ba1e9115ef1822b3d,2026-06-20,963,4,38.59,
METRO Express Agias Fylaxeos,6a3661e41e95f8e78d540566,2026-06-20,123,5,22.66,
METRO Express Aglantzia,6a365bc3f47abefec58717a5,2026-06-20,982,5,58.49,
METRO Express Strovolos,6a365c0640f5c1bca1c9b606,2026-06-20,456,5,55.14,
METRO Express Agias Fylaxeos,6a365ceba1e9115ef1822dc3,2026-06-20,119,5,32.91,
METRO Express Agias Fylaxeos,6a366368e076ac54c4d735d0,2026-06-20,125,4,71.05,
METRO Express Agias Fylaxeos,6a36670d6e3b01a49013a7d6,2026-06-20,133,4,36.19,
METRO Express Larnaca,6a36658d40bfcb6b5a138b70,2026-06-20,662,5,59.26,
METRO Express Agias Fylaxeos,6a36664f9112b87149021320,2026-06-20,130,5,20.84,
METRO Express Agias Fylaxeos,6a3666f2de3473d4eebd4d37,2026-06-20,132,5,75.59,
METRO Express Paralimni,6a3667e540021aeb6e8b2ff9,2026-06-20,833,5,44.34,
METRO Express Larnaca,6a36689e2b114161ef9a1a93,2026-06-20,668,5,54.96,
METRO Express Agias Fylaxeos,6a36674aef23f2f4e0642490,2026-06-20,136,5,64.32,
METRO Express Agias Fylaxeos,6a366b72b6d4274a82350fb7,2026-06-20,142,5,80.29,
METRO Express Larnaca,6a3667549bbbd5588db68891,2026-06-20,665,5,140.31,
METRO Express Agias Fylaxeos,6a36702975bd406287914e90,2026-06-20,150,5,57.01,
METRO Express Larnaca,6a3671fab4a6455f3e392aa6,2026-06-20,675,5,48.55,
METRO Express Larnaca,6a3670acd057f9c4b948ff62,2026-06-20,674,5,98.18,
METRO Express Larnaca,6a367cf410ab4eab76bba1af,2026-06-20,687,5,39.66,
METRO Express Strovolos,6a368165e8a114c80de5377d,2026-06-20,483,5,44.14,
METRO Express Mouttagiaka,6a367ab26a18863eb81d3444,2026-06-20,995,4,42.76,
METRO Express Larnaca,6a3680f2bc418c6ae6f99635,2026-06-20,695,5,66.23,
METRO Express Larnaca,6a3685a88b8327e760e2a8a3,2026-06-20,704,5,37.01,
METRO Express Mouttagiaka,6a3689597aab9e2f1323241b,2026-06-20,010,5,31.01,
METRO Express Agias Fylaxeos,6a368ae5ca24e43e0864592a,2026-06-20,185,5,67.29,
METRO Express Agias Fylaxeos,6a369071aae7d1a145ca1120,2026-06-20,193,4,42.05,
METRO Express Larnaca,6a3690d38d68f37151dce428,2026-06-20,726,5,44.6,
METRO Express Strovolos,6a369824808564bfd08a7bda,2026-06-20,512,5,69.26,
METRO Express Larnaca,6a369d0fafc5a86acc2f9b0f,2026-06-20,738,5,37.75,
METRO Express Aglantzia,6a36a14e96ce033784b45bca,2026-06-20,022,5,43.66,
METRO Express Platy,6a36a45afbfbd35f33bc08b4,2026-06-20,121,5,21.62,
METRO Express Mouttagiaka,6a36a3416a032b7793c0befd,2026-06-20,044,5,38.35,
METRO Express Larnaca,6a36a2fcf677a99c4c209cd1,2026-06-20,744,5,119.56,
METRO Express Strovolos,6a36a16bf0149cf997107faa,2026-06-20,519,5,40.92,
METRO Express Strovolos,6a36a307ff729a91a4129672,2026-06-20,521,5,30.37,
METRO Express Aglantzia,6a36afae49605560eb0d280c,2026-06-20,030,5,28.78,
METRO Express Larnaca,6a36ae74696808f54e84bdc6,2026-06-20,754,4,37.64,
METRO Express Paralimni,6a36ae0a5ba81d50f9f7bfff,2026-06-20,893,4,123.81,
METRO Express Larnaca,6a36b42782de53b542a8c1d4,2026-06-20,764,5,58.56,
METRO Express Mouttagiaka,6a36a40cd21b4b38537b81a2,2026-06-20,045,5,51.29,
METRO Express Mouttagiaka,6a36b7c4530a46f68e6bbd22,2026-06-20,066,5,15.38,
METRO Express Agias Fylaxeos,6a36b12f8cca0393280f8473,2026-06-20,245,5,57.34,
METRO Express Aglantzia,6a36b9a1c2d302c17076fd78,2026-06-20,036,5,54.15,
METRO Express Larnaca,6a36bbbe9e1f00dbe5067a05,2026-06-20,780,5,24.7,
METRO Express Agias Fylaxeos,6a36bb5a498318866a80baf8,2026-06-20,253,5,64.55,
METRO Express Mouttagiaka,6a36bc0cef52ff53e1392c0c,2026-06-20,071,5,92.48,
METRO Express Strovolos,6a377ebd83f630e2c383b174,2026-06-21,571,5,54.96,
METRO Express Platy,6a3774d31540a753e1e09eaa,2026-06-21,137,5,31.53,
METRO Express Platy,6a377ed0995989e97d126915,2026-06-21,143,5,33.69,
METRO Express Larnaca,6a3781b95d01037d95da12cd,2026-06-21,809,5,81.03,
METRO Express Mouttagiaka,6a36f1b0c98d8b7136f04f57,2026-06-21,085,5,75.16,
METRO Express Platy,6a378b6d98c996a0e726ff70,2026-06-21,152,3,72.46,
METRO Express Mouttagiaka,6a378f180b89b607969d442b,2026-06-21,101,5,23.17,
METRO Express Mouttagiaka,6a378dce87c3bb849e1553dc,2026-06-21,100,5,33.96,
METRO Express Agias Fylaxeos,6a378ff8ce61500535d87d51,2026-06-21,278,5,70.13,
METRO Express Paralimni,6a378d5521a7e4552b208876,2026-06-21,932,5,44.66,
METRO Express Larnaca,6a378ef931458b4f04579636,2026-06-21,822,4,90.17,
METRO Express Larnaca,6a37994e25b5504c857a5d3a,2026-06-21,840,5,47.72,
METRO Express Aglantzia,6a379d4832f1289ecb2b513b,2026-06-21,065,5,82.5,
METRO Express Strovolos,6a37a0c515725f227ef53a65,2026-06-21,618,5,76.73,
METRO Express Agias Fylaxeos,6a379ec812d6ad29f8052dc5,2026-06-21,294,5,29.14,
METRO Express Strovolos,6a37998e5904dc9ccf037968,2026-06-21,605,5,35.83,
METRO Express Mouttagiaka,6a379ab370457d9e0dfe4278,2026-06-21,122,5,47.18,
METRO Express Strovolos,6a37a51c3d9017cbb5cfd341,2026-06-21,625,4,100.29,
METRO Express Larnaca,6a3795690bbb14e7b47ac59a,2026-06-21,833,5,81.35,
METRO Express Mouttagiaka,6a37a3ffa2d672b8bc44bb0e,2026-06-21,131,5,33.64,
METRO Express Mouttagiaka,6a37a3d95904dc9ccf038ccb,2026-06-21,130,5,44.18,
METRO Express Mouttagiaka,6a37a81a0a1f1a4884173fa2,2026-06-21,135,5,22.85,
METRO Express Mouttagiaka,6a37a798cd929176902084c7,2026-06-21,133,5,37.83,
METRO Express Agias Fylaxeos,6a37a5761cef05cae5eda606,2026-06-21,306,5,40.47,
METRO Express Aglantzia,6a37a954372ef2045e6d6bce,2026-06-21,079,5,91.09,
METRO Express Strovolos,6a37b0047d3356e107a3ab3f,2026-06-21,637,5,54.33,
METRO Express Mouttagiaka,6a37b06f909a7d9d9f679880,2026-06-21,141,5,53.62,
METRO Express Larnaca,6a37a8dad3ec76fcd9ae7b71,2026-06-21,847,4,20.21,
METRO Express Mouttagiaka,6a37b56bf55e6ed1ef01ec28,2026-06-21,143,5,40.08,
METRO Express Strovolos,6a37b905a2507777502acf4f,2026-06-21,646,5,52.57,
METRO Express Larnaca,6a36e5af12df77f5e0c4fa90,2026-06-21,793,5,77.89,
METRO Express Mouttagiaka,6a37bab353c95f495385c186,2026-06-21,153,5,70.34,
METRO Express Agias Fylaxeos,6a37bead190758d589c4dcc8,2026-06-21,355,5,38.18,
METRO Express Agias Fylaxeos,6a37c14e816106c19cb36bde,2026-06-21,363,5,50.65,
METRO Express Larnaca,6a37bbd06492cbbbb1489b07,2026-06-21,883,5,20.63,
METRO Express Larnaca,6a37b58193070568b9a48250,2026-06-21,863,5,79.36,
METRO Express Strovolos,6a37c429e745191657b800cd,2026-06-21,656,5,41.54,
METRO Express Agias Fylaxeos,6a37c4b972537b56ca680f7d,2026-06-21,376,4,79.59,
METRO Express Agias Fylaxeos,6a37c7db4b3f8e5b8100b057,2026-06-21,383,5,36.25,
METRO Express Agias Fylaxeos,6a37c6fddbcff08f9b59069a,2026-06-21,382,4,27.91,
METRO Express Mouttagiaka,6a37ba2b6bd460e6ee7c6bb8,2026-06-21,149,5,44.14,
METRO Express Agias Fylaxeos,6a37cc20ec2c045941071779,2026-06-21,391,4,61.61,
METRO Express Agias Fylaxeos,6a37c57a1e422a01d7a8c160,2026-06-21,379,4,89.65,
METRO Express Mouttagiaka,6a37cc68535e83b5123fdb79,2026-06-21,169,5,74.18,
METRO Express Agias Fylaxeos,6a37d518d01c54ed1f872a08,2026-06-21,402,5,32.79,
METRO Express Platy,6a37ca5cfd2903abccdba8e3,2026-06-21,177,5,20.54,
METRO Express Mouttagiaka,6a37d2e6706529bcf65c333f,2026-06-21,183,5,43.91,
METRO Express Paralimni,6a37d8d4452c630a30199236,2026-06-21,994,5,53.48,
METRO Express Paralimni,6a37dca74657ee2c1f6efff9,2026-06-21,999,4,37.99,
METRO Express Paralimni,6a37d3789c531b79e7b3c350,2026-06-21,988,4,125.5,
METRO Express Larnaca,6a37cf8daef920db62094476,2026-06-21,907,2,37.87,
METRO Express Mouttagiaka,6a37e5583bb1d61a38862d5f,2026-06-21,193,5,52.8,
METRO Express Platy,6a37d3d14b3f8e5b8100c12e,2026-06-21,183,1,44.97,
METRO Express Agias Fylaxeos,6a37e73ef9091fe9e10311fe,2026-06-21,426,4,41.16,
METRO Express Paralimni,6a37e13a692ca04db6fa287a,2026-06-21,007,5,16.73,
METRO Express Mouttagiaka,6a37eed823c9be51210fa136,2026-06-21,198,5,33.27,
METRO Express Aglantzia,6a37ebcad01c54ed1f874de2,2026-06-21,124,4,37.32,
METRO Express Agias Fylaxeos,6a37e9bffc0e33cb3a60f1aa,2026-06-21,431,5,83.79,
METRO Express Agias Fylaxeos,6a37ebaba067c1ed8ce42747,2026-06-21,436,5,45.65,
METRO Express Agias Fylaxeos,6a37ef2d5f68e751f707273e,2026-06-21,440,5,48.1,
METRO Express Platy,6a37f2998eb75577d84bd58c,2026-06-21,197,5,96.98,
METRO Express Agias Fylaxeos,6a37f43a7fd48b336442b378,2026-06-21,450,5,54.65,
METRO Express Platy,6a37f7638d442a8b353c54a7,2026-06-21,200,5,18.77,
METRO Express Paralimni,6a37fcf6d43e8c1b00db2946,2026-06-21,029,2,40.03,
METRO Express Mouttagiaka,6a3803bffcce3b01d8e3fb3f,2026-06-21,220,5,61.81,
METRO Express Larnaca,6a3803dc0a4547d2b5d631f6,2026-06-21,945,5,43.28,
METRO Express Aglantzia,6a3804b0279f3ae967807f72,2026-06-21,144,5,35.87,
METRO Express Strovolos,6a3806c94d309ab606fcb165,2026-06-21,736,4,21.61,
METRO Express Aglantzia,6a380d87ac8f74a5b27f1d06,2026-06-21,151,5,40.52,
METRO Express Mouttagiaka,6a38087e8b67131a13a49fe0,2026-06-21,224,3,41.75,
METRO Express Paralimni,6a37fcb94c7096700757ba94,2026-06-21,028,5,18.9,
METRO Express Paralimni,6a37fcfdb72c5cb1fb6d26df,2026-06-21,031,4,89.78,
METRO Express Mouttagiaka,6a3806b6c2884a82bab78a3a,2026-06-21,221,5,15.78,
METRO Express Mouttagiaka,6a381288d122fc506a1d9f4f,2026-06-21,240,5,18.85,
METRO Express Larnaca,6a3811715357edc4153d36f3,2026-06-21,955,5,55.34,
METRO Express Larnaca,6a38c218e7e90ab324ebbdfe,2026-06-22,970,5,23.52,
METRO Express Agias Fylaxeos,6a33f6c25c75434f360a0b4a,2026-06-22,790,4,143.41,
METRO Express Strovolos,6a38c746b4fbdec1a209c626,2026-06-22,760,5,75.32,
METRO Express Agias Fylaxeos,6a3817bdd677eed94ea3d76d,2026-06-22,510,4,38.94,
METRO Express Agias Fylaxeos,6a351ed9727147cfe3d7f12d,2026-06-22,935,4,147.23,
METRO Express Strovolos,6a38cdaad9c061e80ef1d67b,2026-06-22,765,5,79.31,
METRO Express Platy,6a38d91278269bfb5587f6d1,2026-06-22,225,5,30.11,
METRO Express Agias Fylaxeos,6a38d470c10c4156a6b78f85,2026-06-22,532,5,17.94,
METRO Express Aglantzia,6a38e93fa7061667ff92aadd,2026-06-22,183,5,33.49,
METRO Express Paralimni,6a38e33fe767dbad02efbbb5,2026-06-22,063,5,103.24,
METRO Express Agias Fylaxeos,6a38dc208f2ac140a5fd1e06,2026-06-22,549,5,54.4,
METRO Express Agias Fylaxeos,6a38e66b65c8ac13135ebdaf,2026-06-22,566,5,64.1,
METRO Express Larnaca,6a38e83d9578db758380880a,2026-06-22,026,5,29.6,
METRO Express Mouttagiaka,6a38ec669f05fdeb747272b7,2026-06-22,278,5,29.35,
METRO Express Agias Fylaxeos,6a38e4a372d16105f699fcc2,2026-06-22,563,5,35.15,
METRO Express Mouttagiaka,6a38d40ca76236b5f7a10e4c,2026-06-22,248,5,87.23,
METRO Express Larnaca,6a38e7074e494dce6324f909,2026-06-22,024,5,106.43,
METRO Express Larnaca,6a38f11281c1f414b50d45db,2026-06-22,037,5,36.61,
METRO Express Agias Fylaxeos,6a38fc2ceccbced318b53f0c,2026-06-22,591,5,70.9,
METRO Express Larnaca,6a38fd4516d5ea852e0461e8,2026-06-22,053,5,27.5,
METRO Express Mouttagiaka,6a38fde223670b005285f23c,2026-06-22,304,5,58.29,
METRO Express Agias Fylaxeos,6a38ffb7f1b87b205a968763,2026-06-22,595,5,56.46,
METRO Express Larnaca,6a38fefe9fe9b9d5f2e4840e,2026-06-22,059,5,78.59,
METRO Express Strovolos,6a390cee9f525dcfd2aed039,2026-06-22,812,5,28.69,
METRO Express Paralimni,6a38f0d4a9802114b888d1d0,2026-06-22,081,5,44.68,
METRO Express Agias Fylaxeos,6a38fc048b8c245a907362d0,2026-06-22,590,4,89.82,
METRO Express Larnaca,6a38fac435c1408d3ce1edd0,2026-06-22,045,5,22.38,
METRO Express Strovolos,6a39118574c069824d2b4515,2026-06-22,816,5,38.92,
METRO Express Agias Fylaxeos,6a3918a3ff5f34d9d34da095,2026-06-22,619,5,27.76,
METRO Express Mouttagiaka,6a38fc77f2afb2b7a21d6106,2026-06-22,300,5,30.33,
METRO Express Strovolos,6a391ece42be33d8b4015743,2026-06-22,830,5,99.22,
METRO Express Larnaca,6a390ca9d312102cfa419119,2026-06-22,081,3,66.23,
METRO Express Larnaca,6a390a5c9f436ca31ae7c483,2026-06-22,077,2,56.19,
METRO Express Aglantzia,6a39259c7c26627bf87246b5,2026-06-22,215,5,4.99,
METRO Express Agias Fylaxeos,6a3926f66e64efc0891393d5,2026-06-22,627,5,52.66,
METRO Express Strovolos,6a392221e979eb060dc6ec47,2026-06-22,832,5,20.74,
METRO Express Platy,6a391edd430b3f7b96d8fdb6,2026-06-22,256,5,85.72,
METRO Express Larnaca,6a3927850c1dd652788fbac3,2026-06-22,102,5,43.17,
METRO Express Strovolos,6a392c9f12518fc7b2320c76,2026-06-22,844,5,43.64,
METRO Express Aglantzia,6a39211fccf8cbd99301ef3c,2026-06-22,210,5,64.44,
METRO Express Larnaca,6a3934b2282a15af7c834f6f,2026-06-22,118,5,38.24,
METRO Express Larnaca,6a390236b3f307982534db5e,2026-06-22,069,4,85.85,
METRO Express Aglantzia,6a391d88e8c852d277a5a308,2026-06-22,209,5,38.07,
METRO Express Larnaca,6a3938bae2237a8e65780124,2026-06-22,124,5,36.81,
METRO Express Larnaca,6a3929fe985e8dd40291f900,2026-06-22,106,4,165.75,
METRO Express Strovolos,6a393e3e1ffe519574ec4491,2026-06-22,865,5,26.23,
METRO Express Paralimni,6a393edb63d32847090cf5b7,2026-06-22,159,5,26.18,
METRO Express Strovolos,6a39401f2dc31c9091d9ebad,2026-06-22,872,5,50.6,
METRO Express Agias Fylaxeos,6a39414231f24404098aa6b6,2026-06-22,666,5,30.84,
METRO Express Larnaca,6a393bfbf3cd9007eca0c89b,2026-06-22,131,5,65.68,
METRO Express Strovolos,6a39408cd1251ba1c299fe50,2026-06-22,874,5,16.39,
METRO Express Mouttagiaka,6a3943ea6e95112385c63733,2026-06-22,379,5,24.28,
METRO Express Agias Fylaxeos,6a3943a011f2b2992baff791,2026-06-22,670,2,31.67,
METRO Express Aglantzia,6a394e2099505e344bda3227,2026-06-22,245,4,64.22,
METRO Express Agias Fylaxeos,6a3952ae9131b2c23dade24e,2026-06-22,696,5,26.44,
METRO Express Aglantzia,6a39534fceffcb4ac1d43c24,2026-06-22,251,5,32.86,
METRO Express Paralimni,6a3956c9d811a4e1613c3c0e,2026-06-22,183,5,182.1,
METRO Express Paralimni,6a395dab938019b7012d72e7,2026-06-22,191,4,26.69,
METRO Express Paralimni,6a395af45d3ea5cb638d51d6,2026-06-22,186,5,40.92,
METRO Express Paralimni,6a395b3507bdc04276c41001,2026-06-22,187,5,135.97,
METRO Express Platy,6a395a95c8065908ecaff2c9,2026-06-22,288,5,35.72,
METRO Express Agias Fylaxeos,6a3969253680ef9925d61f3a,2026-06-22,723,5,32.8,
METRO Express Platy,6a3967695d3ea5cb638d656f,2026-06-22,294,5,56.74,
METRO Express Aglantzia,6a3a1739bc24a24bb1c1e70a,2026-06-23,270,5,24.94,
METRO Express Larnaca,6a3a18c85773079c51509972,2026-06-23,178,5,30.98,
METRO Express Larnaca,6a3a191bb80ff0638e19ca88,2026-06-23,179,5,60.59,
METRO Express Agias Fylaxeos,6a3a1ae5b80ff0638e19cd82,2026-06-23,738,5,94.15,
METRO Express Larnaca,6a3a249196456c4dcd61689b,2026-06-23,187,4,27.18,
METRO Express Platy,6a3a1d4dfed8d223d4a8b4f6,2026-06-23,303,5,54.28,
METRO Express Paralimni,6a3a18e7f32932909398fc5b,2026-06-23,214,5,21.58,
METRO Express Aglantzia,6a3a3408385ab143e8a979df,2026-06-23,281,5,33.87,
METRO Express Agias Fylaxeos,6a3a2c76cd7ba2a8450e78c4,2026-06-23,758,2,46.12,
METRO Express Paralimni,6a3a34353a79b323fc185e20,2026-06-23,230,4,24.48,
METRO Express Mouttagiaka,6a3a31dbad188e242d35f6ff,2026-06-23,444,5,38.46,
METRO Express Paralimni,6a3a369dc03c59a3dcb779df,2026-06-23,231,5,14.55,
METRO Express Mouttagiaka,6a39e63fb80ff0638e19936c,2026-06-23,421,5,63.32,
METRO Express Agias Fylaxeos,6a3a3cc748e1b9e88759703c,2026-06-23,788,5,87.27,
METRO Express Larnaca,6a3a4707afed4fc4c3ac00a5,2026-06-23,228,5,37.14,
METRO Express Agias Fylaxeos,6a3a40e6d4e6e2abbe2123a5,2026-06-23,795,5,49.53,
METRO Express Agias Fylaxeos,6a3a4303e9f6e3d067a5386b,2026-06-23,800,5,38.26,
METRO Express Mouttagiaka,6a3a488ee3dfc297b2b144f6,2026-06-23,470,5,36.81,
METRO Express Larnaca,6a3a4b96eaf9d3ce4b9bb102,2026-06-23,234,5,46.65,
METRO Express Aglantzia,6a3a4e2a7b445a9967c64fa6,2026-06-23,291,5,68.46,
METRO Express Agias Fylaxeos,6a3a4dfd918856bdb1289f10,2026-06-23,813,5,18.85,
METRO Express Agias Fylaxeos,6a3a545a2f7978bfc474ec65,2026-06-23,823,4,86.71,
METRO Express Agias Fylaxeos,6a3a51863625b5de1d8189d9,2026-06-23,817,2,76.11,
METRO Express Agias Fylaxeos,6a3a52bdb8f74b4e650b99ca,2026-06-23,819,5,108.16,
METRO Express Agias Fylaxeos,6a3a594a572c6f9cb4a7707c,2026-06-23,834,5,84.04,
METRO Express Mouttagiaka,6a3a56882f5b9f2476d2617f,2026-06-23,489,5,23.55,
METRO Express Mouttagiaka,6a3a5ae13fa85435c4d5e612,2026-06-23,492,5,40.5,
METRO Express Larnaca,6a3a5c482b399e4bb41bb621,2026-06-23,258,5,48.61,
METRO Express Aglantzia,6a3a5324676a00a670f96b86,2026-06-23,293,5,33.2,
METRO Express Paralimni,6a3a4ef081a2ee5b7c5f124a,2026-06-23,253,5,96.78,
METRO Express Aglantzia,6a3a67b84bad50c62db87412,2026-06-23,301,4,23.43,
METRO Express Agias Fylaxeos,6a3a699278ba6e0dc73abafd,2026-06-23,844,5,66.94,
METRO Express Strovolos,6a3a6dcbc73f1e37dd6fb14b,2026-06-23,998,5,78.34,
METRO Express Agias Fylaxeos,6a3a6d35cfa9a187d801638b,2026-06-23,849,5,43.48,
METRO Express Aglantzia,6a3a76797a2e979417ea80b0,2026-06-23,309,5,43.54,
METRO Express Paralimni,6a3a68339ceefbd41f3c6af3,2026-06-23,269,5,178.39,
METRO Express Agias Fylaxeos,6a3a75cd1b99c44d7bfdb490,2026-06-23,859,5,28.7,
METRO Express Paralimni,6a3a755fbbec8361f67805bf,2026-06-23,279,4,65.56,
METRO Express Larnaca,6a3a7fd29be5a4426f2bb0d3,2026-06-23,301,5,24.42,
METRO Express Aglantzia,6a3a8b8f376b4231e474c374,2026-06-23,324,5,21.97,
METRO Express Mouttagiaka,6a3a881a54cb7bee6af49f6a,2026-06-23,525,5,40.06,
METRO Express Paralimni,6a3a82e42609f89cd8c877c7,2026-06-23,290,5,18.9,
METRO Express Larnaca,6a3a841f0731e936536a1f80,2026-06-23,309,5,35.35,
METRO Express Paralimni,6a3a767db714214e7848cc93,2026-06-23,281,4,43.74,
METRO Express Strovolos,6a3a85e14ba9223d310c2d39,2026-06-23,024,5,69.46,
METRO Express Agias Fylaxeos,6a3a8e8e1390e2b77ecbe218,2026-06-23,881,5,41.04,
METRO Express Agias Fylaxeos,6a3a9117a7691727f32248b1,2026-06-23,886,5,20.15,
METRO Express Mouttagiaka,6a3a8d877520c67a41e698fb,2026-06-23,529,2,44.4,
METRO Express Aglantzia,6a3a90480b18721bfb99e6fc,2026-06-23,329,4,67.32,
METRO Express Aglantzia,6a3a86495e2f1ae7bdeb5b2a,2026-06-23,321,4,21.75,
METRO Express Aglantzia,6a3a9cab86b7bf4777bff9a2,2026-06-23,338,5,105.73,
METRO Express Larnaca,6a3a9e2599553715eb107f17,2026-06-23,342,5,79.36,
METRO Express Larnaca,6a3a9ef846a9eff61d6b0aee,2026-06-23,344,4,79.02,
METRO Express Strovolos,6a3a8fa4c70ab535895a4b4c,2026-06-23,032,1,134.39,
METRO Express Mouttagiaka,6a3aa68779c2f82b1fb39f83,2026-06-23,546,5,39.08,
METRO Express Larnaca,6a3aa3f49c21b818fbd2657b,2026-06-23,348,5,105.73,
METRO Express Agias Fylaxeos,6a3aa8500d907222de218cb8,2026-06-23,920,4,18.72,
METRO Express Paralimni,6a3aa54e3f4f684efba943b8,2026-06-23,326,5,20.59,
METRO Express Agias Fylaxeos,6a3ab39abfa2eb23a2a72800,2026-06-23,941,5,61.04,
METRO Express Mouttagiaka,6a3aaf68be7e2190cb01f669,2026-06-23,564,5,102.05,
METRO Express Paralimni,6a3ab4660bfc01196d9593de,2026-06-23,345,4,10.91,
METRO Express Agias Fylaxeos,6a3ab96d53d84ecf628229b5,2026-06-23,949,5,43.73,
METRO Express Agias Fylaxeos,6a3b6c1ec1d95bcf32257718,2026-06-24,965,4,53.63,
METRO Express Paralimni,6a3b69f142dfa1892dcdda79,2026-06-24,357,5,54.09,
METRO Express Paralimni,6a3b635ace2820ce90fcfec2,2026-06-24,354,5,33.34,
METRO Express Larnaca,6a3b7101bee6d615c330c8e0,2026-06-24,388,5,20.96,
METRO Express Agias Fylaxeos,6a3b70c142dfa1892dcde9fe,2026-06-24,971,5,40.53,
METRO Express Agias Fylaxeos,6a3b718113b4ebe6fba2dafb,2026-06-24,973,4,39.16,
METRO Express Larnaca,6a3b6e8e13b4ebe6fba2d4b3,2026-06-24,382,5,56.49,
METRO Express Mouttagiaka,6a3b7a50abecf205010beac8,2026-06-24,582,5,30.97,
METRO Express Agias Fylaxeos,6a3b798044f149e424c30521,2026-06-24,983,5,115.17,
METRO Express Agias Fylaxeos,6a3b7d1a2b325248182f524b,2026-06-24,987,4,28.83,
METRO Express Aglantzia,6a3b8031e9accca059ec0593,2026-06-24,368,5,38.79,
METRO Express Mouttagiaka,6a3b7c4bbee6d615c330e28d,2026-06-24,584,5,50.91,
METRO Express Mouttagiaka,6a3add2f9ffd968a5716e8b3,2026-06-24,570,5,45.02,
METRO Express Larnaca,6a3b8073bc7ac0b0ab966636,2026-06-24,400,5,50.67,
METRO Express Larnaca,6a3a3caa36c4da933497971a,2026-06-24,211,5,55.47,
METRO Express Mouttagiaka,6a3b859c41c0cefa40ce80a3,2026-06-24,594,5,49.26,
METRO Express Agias Fylaxeos,6a3b8d3f903f6e83bbf85479,2026-06-24,002,5,11.6,
METRO Express Agias Fylaxeos,6a3b8f39a1106e74749f363e,2026-06-24,006,5,35.24,
METRO Express Mouttagiaka,6a3b8e0fa4b468079374fc0d,2026-06-24,609,5,66.33,
METRO Express Mouttagiaka,6a3b93c2dd75b099f2111992,2026-06-24,617,5,49.85,
METRO Express Agias Fylaxeos,6a3b9bb699e86680726c439c,2026-06-24,014,5,23.55,
METRO Express Larnaca,6a3b9ab9cf15fa224d1a3a60,2026-06-24,441,5,32.65,
METRO Express Larnaca,6a3b98aa266965ff9ebe9920,2026-06-24,435,5,13.84,
METRO Express Larnaca,6a3b989abc7ac0b0ab968f23,2026-06-24,434,5,49.66,
METRO Express Mouttagiaka,6a3b9f4e516b997788d08b97,2026-06-24,624,5,53.04,
METRO Express Agias Fylaxeos,6a3ba1d0f1a9e636e304a952,2026-06-24,018,5,40.21,
METRO Express Aglantzia,6a3ba2589e6b336efeafacc9,2026-06-24,380,1,53.56,
METRO Express Paralimni,6a3ba636ff1a124528b4e30d,2026-06-24,392,5,17.97,
METRO Express Larnaca,6a3bab1c59610d7a93126dfd,2026-06-24,464,5,16.7,
METRO Express Mouttagiaka,6a3ba6444bf0f250232a8526,2026-06-24,629,5,19.77,
METRO Express Larnaca,6a3ba1762251e5b7cdbf52a4,2026-06-24,452,4,17.4,
METRO Express Agias Fylaxeos,6a3ba956e32e2f4c4984ce68,2026-06-24,025,5,47.98,
METRO Express Mouttagiaka,6a3bac80f222bd4ca930c5df,2026-06-24,632,4,53.78,
METRO Express Agias Fylaxeos,6a3b91d7442dce06cdfca2ff,2026-06-24,007,5,61.45,
METRO Express Agias Fylaxeos,6a3baedf932f3fbcf3eebdab,2026-06-24,036,4,61.16,
METRO Express Aglantzia,6a3bbab94a30c565f9f35e4a,2026-06-24,407,5,47.54,
METRO Express Platy,6a3baf90039623ac00606cb2,2026-06-24,392,5,46.24,
METRO Express Agias Fylaxeos,6a3bb25bbce7dcbd85801489,2026-06-24,044,4,45.71,
METRO Express Agias Fylaxeos,6a3bba7c20ed8c2b398648d8,2026-06-24,051,5,36.01,
METRO Express Agias Fylaxeos,6a3bc0c71cb9f90ad0887d8b,2026-06-24,058,5,28.83,
METRO Express Mouttagiaka,6a3bc8abfed370f859350042,2026-06-24,653,5,33.75,
METRO Express Paralimni,6a3bccfee075fbeb74a8d078,2026-06-24,418,5,22.81,
METRO Express Mouttagiaka,6a3bcdefd25553ec2ebe6bfe,2026-06-24,658,5,49.57,
METRO Express Paralimni,6a3bc528524a20d81e87fca7,2026-06-24,413,5,57.31,
METRO Express Larnaca,6a3bcf1d0296ebec34c5ba02,2026-06-24,515,5,36.99,
METRO Express Paralimni,6a3bd136650443fd1f7d27d7,2026-06-24,422,4,29.03,
METRO Express Strovolos,6a3bd15c5d152428bccb5711,2026-06-24,154,4,28.82,
METRO Express Strovolos,6a3bd65188c1b9009c9625fd,2026-06-24,158,5,41.2,
METRO Express Agias Fylaxeos,6a3bd8b00cac80dceac78e35,2026-06-24,086,5,24.81,
METRO Express Larnaca,6a3bccf0e2b8c0c3fd5bc555,2026-06-24,513,5,71.22,
METRO Express Mouttagiaka,6a3bdf4939595b87fe754861,2026-06-24,676,5,9.98,
METRO Express Platy,6a3bde949d9ac1cd12a23827,2026-06-24,406,5,37.06,
METRO Express Aglantzia,6a3be977c2f8b2afdddad74a,2026-06-24,443,5,34.17,
METRO Express Agias Fylaxeos,6a3beb233d3f9422ad46eb95,2026-06-24,109,5,26.52,
METRO Express Larnaca,6a3be6096dbf14bcbd05dada,2026-06-24,543,5,33.24,
METRO Express Agias Fylaxeos,6a3bea324d76aeea2fe2a484,2026-06-24,106,5,38.59,
METRO Express Strovolos,6a3bf3b8e1b77628d7f88610,2026-06-24,202,5,49.26,
METRO Express Aglantzia,6a3bf35f1b5e8eb177459e0b,2026-06-24,449,5,40.02,
METRO Express Platy,6a3bf4ae1ba8e132eca98b02,2026-06-24,416,5,39.8,
METRO Express Mouttagiaka,6a3bf4ff93310038e8e90029,2026-06-24,699,5,11.58,
METRO Express Agias Fylaxeos,6a3befdbdaaa896f86c0c378,2026-06-24,118,5,22.33,
METRO Express Larnaca,6a3bf2ad302f437e77d77d71,2026-06-24,561,5,66.69,
METRO Express Strovolos,6a3bfa4f9aafec2a641d2275,2026-06-24,215,5,30.78,
METRO Express Mouttagiaka,6a3bf434eafa2530c38279dc,2026-06-24,698,4,44.85,
METRO Express Larnaca,6a3bff1d66639b3451b547cd,2026-06-24,573,5,40.75,
METRO Express Strovolos,6a3c0861852bbe99b9b62582,2026-06-24,222,5,49.12,
METRO Express Mouttagiaka,6a3c023c0a443ebf75e17e10,2026-06-24,710,5,38.28,
METRO Express Larnaca,6a3cb9f61cca4d6b106b6f2a,2026-06-25,601,5,55.3,
METRO Express Strovolos,6a3cb9085eb8f4cc3b5d8db0,2026-06-25,234,5,157.19,
METRO Express Platy,6a3c95a87a3b41903d155697,2026-06-25,434,5,56.09,
METRO Express Agias Fylaxeos,6a3cc1616492603b2b928c62,2026-06-25,186,5,19.3,
METRO Express Larnaca,6a3ca74fdb8ad13114ac6359,2026-06-25,595,5,55.68,
METRO Express Paralimni,6a3cbb507640886334572ea1,2026-06-25,472,5,102.68,
METRO Express Larnaca,6a3cca2fdca89b4982a93c52,2026-06-25,618,4,33.74,
METRO Express Strovolos,6a3cc8e4c3d5ab2809ca62d9,2026-06-25,248,4,22.14,
METRO Express Aglantzia,6a3cc566dca89b4982a93321,2026-06-25,476,5,29.42,
METRO Express Strovolos,6a3ccfdd2d75274990001df7,2026-06-25,252,5,49.47,
METRO Express Larnaca,6a3cd1972256dc48738c3561,2026-06-25,624,5,74.79,
METRO Express Mouttagiaka,6a3cd36d63ce23ebd3736af4,2026-06-25,735,5,60.28,
METRO Express Agias Fylaxeos,6a3cd0aa73fd5f78031a8d25,2026-06-25,207,5,32.38,
METRO Express Larnaca,6a3cd2ae9a9b90ffc12f650a,2026-06-25,626,4,103.52,
METRO Express Larnaca,6a3cd29224793a3eb4e5665b,2026-06-25,625,4,35.79,
METRO Express Mouttagiaka,6a3cd321ad2d1c1f6be82d1e,2026-06-25,732,5,27.13,
METRO Express Mouttagiaka,6a3ce3fded801f30641f6c20,2026-06-25,757,5,40.8,
METRO Express Mouttagiaka,6a3ce552f8fa7af2ba005dd0,2026-06-25,759,5,19.18,
METRO Express Larnaca,6a3ce11de2b03d40ebb5c6c6,2026-06-25,649,5,46.5,
METRO Express Agias Fylaxeos,6a3ce26793fb19b8bdba6409,2026-06-25,227,5,44.09,
METRO Express Paralimni,6a3cdd2997b2c4105e4d89f0,2026-06-25,494,5,153.73,
METRO Express Larnaca,6a3ce4a300e1fb1d34f04c82,2026-06-25,655,2,40.6,
METRO Express Paralimni,6a3cebf66ebf1842001d3768,2026-06-25,505,3,51.97,
METRO Express Larnaca,6a3cf1f44cb05219015fe8eb,2026-06-25,680,5,37.19,
METRO Express Aglantzia,6a3cf5ecd13fc4acf7c68bb8,2026-06-25,503,5,29.54,
METRO Express Mouttagiaka,6a3ce536684fdaaa79c32559,2026-06-25,758,4,64.81,
METRO Express Mouttagiaka,6a3cf016a0dc10219b521af2,2026-06-25,767,5,33.59,
METRO Express Mouttagiaka,6a3cfaf9054440368632ccf7,2026-06-25,780,5,35.65,
METRO Express Agias Fylaxeos,6a3cf7e520f0b0654b1205d4,2026-06-25,251,5,67.52,
METRO Express Strovolos,6a3d00b0d4556ec4e1f23345,2026-06-25,289,5,34.58,
METRO Express Strovolos,6a3d02506228459b910adc4c,2026-06-25,292,5,63.52,
METRO Express Agias Fylaxeos,6a3d03b218a9ae00c3e91341,2026-06-25,270,5,29.24,
METRO Express Agias Fylaxeos,6a3d0a185090894c926e91ec,2026-06-25,280,5,18.89,
METRO Express Aglantzia,6a3cbac15eb8f4cc3b5d91bd,2026-06-25,468,5,65.27,
METRO Express Platy,6a3d02bbc4764ac9b1933d7b,2026-06-25,464,4,26.27,
METRO Express Paralimni,6a3d121dd4556ec4e1f24bde,2026-06-25,533,5,58.31,
METRO Express Mouttagiaka,6a3d174a320ec228e6695f78,2026-06-25,805,5,90.29,
METRO Express Aglantzia,6a3d1ea1d2fb81d42eb3e507,2026-06-25,524,5,37.1,
METRO Express Agias Fylaxeos,6a3d252a7aef09b307adf8e1,2026-06-25,300,5,35.57,
METRO Express Strovolos,6a3d2b5652442e734a75d60a,2026-06-25,325,5,98.09,
METRO Express Larnaca,6a3d2fdcc8a6fa98d689366a,2026-06-25,769,5,57.81,
METRO Express Mouttagiaka,6a3d33c7a4108c2828a3983a,2026-06-25,835,5,37.2,
METRO Express Strovolos,6a3d3397c2dcb7b8eebf3425,2026-06-25,329,5,33.81,
METRO Express Aglantzia,6a3d39f41cbd28123558a2b1,2026-06-25,535,5,90.35,
METRO Express Larnaca,6a3d42e5d115fac3e58db1a9,2026-06-25,792,5,31.97,
METRO Express Agias Fylaxeos,6a3d410bc0b15f4392294021,2026-06-25,327,5,7.85,
METRO Express Mouttagiaka,6a3d421a162de2938f5a31ba,2026-06-25,850,5,39.09,
METRO Express Agias Fylaxeos,6a3d46af17b76ae2e3284df2,2026-06-25,334,5,37.81,
METRO Express Larnaca,6a3d4bafc0f0dd7f4d9bf61c,2026-06-25,808,4,25.66,
METRO Express Agias Fylaxeos,6a3d575538adf7a1c88e13ba,2026-06-25,361,4,40.26,
METRO Express Mouttagiaka,6a3d5236939c9584c5f6610a,2026-06-25,866,5,25.52,
METRO Express Mouttagiaka,6a3d4edbb1960a659c6030b0,2026-06-25,862,5,127.7,
METRO Express Aglantzia,6a3e0ee728ee320263a62dbf,2026-06-26,568,5,62.93,
METRO Express Aglantzia,6a3e13cae8152618f724a444,2026-06-26,569,5,30.86,
METRO Express Paralimni,6a3e1218cd17e20cf671ab13,2026-06-26,612,5,55.88,
METRO Express Aglantzia,6a3e185ea2bb2bf64a68befa,2026-06-26,574,5,22.49,
METRO Express Paralimni,6a3e0e05e8ae1f7c2b26d9c1,2026-06-26,610,5,56.72,
METRO Express Mouttagiaka,6a3deb8ebdb933cc511550e4,2026-06-26,873,5,107.01,
METRO Express Aglantzia,6a3dff21c525180d233e5252,2026-06-26,565,4,54.63,
METRO Express Mouttagiaka,6a3d7749594618775b50ed5c,2026-06-26,869,4,71.28,
METRO Express Strovolos,6a3af192fd539fe30b467cf9,2026-06-26,074,5,53.13,
METRO Express Mouttagiaka,6a3e1bce26cf7d4f94bbdd62,2026-06-26,886,5,16.55,
METRO Express Mouttagiaka,6a3e18dc304f4b77a39c08e5,2026-06-26,881,5,78.99,
METRO Express Larnaca,6a3e210c0ad0b0f6c85c3255,2026-06-26,865,1,57.62,
METRO Express Mouttagiaka,6a3e1c81fd734c8b1ea05727,2026-06-26,888,5,62.8,
METRO Express Agias Fylaxeos,6a3e2ba3532cbf78529866f0,2026-06-26,415,5,18.37,
METRO Express Platy,6a3e27e9a0df135c5cd98732,2026-06-26,516,5,62.01,
METRO Express Larnaca,6a3e262fbcfe5441617a349d,2026-06-26,873,5,36.03,
METRO Express Paralimni,6a3e28364b4b2e2a90139cfa,2026-06-26,632,4,34.82,
METRO Express Larnaca,6a3d923f3a705b44c46f8348,2026-06-26,832,4,62.69,
METRO Express Mouttagiaka,6a3e20068c3e49fef4c65d29,2026-06-26,892,5,57,
METRO Express Larnaca,6a3e252eea321ff4f9df4c06,2026-06-26,869,5,36.8,
METRO Express Agias Fylaxeos,6a3e321d6b3728b08e83760a,2026-06-26,424,5,36.27,
METRO Express Larnaca,6a3e2b6e932b2baf9e788d85,2026-06-26,887,5,49.54,
METRO Express Mouttagiaka,6a3e2e5f9b610ae01d1ca81c,2026-06-26,914,5,33.69,
METRO Express Platy,6a3e2ff89519557be7e3c774,2026-06-26,519,5,31.82,
METRO Express Larnaca,6a3e3a3b44caf3bc9b96e018,2026-06-26,900,5,48.38,
METRO Express Agias Fylaxeos,6a3e351d6bc6c6a68b260bf2,2026-06-26,429,5,28.48,
METRO Express Paralimni,6a3e34273915a2cd6b78fd96,2026-06-26,643,5,18.59,
METRO Express Larnaca,6a3e3e0c3ecfc800510651d0,2026-06-26,908,5,60.34,
METRO Express Platy,6a3e3e8476aef2534def5972,2026-06-26,526,5,29.86,
METRO Express Larnaca,6a3e326274a56e3f226ada0c,2026-06-26,890,5,57.57,
METRO Express Agias Fylaxeos,6a3e4776ed303abf98b16489,2026-06-26,456,5,54.93,
METRO Express Larnaca,6a3e42ede9744c78f8f92d96,2026-06-26,910,5,142.24,
METRO Express Strovolos,6a3e55119a6290cc463eea1b,2026-06-26,442,5,39.88,
METRO Express Strovolos,6a3e202ccd17e20cf671c732,2026-06-26,400,3,57.1,
METRO Express Mouttagiaka,6a3e58e91c8d83de0dbf9b59,2026-06-26,944,5,48.64,
METRO Express Mouttagiaka,6a3e5b3598f4135834c1f10a,2026-06-26,945,5,58.59,
METRO Express Paralimni,6a3e5e3666569c49a4d78019,2026-06-26,683,5,33.74,
METRO Express Larnaca,6a3e605a44ccf675eb003388,2026-06-26,944,5,46.78,
METRO Express Paralimni,6a3e55d8dfd4dc004edc5ede,2026-06-26,678,5,71.21,
METRO Express Strovolos,6a3e5d5d1eebad7b07889934,2026-06-26,451,5,77.98,
METRO Express Agias Fylaxeos,6a3e62da965dd2b78030b2f6,2026-06-26,493,5,24.26,
METRO Express Mouttagiaka,6a3e63d244ccf675eb00394b,2026-06-26,955,5,48,
METRO Express Mouttagiaka,6a3e6b3e9bc3cecf3ac19a50,2026-06-26,967,5,131.35,
METRO Express Agias Fylaxeos,6a3e71ee8646c8dda2b746a6,2026-06-26,510,5,22.08,
METRO Express Aglantzia,6a3e69489bc3cecf3ac197e9,2026-06-26,611,1,114.82,
METRO Express Mouttagiaka,6a3e6ee465379f06cf1334f8,2026-06-26,974,4,27.48,
METRO Express Larnaca,6a3e73a7dbde54e2643d6326,2026-06-26,960,5,47.02,
METRO Express Larnaca,6a3e724e21a6c91933cfb190,2026-06-26,957,5,76.14,
METRO Express Paralimni,6a3e6f89068336ec1171a44f,2026-06-26,696,5,97.71,
METRO Express Platy,6a3e6ec6469207987cbe8782,2026-06-26,536,5,42.26,
METRO Express Strovolos,6a3e6eaeeea75c90328f61db,2026-06-26,459,5,119.79,
METRO Express Larnaca,6a3e7b8c59c3c912fd46bec2,2026-06-26,969,5,60.38,
METRO Express Agias Fylaxeos,6a3d61567272e316668b65a8,2026-06-26,376,5,84.68,
METRO Express Agias Fylaxeos,6a3e794790ef6819c7bc1f5b,2026-06-26,526,5,35.16,
METRO Express Larnaca,6a3e7e7a4815df741665915b,2026-06-26,974,5,125.05,
METRO Express Strovolos,6a3e7f78dbebb2023f49fd4d,2026-06-26,478,5,33.66,
METRO Express Strovolos,6a3e84cfbacd671bf8712f24,2026-06-26,486,5,23.1,
METRO Express Larnaca,6a3e8759e35e8e6cc277aef8,2026-06-26,979,5,34.1,
METRO Express Mouttagiaka,6a3e8b12c47e1b73cbb52097,2026-06-26,998,5,66.94,
METRO Express Mouttagiaka,6a3e8cf796f553defaa0288f,2026-06-26,000,4,73.62,
METRO Express Aglantzia,6a3e97259b90b4012ced33c4,2026-06-26,648,5,9.76,
METRO Express Mouttagiaka,6a3e9e81aff6c80cd32eae99,2026-06-26,017,5,36.95,
METRO Express Mouttagiaka,6a3ea025044e76711eec2f47,2026-06-26,019,5,34.94,
METRO Express Agias Fylaxeos,6a3e9b25cde00a1ea7ac4f72,2026-06-26,572,4,14.22,
METRO Express Platy,6a3ea4f201e9fb1fa3119e74,2026-06-26,555,5,36.85,
METRO Express Agias Fylaxeos,6a3eafecaff6c80cd32eca66,2026-06-26,592,5,9.58,
METRO Express Platy,6a3ea41da50757155c8e1e6d,2026-06-26,553,4,45.62,
METRO Express Agias Fylaxeos,6a3ebe259d2fdec51d8770e1,2026-06-27,594,5,38.28,
METRO Express Aglantzia,6a3f5cff86273685619f6778,2026-06-27,667,4,37.11,
METRO Express Aglantzia,6a3f662677fb2e15c300888d,2026-06-27,671,5,28.42,
METRO Express Mouttagiaka,6a3e644e582a75034c6f9a2b,2026-06-27,956,5,44.29,
METRO Express Larnaca,6a3f5a655183fc7bd42bb719,2026-06-27,034,5,45.56,
METRO Express Strovolos,6a3d8e07424f504fcd71a286,2026-06-27,379,5,79.68,
METRO Express Paralimni,6a3f6e252a7099787acbdaec,2026-06-27,765,5,56.46,
METRO Express Larnaca,6a3f707a73485bac7996e676,2026-06-27,050,5,54.99,
METRO Express Aglantzia,6a3f715dd011b8e2a5e8377c,2026-06-27,684,5,44.57,
METRO Express Platy,6a3f7296ae5ce5995be041d2,2026-06-27,574,5,145.08,
METRO Express Mouttagiaka,6a3f7aba77fb2e15c300b292,2026-06-27,055,5,128.01,
METRO Express Paralimni,6a3f813361bed92e560a4c6f,2026-06-27,781,5,19.1,
METRO Express Agias Fylaxeos,6a3f83e8c214e84859d91240,2026-06-27,638,5,43.75,
METRO Express Platy,6a3f820359e7bd3d31faa7de,2026-06-27,583,5,28.6,
METRO Express Platy,6a3f79948ea77b296fb4d2e9,2026-06-27,576,5,54.85,
METRO Express Larnaca,6a3f8a381f6f68cbcfb90ed3,2026-06-27,084,5,41.32,
METRO Express Agias Fylaxeos,6a3f8f0f0896d15a13374091,2026-06-27,650,5,45.09,
METRO Express Strovolos,6a3f8a4fa4027a4b7d548e03,2026-06-27,578,5,18.77,
METRO Express Mouttagiaka,6a3f8d45dd5e7b195a626496,2026-06-27,077,5,45.86,
METRO Express Aglantzia,6a3f9a626e80668093bd248c,2026-06-27,718,5,41.93,
METRO Express Strovolos,6a3f92fd171ca44504bce430,2026-06-27,589,5,68.75,
METRO Express Larnaca,6a3f90c962d4b3616f98fb69,2026-06-27,102,5,36.47,
METRO Express Agias Fylaxeos,6a3f97b79bd27699d5032747,2026-06-27,666,5,49.3,
METRO Express Aglantzia,6a3f9a84a1e57201c7497f19,2026-06-27,719,5,39.14,
METRO Express Mouttagiaka,6a3f9b0f4430fc82c5b3ee63,2026-06-27,090,5,15.74,
METRO Express Strovolos,6a3f8fc922dba485d3d91235,2026-06-27,584,4,79.78,
METRO Express Larnaca,6a3f9d3e3cbbe41538b9ffb5,2026-06-27,113,5,63.31,
METRO Express Strovolos,6a3ea26e038e996a2bdae13e,2026-06-27,518,5,90.08,
METRO Express Larnaca,6a3fa4f0dc96dd69eeb8c94d,2026-06-27,119,5,45.66,
METRO Express Aglantzia,6a3fac8cadc6dc3cd04e81a6,2026-06-27,731,5,43.75,
METRO Express Larnaca,6a3f95243f1d6dc57660bcad,2026-06-27,104,5,32.96,
METRO Express Aglantzia,6a3fb153c410ecf85ca77ad8,2026-06-27,734,5,23.11,
METRO Express Larnaca,6a3fb2d703bbeeab276af732,2026-06-27,136,5,41.64,
METRO Express Paralimni,6a3fb82bd0eeceec2cb1a005,2026-06-27,844,5,22.36,
METRO Express Mouttagiaka,6a3fbad66ebfbd592d00a328,2026-06-27,118,5,21.72,
METRO Express Aglantzia,6a3fbc05869d36175132cd8a,2026-06-27,741,5,41.03,
METRO Express Mouttagiaka,6a3fb9d114ce6d175da99384,2026-06-27,117,5,178.33,
METRO Express Agias Fylaxeos,6a3fb826e9ff12477f867179,2026-06-27,701,3,56.47,
METRO Express Aglantzia,6a3fc0966ebfbd592d00ad41,2026-06-27,748,5,44.33,
METRO Express Agias Fylaxeos,6a3fc38dde83a89c9d882b4b,2026-06-27,720,5,63.35,
METRO Express Mouttagiaka,6a3fc5bd21aaf76ae9c4c7c1,2026-06-27,128,5,25.98,
METRO Express Larnaca,6a3fc5ac5c6f87ac0da86454,2026-06-27,153,5,43.66,
METRO Express Agias Fylaxeos,6a3fcb2a3d55c1abada5c62a,2026-06-27,736,5,41.27,
METRO Express Paralimni,6a3f8c569cf8a4dd1a464510,2026-06-27,802,4,55.32,
METRO Express Paralimni,6a3fca02c93f2f708e7d600d,2026-06-27,867,5,80.56,
METRO Express Larnaca,6a3fca77276794a71c824c63,2026-06-27,160,5,27.8,
METRO Express Mouttagiaka,6a3fcdb75fede2140b9e6d41,2026-06-27,134,5,37.64,
METRO Express Agias Fylaxeos,6a3fd2303bef65118fa7ae42,2026-06-27,753,4,43.44,
METRO Express Larnaca,6a3fcd8164a40c1c14971a89,2026-06-27,166,5,89.33,
METRO Express Agias Fylaxeos,6a3fd58e9bd9d69b328c6d99,2026-06-27,761,5,37.4,
METRO Express Strovolos,6a3fd8668c77abe408fe8826,2026-06-27,674,5,60.7,
METRO Express Agias Fylaxeos,6a3fe23c52917e661dd99881,2026-06-27,781,4,22.62,
METRO Express Paralimni,6a3fdb55804b883b12e5bd37,2026-06-27,892,5,36.7,
METRO Express Mouttagiaka,6a3fe3dd6af16d323e1b301a,2026-06-27,157,4,45.79,
METRO Express Paralimni,6a3fe5ee76cfc72b11652e67,2026-06-27,902,4,23.78,
METRO Express Agias Fylaxeos,6a3fe39168a1534b1bcc4874,2026-06-27,785,5,88.19,
METRO Express Aglantzia,6a3feec6c639224e9c8113fc,2026-06-27,773,5,54.65,
METRO Express Larnaca,6a3fec302b9194da2767f088,2026-06-27,202,5,15.68,
METRO Express Mouttagiaka,6a3fee88fa81f229907d1074,2026-06-27,166,5,20.96,
METRO Express Mouttagiaka,6a3fef71b0b1135ae7f75331,2026-06-27,168,5,23.82,
METRO Express Larnaca,6a3fc308bfda6e616b296fae,2026-06-27,152,5,80.92,
METRO Express Platy,6a3ff064c732c71d7f9ece0f,2026-06-27,640,5,44.3,
METRO Express Agias Fylaxeos,6a3ff6b8fa81f229907d1da5,2026-06-27,804,4,23.88,
METRO Express Larnaca,6a3fee0d28c5c3fc8e298fa3,2026-06-27,207,2,51.54,
METRO Express Larnaca,6a3ff77d11c88480b3fdb5fe,2026-06-27,222,5,37.06,
METRO Express Mouttagiaka,6a3ff69fd9934d96226a5439,2026-06-27,174,5,61.71,
METRO Express Paralimni,6a3ff4468c228da889272ade,2026-06-27,913,5,41.45,
METRO Express Agias Fylaxeos,6a3fff9321f6cdeb4487221d,2026-06-27,819,5,28.34,
METRO Express Mouttagiaka,6a4000a5c96bdc0b88e55431,2026-06-27,181,3,37.57,
METRO Express Paralimni,6a3fffc7d0b1f9d4f7f1a071,2026-06-27,920,5,32.28,
METRO Express Aglantzia,6a401186c96bdc0b88e56fe6,2026-06-28,785,5,44.57,
METRO Express Larnaca,6a40c02d5d0cad6e5f342d5c,2026-06-28,245,5,58.15,
METRO Express Strovolos,6a40c515ec7ca8978c94367c,2026-06-28,717,5,22.89,
METRO Express Larnaca,6a4003105fb46a7a3ca8df00,2026-06-28,227,4,18.95,
METRO Express Agias Fylaxeos,6a40c3a1cc7230371db3798d,2026-06-28,825,5,46.76,
METRO Express Mouttagiaka,6a40cb9b033d018bebe79c53,2026-06-28,210,4,50.34,
METRO Express Aglantzia,6a40c132df95107589704adc,2026-06-28,796,5,41.79,
METRO Express Mouttagiaka,6a40ce8da5e04f09e6218dcf,2026-06-28,214,5,20.76,
METRO Express Paralimni,6a3fb7887697e51226d003a7,2026-06-28,843,5,13.74,
METRO Express Platy,6a40cd085a13469a35ec67cf,2026-06-28,665,5,42.38,
METRO Express Paralimni,6a40dd221b9eec5bcd156cc8,2026-06-28,982,5,24.21,
METRO Express Agias Fylaxeos,6a40d5304a84fdb6e6b7e27f,2026-06-28,846,1,38.5,
METRO Express Aglantzia,6a40db63c034260d274fe94d,2026-06-28,821,5,37.34,
METRO Express Agias Fylaxeos,6a40de8fe1770dc1dec8b4a6,2026-06-28,858,5,74.38,
METRO Express Strovolos,6a40e345eceecf6184627959,2026-06-28,740,5,69.68,
METRO Express Larnaca,6a40dc692735aeedc7d4ff07,2026-06-28,281,4,12.15,
METRO Express Agias Fylaxeos,6a40e524f03adfd1caa90292,2026-06-28,884,5,43.9,
METRO Express Agias Fylaxeos,6a40e4901513bce3ced7ede5,2026-06-28,878,5,52.38,
METRO Express Paralimni,6a40e907d0ca320e7f96cfe1,2026-06-28,992,5,67.16,
METRO Express Mouttagiaka,6a40eb79897e0d275cfe5e8e,2026-06-28,245,5,55.86,
METRO Express Strovolos,6a40eebd10f9263f0dde1d04,2026-06-28,756,5,39.34,
METRO Express Agias Fylaxeos,6a40ea883a3d6b97be5d9c21,2026-06-28,895,5,68.59,
METRO Express Larnaca,6a40eb798c90a5d42384caa5,2026-06-28,298,5,43.77,
METRO Express Strovolos,6a40f1ef5241f0442730884b,2026-06-28,761,1,19.78,
METRO Express Mouttagiaka,6a40f0da5fc7da82ec86904d,2026-06-28,250,5,36.87,
METRO Express Mouttagiaka,6a40ee0bc15c1a0bb8cdc72f,2026-06-28,248,5,37.05,
METRO Express Agias Fylaxeos,6a40f65601c4d0543ce2e999,2026-06-28,922,5,25.26,
METRO Express Agias Fylaxeos,6a40e4d7acf69536f89bf5f0,2026-06-28,880,5,61.28,
METRO Express Strovolos,6a40f748209b0a6601c90739,2026-06-28,767,5,92.82,
METRO Express Agias Fylaxeos,6a40f2d62735aeedc7d525b2,2026-06-28,911,4,140.35,
METRO Express Agias Fylaxeos,6a40fa82275837db3358ebf2,2026-06-28,937,5,56.52,
METRO Express Larnaca,6a40f6cc569f371d59f21484,2026-06-28,314,1,32.68,
METRO Express Aglantzia,6a40fe08da04e7d931439b72,2026-06-28,842,5,51.55,
METRO Express Larnaca,6a40faea3e00f731b899b845,2026-06-28,317,5,57.57,
METRO Express Platy,6a40f1e8dbaed5dd6b928874,2026-06-28,686,5,96.87,
METRO Express Platy,6a40f2966bddd4e748ab8e75,2026-06-28,688,4,16.64,
METRO Express Strovolos,6a40f895c2814814c4a1f694,2026-06-28,768,5,78.82,
METRO Express Agias Fylaxeos,6a40fdad6658ecc8de7ebc00,2026-06-28,944,5,75.52,
METRO Express Agias Fylaxeos,6a40fc6642bd62aa11365f4a,2026-06-28,941,5,58,
METRO Express Platy,6a40f90ae076a6f22a35d70d,2026-06-28,692,4,51.78,
METRO Express Agias Fylaxeos,6a40ffcc1f10220f73e4bf3c,2026-06-28,949,5,24.03,
METRO Express Aglantzia,6a410374372ca6eb84d1ef9b,2026-06-28,848,5,56.9,
METRO Express Larnaca,6a4105a2215b2d3ad08c4f31,2026-06-28,338,5,37.99,
METRO Express Agias Fylaxeos,6a41019823cfa1c198babaf0,2026-06-28,951,4,68,
METRO Express Mouttagiaka,6a4104d58ca4d81c66e09bbb,2026-06-28,273,4,81.43,
METRO Express Larnaca,6a40ef2fc034260d27500b03,2026-06-28,303,4,17.08,
METRO Express Larnaca,6a40fedb55552ab60ce7edd9,2026-06-28,328,5,55.67,
METRO Express Agias Fylaxeos,6a41082d93f7eaad061de046,2026-06-28,962,5,65.03,
METRO Express Agias Fylaxeos,6a410957f1d2db47f733cc85,2026-06-28,964,5,9.08,
METRO Express Agias Fylaxeos,6a4109d2bf20166c5d57405a,2026-06-28,965,5,39.33,
METRO Express Paralimni,6a4114f0c066bfd82f2c851e,2026-06-28,035,5,32.96,
METRO Express Agias Fylaxeos,6a4115cfa9c4d9cf8ac9d685,2026-06-28,985,5,24.32,
METRO Express Mouttagiaka,6a411774f2b97185592daa35,2026-06-28,287,2,108.61,
METRO Express Aglantzia,6a4119473bfb9416e9741c91,2026-06-28,868,3,41.52,
METRO Express Paralimni,6a411f6211e6c0e36f05fbd4,2026-06-28,044,5,8.24,
METRO Express Larnaca,6a4112e874c8f224f055a7a9,2026-06-28,355,4,43.7,
METRO Express Agias Fylaxeos,6a411440d25c60e2756a5682,2026-06-28,980,4,57.91,
METRO Express Paralimni,6a4107c4b66bf85862efe40e,2026-06-28,023,5,87.39,
METRO Express Paralimni,6a41160a92cb794b4bf1b87b,2026-06-28,038,4,31.02,
METRO Express Larnaca,6a411de5f342851c2e19855c,2026-06-28,365,5,27.15,
METRO Express Strovolos,6a412590bd201422e598a410,2026-06-28,820,4,26.5,
METRO Express Strovolos,6a4123b1a9c4d9cf8ac9eb01,2026-06-28,818,5,60.33,
METRO Express Larnaca,6a41241027e1e4b88fba2f25,2026-06-28,373,5,23.27,
METRO Express Agias Fylaxeos,6a412ae2e206ce97e11f8e60,2026-06-28,017,5,23.12,
METRO Express Paralimni,6a412b143daae10d55ae32d2,2026-06-28,054,5,36.65,
METRO Express Paralimni,6a41294c073cfea815071639,2026-06-28,049,4,78.45,
METRO Express Mouttagiaka,6a41374baacb37d724a7a046,2026-06-28,313,2,27.92,
METRO Express Strovolos,6a4135e0f5c5bddde5c8c8ba,2026-06-28,838,5,30.58,
METRO Express Larnaca,6a41333d68dadb469f21db6b,2026-06-28,391,5,19.86,
METRO Express Paralimni,6a412b1c8457c41c80a56e54,2026-06-28,055,4,52.09,
METRO Express Mouttagiaka,6a413c79a4b0cefeb34bb296,2026-06-28,318,5,49.49,
METRO Express Strovolos,6a413a352ca0fdcc47478375,2026-06-28,845,5,25,
METRO Express Larnaca,6a413358560d025c2256088d,2026-06-28,393,5,48.39,
METRO Express Strovolos,6a41437b5d673ea3aa9f654b,2026-06-28,861,2,33.12,
METRO Express Paralimni,6a413fbcb04358612329e44e,2026-06-28,068,1,16.17,
METRO Express Paralimni,6a413215c8107c668612688a,2026-06-28,058,5,24.01,
METRO Express Agias Fylaxeos,6a4141fc6d6a4021cbbb7d3a,2026-06-28,073,5,23.79,
METRO Express Agias Fylaxeos,6a4143acc0a729a885875ef1,2026-06-28,074,3,32.21,
METRO Express Mouttagiaka,6a4147e69c8f58bab2ca3654,2026-06-28,331,5,65.36,
METRO Express Agias Fylaxeos,6a4146a822b747bde41f67da,2026-06-28,087,5,21.33,
METRO Express Aglantzia,6a414bf5e5569d5f5683a242,2026-06-28,924,5,7.97,
METRO Express Aglantzia,6a414bc80125ecbc30519f5a,2026-06-28,923,5,32.02,
METRO Express Mouttagiaka,6a4152a5bf470ba64030d995,2026-06-28,341,4,23.97,
METRO Express Larnaca,6a41510d06b6167a2eb00d5c,2026-06-28,419,5,50.7,
METRO Express Paralimni,6a4150fe5a74ab508b582156,2026-06-28,080,5,35.12,
METRO Express Paralimni,6a411e17557adf39d507f105,2026-06-29,043,5,19.38,
METRO Express Agias Fylaxeos,6a3e3803686c3e20a0b3ee17,2026-06-29,436,4,126.62,
METRO Express Paralimni,6a4205324a4288cda5c90f45,2026-06-29,091,1,47.63,
METRO Express Larnaca,6a42082ff47625abf0f03185,2026-06-29,432,5,92.42,
METRO Express Larnaca,6a4212ed72e55be4e73e7088,2026-06-29,443,4,58.25,
METRO Express Strovolos,6a420c28a77dcc9a1f24ebf0,2026-06-29,904,5,159.49,
METRO Express Paralimni,6a42153558196e7dba3cacc1,2026-06-29,097,4,32.11,
METRO Express Strovolos,6a42152fb539f3656b75b61f,2026-06-29,917,4,32.53,
METRO Express Aglantzia,6a4214cda666a38037a37009,2026-06-29,944,1,35.13,
METRO Express Paralimni,6a419f5850dfad012e453575,2026-06-29,084,3,44.43,
METRO Express Larnaca,6a421839a41a0327ad5bcf51,2026-06-29,450,4,25.2,
METRO Express Larnaca,6a420ea8a30212f29e3989d8,2026-06-29,436,1,73.06,
METRO Express Larnaca,6a421b1004f80be4b8893108,2026-06-29,453,3,40.98,
METRO Express Platy,6a4220cf10f44f00ea69ea77,2026-06-29,741,5,38.52,
METRO Express Mouttagiaka,6a4223f8c5e5407c9653d0e3,2026-06-29,374,5,239.39,
METRO Express Larnaca,6a42243cc52541ce58e6f62b,2026-06-29,465,5,40.28,
METRO Express Strovolos,6a42263b1ae519d13df81028,2026-06-29,932,5,84.72,
METRO Express Platy,6a422c1fb5a9c4aaacaaf087,2026-06-29,747,5,55.04,
METRO Express Aglantzia,6a422c1ad3d44c74bf87671e,2026-06-29,966,5,48.15,
METRO Express Larnaca,6a4233a09010fcae287766fe,2026-06-29,486,5,123.05,
METRO Express Agias Fylaxeos,6a42351232d0cad70a8faf5d,2026-06-29,189,5,26,
METRO Express Agias Fylaxeos,6a42365d773e78707b6d3e39,2026-06-29,191,5,52.34,
METRO Express Aglantzia,6a4235b8419c07066f1327ed,2026-06-29,977,5,57.68,
METRO Express Agias Fylaxeos,6a423292a3bf715b0f059c5b,2026-06-29,187,5,58.14,
METRO Express Mouttagiaka,6a422beaa3066cb11216950b,2026-06-29,389,5,46.81,
METRO Express Aglantzia,6a422f882472cac907d03008,2026-06-29,971,5,53.4,
METRO Express Aglantzia,6a4237e904f80be4b889644a,2026-06-29,980,5,36.27,
METRO Express Aglantzia,6a423e5f73b895903af6c466,2026-06-29,986,5,25.1,
METRO Express Larnaca,6a4235fe64e6e4e7e4d5ffe7,2026-06-29,490,5,49.5,
METRO Express Larnaca,6a423baba204c94838f3d53f,2026-06-29,501,4,55.52,
METRO Express Larnaca,6a41355a4b807342db14d254,2026-06-29,394,5,54.09,
METRO Express Mouttagiaka,6a424ca95caa6881b56bc240,2026-06-29,428,5,17.29,
METRO Express Mouttagiaka,6a424786c4a86ba94614c03a,2026-06-29,422,5,51.44,
METRO Express Agias Fylaxeos,6a4252a0a27806bb69362f39,2026-06-29,232,5,16.09,
METRO Express Mouttagiaka,6a425189ed6d585cd7873184,2026-06-29,432,5,34.03,
METRO Express Larnaca,6a42531da5c418aa9701f184,2026-06-29,529,5,39.49,
METRO Express Agias Fylaxeos,6a424fdf14c05d0611a0bc72,2026-06-29,230,5,119.84,
METRO Express Mouttagiaka,6a42569aa5f4f0989a284837,2026-06-29,439,5,61.92,
METRO Express Paralimni,6a42498858f51abca66c7587,2026-06-29,149,5,54.52,
METRO Express Paralimni,6a42524914c05d0611a0c11a,2026-06-29,162,5,196.3,
METRO Express Mouttagiaka,6a42597db53a632aa5eef134,2026-06-29,444,5,69.07,
METRO Express Aglantzia,6a4258c911371ae3e67e774d,2026-06-29,019,1,74.96,
METRO Express Platy,6a425b130c86bfadf68d15c9,2026-06-29,760,5,41.03,
METRO Express Mouttagiaka,6a42605d5164a9febeec2157,2026-06-29,452,5,40.96,
METRO Express Mouttagiaka,6a42641f1f361920f39c2dd2,2026-06-29,455,5,23.37,
METRO Express Mouttagiaka,6a4262ef74c046fadd56f2d4,2026-06-29,454,5,81.29,
METRO Express Mouttagiaka,6a425e1b917da2133340d8a9,2026-06-29,451,4,88.24,
METRO Express Larnaca,6a425ef24dabb5357f09513d,2026-06-29,545,3,39.11,
METRO Express Agias Fylaxeos,6a426ba7b2ceeb7fe4feab23,2026-06-29,259,5,35.86,
METRO Express Paralimni,6a426e171bca8d1662b2accd,2026-06-29,180,5,38.55,
METRO Express Larnaca,6a426e181b1502cf8f89b32d,2026-06-29,564,5,64.77,
METRO Express Larnaca,6a426f9ca5f4f0989a287045,2026-06-29,567,5,42.06,
METRO Express Mouttagiaka,6a42706113f3f5ae5d16894b,2026-06-29,478,5,86.66,
METRO Express Agias Fylaxeos,6a42784986836ff4657e6b6f,2026-06-29,277,5,34.99,
METRO Express Agias Fylaxeos,6a4278e0731b212609e32a3a,2026-06-29,280,5,66.38,
METRO Express Aglantzia,6a4284d2268a0c0253847d0d,2026-06-29,054,5,41.09,
METRO Express Aglantzia,6a428794617c87fc21f150cf,2026-06-29,057,5,40.3,
METRO Express Agias Fylaxeos,6a428331ccdfa5f1ed3fc340,2026-06-29,297,5,48.18,
METRO Express Mouttagiaka,6a428902eab87146df97b674,2026-06-29,489,5,47.84,
METRO Express Paralimni,6a42811cccdfa5f1ed3fc000,2026-06-29,197,5,70.2,
METRO Express Larnaca,6a4284789efbc179fdde5ba5,2026-06-29,598,5,36.59,
METRO Express Mouttagiaka,6a4291621efa4c2738346d5e,2026-06-29,494,4,35.6,
METRO Express Platy,6a42883e60b45327a04da4cf,2026-06-29,782,5,40.59,
METRO Express Mouttagiaka,6a42916e94aa297dab927fe4,2026-06-29,495,5,75.06,
METRO Express Agias Fylaxeos,6a42907eb8b79ae672eb6d6d,2026-06-29,313,5,34.78,
METRO Express Platy,6a426beab53a632aa5ef1046,2026-06-29,767,5,145.71,
METRO Express Paralimni,6a4282bc03b693da648e58c6,2026-06-29,201,4,48.62,
METRO Express Platy,6a429b95fc4f83b690f5ccc4,2026-06-29,789,5,34.95,
METRO Express Platy,6a429d4ff9d299de1538adef,2026-06-29,791,5,42.45,
METRO Express Agias Fylaxeos,6a4297e1fc4f83b690f5c5c7,2026-06-29,324,5,78.96,
METRO Express Paralimni,6a43427a2b7af3d397c8f6be,2026-06-30,230,5,48.03,
METRO Express Agias Fylaxeos,6a43563807b47f6dfc30182f,2026-06-30,357,5,49.07,
METRO Express Mouttagiaka,6a435341c28b5f2e1986e1e9,2026-06-30,518,5,32.87,
METRO Express Strovolos,6a429f8bef19a994ee289111,2026-06-30,054,3,87.42,
METRO Express Paralimni,6a436c0d98447dab229cff55,2026-06-30,251,5,20.68,
METRO Express Larnaca,6a43704a6bc586444cadbdc5,2026-06-30,658,4,19.29,
METRO Express Mouttagiaka,6a436676a481a3352114d8d4,2026-06-30,532,4,18.65,
METRO Express Paralimni,6a43631fb67ffb4bf65e8f70,2026-06-30,244,4,31.91,
METRO Express Agias Fylaxeos,6a43682be630e62d4141761b,2026-06-30,384,5,46.92,
METRO Express Aglantzia,6a4364cae421f058a9ced211,2026-06-30,101,5,73.3,
METRO Express Mouttagiaka,6a437dbfd009819aeccd3271,2026-06-30,558,5,33.28,
METRO Express Mouttagiaka,6a42b3b0b727641520f2dd6b,2026-06-30,511,4,45.3,
METRO Express Paralimni,6a437b9c0b7d1e8ecd160555,2026-06-30,263,4,66.46,
METRO Express Larnaca,6a43820180f6829e18a94159,2026-06-30,678,5,50.82,
METRO Express Larnaca,6a4384015e3145a8dbe7b903,2026-06-30,682,5,36.02,
METRO Express Paralimni,6a437fc4ff63da514a8338eb,2026-06-30,267,1,28.25,
METRO Express Mouttagiaka,6a438631b06ec620438e31a8,2026-06-30,565,5,38.44,
METRO Express Larnaca,6a4386b0748a1023c577dd25,2026-06-30,691,5,54.66,
METRO Express Strovolos,6a4376301d22677eb1b7cdbc,2026-06-30,099,5,182.03,
METRO Express Mouttagiaka,6a438931d42ffeadbf2f2174,2026-06-30,570,4,38.55,
METRO Express Strovolos,6a43895c48373a3d2815364a,2026-06-30,109,5,45.22,
METRO Express Larnaca,6a437eb093ae912eb87f9f11,2026-06-30,675,4,24.74,
METRO Express Mouttagiaka,6a438b4b58f594a591db26f5,2026-06-30,573,5,18.76,
METRO Express Aglantzia,6a438aa10505bbaf40afe46c,2026-06-30,137,5,37.15,
METRO Express Larnaca,6a438e411efd961426619460,2026-06-30,702,5,19.75,
METRO Express Agias Fylaxeos,6a4392be98c49ab427b1de8f,2026-06-30,435,5,64.14,
METRO Express Mouttagiaka,6a43906183a3b36e2c738ebb,2026-06-30,578,5,55.29,
METRO Express Paralimni,6a4385076282f14d055e0ec6,2026-06-30,271,5,55.81,
METRO Express Agias Fylaxeos,6a4297982d8622021fb642b5,2026-06-30,323,5,31.43,
METRO Express Agias Fylaxeos,6a438de7f6788bdf93bb564b,2026-06-30,429,5,32.74,
METRO Express Mouttagiaka,6a43930ae08547880e148cdd,2026-06-30,583,5,84.52,
METRO Express Mouttagiaka,6a4398616daa2e7927978474,2026-06-30,593,5,38.19,
METRO Express Larnaca,6a4397f0fdb9a170f523d6cd,2026-06-30,714,4,36.11,
METRO Express Paralimni,6a439722d26f7657e86c23b2,2026-06-30,287,5,89.99,
METRO Express Larnaca,6a439a85e791ab50eda7ad79,2026-06-30,718,5,73.33,
METRO Express Larnaca,6a43902b6daa2e792797779a,2026-06-30,704,1,115.2,
METRO Express Mouttagiaka,6a43a3132cbe5f854e73ee5e,2026-06-30,602,5,26.46,
METRO Express Mouttagiaka,6a43a8ee7fa4a321e50e8dec,2026-06-30,607,5,34.37,
METRO Express Agias Fylaxeos,6a439dd2d834cfa8230fe671,2026-06-30,453,5,43.56,
METRO Express Paralimni,6a43a3578241b3d0b8b2899c,2026-06-30,298,4,78.08,
METRO Express Paralimni,6a43a6009fc3ab71bd5a90b1,2026-06-30,302,5,170.17,
METRO Express Agias Fylaxeos,6a43ab847f9e6a93bc0f5a80,2026-06-30,470,5,97.13,
METRO Express Mouttagiaka,6a43a3a705e9ae6960debd20,2026-06-30,603,4,29.58,
METRO Express Agias Fylaxeos,6a43ae41ed8ee3ff99c537de,2026-06-30,475,5,36.55,
METRO Express Paralimni,6a43a00822882a279c1aa92e,2026-06-30,294,4,77.85,
METRO Express Agias Fylaxeos,6a43b5233367010b28fe0bf0,2026-06-30,486,5,26.15,
METRO Express Paralimni,6a43ba6b79604975b80e72c0,2026-06-30,323,5,14.44,
METRO Express Larnaca,6a43b0112ee76eded26726c3,2026-06-30,760,5,96.99,
METRO Express Aglantzia,6a43bb3e4e95a9a9661c4312,2026-06-30,172,5,47.23,
METRO Express Strovolos,6a43bec4ad7ba3485351fec6,2026-06-30,151,5,52.51,
METRO Express Strovolos,6a43c1c43b679ff013db0b20,2026-06-30,155,5,37.36,
METRO Express Paralimni,6a43b58fe6a1cf1a09f8f3da,2026-06-30,316,5,104.36,
METRO Express Aglantzia,6a43bc16e2bb13490d1c7c1f,2026-06-30,174,5,17.67,
METRO Express Platy,6a43c6dffbd60efedf5b6084,2026-06-30,856,5,42.33,
METRO Express Larnaca,6a43b606c66659c1bdfc1b73,2026-06-30,770,5,152.99,
METRO Express Agias Fylaxeos,6a43ac04cde9633e9b871b0c,2026-06-30,471,4,37.82,
METRO Express Paralimni,6a43cc5b55719509887514ea,2026-06-30,335,5,39.6,
METRO Express Paralimni,6a43b945abfbc9012b3d342f,2026-06-30,321,5,97.48,
METRO Express Aglantzia,6a43d1ca288de8f35a75a855,2026-06-30,189,5,39.26,
METRO Express Larnaca,6a4379d2bf5485710d206f9e,2026-06-30,672,1,272.19,
METRO Express Strovolos,6a43d38b8a1c5224f0f16920,2026-06-30,179,5,58.12,
METRO Express Paralimni,6a43d12f628f0b30dffa7b26,2026-06-30,338,5,53.46,
METRO Express Strovolos,6a43d7bad74af12d96434b0e,2026-06-30,183,5,37.37,
METRO Express Larnaca,6a43be9f83b9a469be60f188,2026-06-30,784,5,44.4,
METRO Express Aglantzia,6a43dc6e37e1b19adae37ab5,2026-06-30,200,5,59.67,
METRO Express Strovolos,6a43e1aa8ed34486c4ebcc06,2026-06-30,193,5,50.1,
METRO Express Paralimni,6a43d8c4ec500dbf5079fd0d,2026-06-30,344,5,205.14,
METRO Express Mouttagiaka,6a43d2d1062fa434f61f612c,2026-06-30,660,5,41.63,
METRO Express Strovolos,6a43e1eac52fa0a8e9ee67e3,2026-06-30,194,5,37.87,
METRO Express Platy,6a43e384fe0fa8a46505972e,2026-06-30,865,5,47.95,
METRO Express Strovolos,6a43e7e42901b13b8457b0a3,2026-06-30,201,5,31.95,
METRO Express Agias Fylaxeos,6a43e0a5e39cb407f068c4f2,2026-06-30,553,5,54.49,
METRO Express Larnaca,6a43ea1c49a4489343e8b1ef,2026-06-30,821,4,27.01,
METRO Express Paralimni,6a43f2898b7313f85a515a09,2026-06-30,368,5,14.86,
METRO Express Aglantzia,6a43ed62005d09ad9b9f6f5d,2026-06-30,212,4,54.9,
METRO Express Strovolos,6a43ed2a79daa1a10573b259,2026-06-30,211,5,66.21,
METRO Express Agias Fylaxeos,6a43f4059e15da593cd89a05,2026-06-30,566,5,20.55,
METRO Express Paralimni,6a43ef5aff8f6ddddab43f55,2026-06-30,365,5,74.41,
